email,signup_date,status,acquisition_source,last_open_date
aaron.moore592@yahoo.com,2026-09-11,unsubscribed,Instagram,2026-09-17
julia.peterson914@icloud.com,2026-08-11,active,Google,2026-09-24
megan.walker638@hotmail.com,2026-09-07,active,Instagram,2026-09-22
sam.mitchell35@gmail.com,2026-08-12,active,Google,
ruth.murphy928@gmail.com,2026-07-20,active,Instagram,
eli.mitchell678@outlook.com,2026-07-28,active,Facebook,2026-09-13
hope.moore904@outlook.com,2026-07-09,active,Facebook,2026-07-25
david.anderson895@gmail.com,2026-09-21,unsubscribed,Instagram,
emily.bailey870@gmail.com,2026-07-17,active,Referral,2026-09-01
hannah.parker549@gmail.com,2026-08-02,active,Podcast,
matthew.mitchell253@icloud.com,2026-08-02,active,Facebook,2026-09-25
paul.turner287@yahoo.com,2026-07-21,active,Google,2026-08-23
chloe.scott301@gmail.com,2026-09-12,active,Google,2026-09-27
sam.davis638@hotmail.com,2026-09-22,unsubscribed,Instagram,
hope.hall130@gmail.com,2026-07-30,active,Referral,2026-09-23
naomi.mitchell501@protonmail.com,2026-07-26,active,Instagram,2026-09-17
hope.green61@gmail.com,2026-07-15,active,Direct,2026-09-21
michael.king881@gmail.com,2026-08-25,active,Podcast,2026-09-17
noah.edwards825@gmail.com,2026-09-08,active,Direct,2026-09-16
emily.miller827@gmail.com,2026-07-04,active,Instagram,2026-09-04
mark.turner935@outlook.com,2026-09-12,active,Google,2026-09-26
mary.clark592@yahoo.com,2026-08-04,active,Instagram,2026-08-15
emily.hill455@hotmail.com,2026-08-13,active,Instagram,2026-09-23
paul.davis106@gmail.com,2026-08-05,active,Facebook,2026-08-18
seth.bell413@gmail.com,2026-08-08,active,Referral,2026-09-04
julia.miller524@protonmail.com,2026-09-11,active,Referral,2026-09-13
mark.mitchell299@gmail.com,2026-07-21,active,Instagram,2026-08-25
grace.lewis308@protonmail.com,2026-09-19,active,Podcast,2026-09-25
james.stewart472@gmail.com,2026-07-29,active,Facebook,2026-09-07
aaron.anderson497@gmail.com,2026-09-10,active,Referral,2026-09-22
lydia.bailey675@gmail.com,2026-09-28,active,Referral,2026-09-28
seth.garcia604@yahoo.com,2026-08-04,active,Referral,2026-09-03
olivia.king772@gmail.com,2026-09-23,active,Facebook,2026-09-24
andrew.murphy825@gmail.com,2026-08-14,active,X,2026-09-11
julia.wilson479@hotmail.com,2026-08-13,active,Referral,2026-08-30
david.murphy885@gmail.com,2026-08-29,active,Google,2026-08-31
olivia.bell296@gmail.com,2026-09-06,active,Direct,2026-09-28
ellie.mitchell861@outlook.com,2026-08-28,active,Referral,
joshua.cook640@hotmail.com,2026-08-02,active,Google,2026-09-26
mary.bailey913@protonmail.com,2026-08-03,active,Facebook,2026-09-16
naomi.nelson324@gmail.com,2026-08-07,active,Podcast,
isaac.young401@hotmail.com,2026-08-31,active,X,2026-09-21
ben.murphy388@gmail.com,2026-08-27,active,Podcast,
hannah.smith561@gmail.com,2026-09-18,active,Facebook,2026-09-19
naomi.scott371@gmail.com,2026-07-30,active,Google,2026-08-31
leah.williams147@gmail.com,2026-09-05,active,Instagram,
ellie.rogers716@gmail.com,2026-08-21,active,Instagram,
ben.peterson48@gmail.com,2026-09-02,active,Instagram,2026-09-13
sarah.thomas152@gmail.com,2026-09-02,active,Facebook,2026-09-16
faith.edwards193@gmail.com,2026-07-14,active,Instagram,2026-09-18
caleb.thomas39@gmail.com,2026-07-26,active,X,2026-09-09
naomi.moore644@gmail.com,2026-07-31,active,Google,2026-09-05
ellie.allen174@gmail.com,2026-08-29,active,Referral,2026-09-10
olivia.collins447@icloud.com,2026-09-02,active,X,2026-09-09
  zoe.allen235@gmail.com ,2026-09-02,active,Podcast,2026-09-15
john.parker495@gmail.com,2026-07-11,active,Google,2026-09-24
hope.hill188@outlook.com,2026-08-04,active,Referral,2026-09-10
grace.morris615@gmail.com,2026-09-15,unsubscribed,Instagram,
zoe.carter308@hotmail.com,2026-08-10,active,Instagram,2026-09-16
peter.allen393@gmail.com,2026-07-11,active,Google,2026-09-08
abigail.king249@gmail.com,2026-07-23,active,Referral,2026-09-04
john.allen855@hotmail.com,2026-07-30,active,Referral,2026-08-30
matthew.lewis976@gmail.com,2026-09-19,active,Podcast,
noah.carter974@gmail.com,2026-08-10,active,Facebook,
olivia.morris879@gmail.com,2026-07-30,active,Referral,2026-09-02
ellie.lee475@gmail.com,2026-08-14,unsubscribed,Direct,
esther.mitchell620@gmail.com,2026-07-03,active,Instagram,2026-09-26
mark.phillips171@gmail.com,2026-07-16,active,Instagram,2026-08-07
chloe.reed603@yahoo.com,2026-08-12,active,Instagram,2026-09-20
aaron.lewis928@protonmail.com,2026-07-09,active,Referral,2026-09-15
seth.peterson255@gmail.com,2026-09-03,unsubscribed,X,
mary.roberts107@gmail.com,2026-08-24,active,Referral,2026-09-07
ruth.anderson222@hotmail.com,2026-08-14,active,Instagram,2026-09-13
peter.anderson148@gmail.com,2026-08-22,active,Referral,2026-09-06
noah.williams797@gmail.com,2026-08-16,active,Referral,2026-08-27
david.carter105@gmail.com,2026-08-14,active,Instagram,2026-09-17
aaron.lewis38@protonmail.com,2026-07-19,active,Facebook,2026-08-20
noah.green997@gmail.com,2026-08-20,active,Referral,2026-09-22
noah.morris521@gmail.com,2026-08-10,active,Podcast,2026-09-03
peter.smith844@gmail.com,2026-07-22,unsubscribed,Direct,2026-09-27
laura.adams651@hotmail.com,2026-08-01,active,Google,2026-09-15
naomi.phillips799@gmail.com,2026-09-22,active,Instagram,
mary.roberts452@outlook.com,2026-08-28,active,Facebook,
Julia.stewart252@protonmail.com,2026-07-29,active,Referral,2026-09-12
peter.carter759@yahoo.com,2026-07-29,active,X,2026-09-27
joy.collins812@yahoo.com,2026-07-19,active,Google,2026-08-31
Faith.Thomas60@Protonmail.Com,2026-09-14,unsubscribed,Referral,2026-09-15
anna.roberts929@protonmail.com,2026-07-24,active,Instagram,2026-07-31
claire.morgan510@gmail.com,2026-09-28,active,Referral,
matthew.lewis63@gmail.com,2026-09-24,active,Facebook,2026-09-26
claire.johnson795@gmail.com,2026-07-23,active,Referral,2026-09-16
zoe.young106@icloud.com,2026-08-31,active,Facebook,2026-09-08
julia.nelson41@protonmail.com,2026-08-07,active,Facebook,2026-09-06
esther.rogers221@gmail.com,2026-08-13,active,Direct,2026-09-28
james.lewis941@gmail.com,2026-09-19,unsubscribed,Instagram,
anna.bailey23@outlook.com,2026-09-17,active,Google,2026-09-22
david.phillips489@gmail.com,2026-09-07,active,X,2026-09-19
john.parker63@gmail.com,2026-09-10,active,Referral,2026-09-12
john.turner735@gmail.com,2026-07-06,unsubscribed,Direct,
abigail.bell556@gmail.com,2026-08-02,active,Google,2026-09-11
sam.allen844@gmail.com,2026-08-07,active,Instagram,2026-09-16
chloe.johnson936@gmail.com,2026-09-01,active,Instagram,
mark.anderson469@gmail.com,2026-08-04,active,Referral,2026-08-06
john.green321@gmail.com,2026-09-14,active,Instagram,2026-09-25
laura.reed979@icloud.com,2026-07-22,unsubscribed,Instagram,
claire.lee280@yahoo.com,2026-08-17,active,Instagram,2026-09-21
aaron.jones671@yahoo.com,2026-08-18,active,Instagram,
jacob.johnson313@icloud.com,2026-09-20,active,Referral,2026-09-20
nathan.parker131@icloud.com,2026-07-10,active,Referral,2026-09-02
matthew.walker443@gmail.com,2026-07-15,active,Direct,2026-08-03
emily.king609@hotmail.com,2026-09-25,active,Referral,2026-09-28
laura.garcia816@gmail.com,2026-09-26,active,Instagram,2026-09-26
lydia.reed778@protonmail.com,2026-08-14,active,Podcast,2026-08-30
olivia.roberts119@gmail.com,2026-07-23,active,Google,2026-09-14
james.lewis393@gmail.com,2026-08-13,active,X,2026-09-26
hope.cooper942@gmail.com,2026-08-13,active,Referral,
naomi.turner854@gmail.com,2026-07-30,active,Facebook,2026-09-14
Zoe.Evans326@Protonmail.Com,2026-08-20,active,Instagram,2026-09-10
sam.collins761@gmail.com,2026-09-24,active,Referral,2026-09-26
andrew.hill633@gmail.com,2026-09-18,active,Podcast,2026-09-19
faith.young990@icloud.com,2026-07-06,active,Instagram,2026-09-27
ellie.peterson400@hotmail.com,2026-09-04,active,Facebook,2026-09-17
paul.peterson445@gmail.com,2026-07-15,active,Referral,2026-09-07
peter.morris9@gmail.com,2026-07-14,active,Google,2026-08-09
andrew.mitchell778@gmail.com,2026-08-21,active,Facebook,2026-09-02
lydia.campbell221@yahoo.com,2026-07-06,active,Google,2026-09-17
david.wright814@gmail.com,2026-08-16,active,Google,
ben.parker354@gmail.com,2026-08-06,active,Instagram,2026-08-15
sarah.roberts502@outlook.com,2026-07-20,active,Podcast,2026-07-26
josiah.peterson614@yahoo.com,2026-08-25,active,Facebook,2026-08-30
mary.king827@yahoo.com,2026-07-27,active,Referral,2026-09-02
ben.reed268@gmail.com,2026-09-17,active,Facebook,2026-09-19
megan.morris321@hotmail.com,2026-08-07,active,Google,
luke.green86@hotmail.com,2026-09-08,active,Referral,2026-09-13
james.allen254@gmail.com,2026-08-17,active,Facebook,2026-09-02
paul.clark968@gmail.com,2026-07-17,active,Google,2026-09-22
abigail.mitchell113@gmail.com,2026-09-18,active,Instagram,2026-09-24
joy.williams119@gmail.com,2026-07-30,active,Google,2026-09-08
olivia.stewart125@yahoo.com,2026-08-25,active,Google,2026-09-11
leah.carter263@icloud.com,2026-09-13,active,Facebook,2026-09-14
peter.evans520@outlook.com,2026-09-17,unsubscribed,X,
david.mitchell774@outlook.com,2026-09-26,active,Direct,2026-09-27
abigail.edwards855@gmail.com,2026-08-25,active,Facebook,2026-09-06
mary.johnson912@icloud.com,2026-08-27,active,Facebook,2026-09-21
julia.nelson649@yahoo.com,2026-08-09,unsubscribed,Referral,
mark.cooper888@gmail.com,2026-07-04,active,Facebook,
isaac.nelson309@gmail.com,2026-08-10,active,Direct,2026-08-31
abigail.jones277@gmail.com,2026-08-21,active,Instagram,2026-09-03
eli.scott714@gmail.com,2026-07-09,active,Facebook,
grace.wilson206@gmail.com,2026-08-09,active,Google,2026-09-07
matthew.clark964@gmail.com,2026-09-03,active,Referral,
seth.hall181@gmail.com,2026-07-09,active,Facebook,2026-09-24
josiah.allen156@gmail.com,2026-08-13,active,Instagram,2026-09-06
esther.brown884@outlook.com,2026-07-29,active,Direct,2026-09-06
eli.roberts533@protonmail.com,2026-08-18,active,Referral,2026-09-13
olivia.campbell867@gmail.com,2026-09-07,active,Referral,2026-09-11
mary.mitchell224@gmail.com,2026-07-17,unsubscribed,Direct,2026-07-17
david.wilson156@gmail.com,2026-08-20,unsubscribed,Instagram,2026-09-06
zoe.evans431@gmail.com,2026-07-24,unsubscribed,Podcast,2026-08-23
eli.smith909@gmail.com,2026-09-10,active,Google,2026-09-24
anna.johnson327@hotmail.com,2026-07-22,active,Instagram,2026-09-21
grace.edwards957@gmail.com,2026-09-20,active,Referral,2026-09-28
eli.morris473@icloud.com,2026-07-18,active,Facebook,2026-09-24
  luke.parker999@gmail.com ,2026-08-08,active,X,2026-09-14
emily.roberts533@protonmail.com,2026-09-27,active,Referral,2026-09-27
ruth.campbell336@gmail.com,2026-08-08,active,Podcast,2026-09-11
ellie.williams33@hotmail.com,2026-08-02,active,X,2026-08-15
olivia.bell848@gmail.com,2026-08-14,active,Instagram,2026-09-24
sarah.parker440@gmail.com,2026-08-31,unsubscribed,Facebook,2026-09-22
sam.green385@gmail.com,2026-08-06,active,Instagram,2026-09-20
rachel.campbell272@gmail.com,2026-08-03,active,Instagram,2026-09-25
matthew.lewis975@gmail.com,2026-07-08,active,Facebook,2026-08-30
sarah.scott4@yahoo.com,2026-07-09,active,Facebook,2026-09-03
claire.king651@hotmail.com,2026-08-03,active,X,2026-08-08
abigail.scott463@gmail.com,2026-07-21,active,Referral,
joy.green738@gmail.com,2026-08-08,unsubscribed,Google,2026-08-31
eli.peterson647@outlook.com,2026-09-15,active,Facebook,2026-09-23
ruth.clark938@icloud.com,2026-07-01,active,Google,2026-09-12
megan.scott841@gmail.com,2026-08-20,active,Instagram,2026-09-24
faith.wilson277@gmail.com,2026-09-19,active,Direct,2026-09-19
josiah.phillips747@hotmail.com,2026-09-02,unsubscribed,Referral,2026-09-19
naomi.peterson348@gmail.com,2026-07-25,active,Instagram,2026-09-12
sam.king944@gmail.com,2026-07-10,active,Instagram,2026-09-26
kate.wright868@outlook.com,2026-07-26,active,Referral,
megan.stewart393@yahoo.com,2026-08-26,unsubscribed,Google,
hope.roberts249@hotmail.com,2026-08-18,active,Instagram,2026-09-22
claire.cooper866@gmail.com,2026-09-20,active,Instagram,2026-09-20
john.bell768@gmail.com,2026-09-24,active,Podcast,2026-09-27
noah.thomas530@yahoo.com,2026-08-28,active,Google,2026-09-10
faith.cooper843@gmail.com,2026-08-17,unsubscribed,Instagram,2026-09-02
luke.martin315@icloud.com,2026-07-30,active,Facebook,2026-09-27
matthew.wright733@gmail.com,2026-07-20,unsubscribed,Facebook,
claire.scott814@yahoo.com,2026-07-02,active,Direct,2026-09-04
john.hill91@gmail.com,2026-07-25,active,Facebook,2026-07-25
josiah.walker642@gmail.com,2026-09-21,active,Instagram,2026-09-21
naomi.hall780@outlook.com,2026-08-13,active,Instagram,
nathan.murphy912@gmail.com,2026-07-29,active,Instagram,2026-09-02
olivia.lee22@gmail.com,2026-07-03,active,X,2026-09-17
peter.johnson797@gmail.com,2026-07-24,unsubscribed,Referral,2026-09-12
sarah.king253@protonmail.com,2026-09-26,active,Google,2026-09-26
michael.lewis405@outlook.com,2026-07-15,active,X,2026-08-31
seth.lee300@gmail.com,2026-07-27,active,Instagram,2026-09-23
megan.nelson752@gmail.com,2026-07-07,active,Podcast,2026-09-10
leah.williams560@gmail.com,2026-08-02,active,Instagram,2026-08-29
anna.garcia371@gmail.com,2026-07-04,active,Instagram,2026-09-03
daniel.anderson222@outlook.com,2026-07-28,active,Instagram,2026-09-07
joshua.bailey551@gmail.com,2026-09-09,unsubscribed,Instagram,2026-09-26
tim.garcia682@gmail.com,2026-09-28,active,Google,2026-09-28
mary.baker495@protonmail.com,2026-08-12,active,Podcast,2026-09-04
ellie.roberts259@yahoo.com,2026-07-31,active,Direct,2026-09-26
claire.davis274@hotmail.com,2026-07-29,active,Google,
josiah.collins314@gmail.com,2026-07-07,active,Instagram,2026-09-03
ben.evans670@gmail.com,2026-07-25,active,Google,2026-09-20
noah.bailey254@protonmail.com,2026-07-27,active,X,2026-09-20
luke.walker190@outlook.com,2026-09-28,active,Referral,2026-09-28
luke.davis359@icloud.com,2026-08-05,active,Instagram,2026-09-28
leah.stewart227@gmail.com,2026-07-13,active,Referral,2026-09-19
ben.wright327@outlook.com,2026-08-11,active,Referral,2026-09-12
ellie.martin265@gmail.com,2026-08-15,active,Facebook,
aaron.wilson34@hotmail.com,2026-08-29,active,Google,2026-09-12
chloe.evans700@gmail.com,2026-07-29,unsubscribed,Instagram,
hope.davis2@gmail.com,2026-08-16,active,Instagram,2026-08-16
caleb.young317@yahoo.com,2026-09-23,active,Google,2026-09-23
kate.adams194@hotmail.com,2026-09-12,active,Facebook,2026-09-16
chloe.campbell145@hotmail.com,2026-09-17,active,Facebook,
anna.turner676@gmail.com,2026-09-24,active,Direct,2026-09-27
ruth.walker182@gmail.com,2026-07-14,unsubscribed,Google,2026-09-11
emily.wright181@yahoo.com,2026-09-17,active,Instagram,2026-09-28
zoe.baker795@gmail.com,2026-09-24,active,Facebook,2026-09-28
hannah.miller349@hotmail.com,2026-07-19,unsubscribed,Direct,
andrew.evans736@gmail.com,2026-08-28,active,Facebook,
anna.evans672@gmail.com,2026-07-02,active,Podcast,2026-09-22
leah.bell636@gmail.com,2026-08-01,active,Direct,2026-08-19
,,,,
naomi.thomas843@icloud.com,2026-08-28,active,Instagram,2026-09-18
megan.rogers547@gmail.com,2026-07-07,active,Instagram,2026-09-05
paul.garcia558@gmail.com,2026-08-28,active,Instagram,
  peter.hall723@hotmail.com ,2026-07-28,active,Direct,2026-09-27
john.peterson79@gmail.com,2026-09-28,active,X,2026-09-28
hannah.martin827@protonmail.com,2026-09-03,active,Referral,2026-09-11
james.parker334@gmail.com,2026-08-14,active,Instagram,2026-09-19
ben.clark591@gmail.com,2026-07-28,active,Instagram,2026-09-11
joy.rogers18@gmail.com,2026-09-07,active,Referral,2026-09-20
matthew.murphy33@gmail.com,2026-09-06,active,Facebook,2026-09-27
olivia.garcia555@hotmail.com,2026-08-14,active,Instagram,2026-08-30
josiah.king641@gmail.com,2026-08-16,unsubscribed,Direct,
lydia.williams998@gmail.com,2026-08-23,active,Facebook,2026-09-16
josiah.moore799@yahoo.com,2026-07-19,active,Instagram,2026-09-27
rachel.cook734@gmail.com,2026-07-24,active,Facebook,2026-09-14
laura.murphy900@gmail.com,2026-07-08,active,Facebook,2026-09-26
eli.morgan955@hotmail.com,2026-07-07,active,X,
abigail.martin107@outlook.com,2026-07-03,active,Referral,
luke.baker129@protonmail.com,2026-08-04,unsubscribed,Instagram,
sarah.taylor812@gmail.com,2026-08-27,active,Direct,2026-09-21
matthew.taylor520@gmail.com,2026-07-27,active,Referral,2026-08-27
zoe.miller375@icloud.com,2026-09-21,active,Facebook,2026-09-24
esther.cook562@yahoo.com,2026-09-15,unsubscribed,Referral,
aaron.parker667@protonmail.com,2026-07-22,active,Instagram,2026-08-30
ellie.nelson225@gmail.com,2026-09-17,active,Direct,
sam.clark184@hotmail.com,2026-09-10,active,Referral,2026-09-23
paul.thomas157@icloud.com,2026-07-19,active,Facebook,2026-09-12
rachel.johnson336@gmail.com,2026-07-22,active,Instagram,2026-09-22
chloe.wright632@icloud.com,2026-09-10,active,Instagram,2026-09-13
esther.phillips337@gmail.com,2026-09-28,active,Instagram,
jacob.taylor711@gmail.com,2026-09-26,active,Instagram,2026-09-27
ellie.wright28@gmail.com,2026-09-24,active,Referral,2026-09-28
ruth.johnson566@icloud.com,2026-07-11,active,X,2026-09-08
aaron.cook618@yahoo.com,2026-08-17,active,Referral,2026-09-11
naomi.brown563@gmail.com,2026-09-08,unsubscribed,Referral,
luke.adams89@hotmail.com,2026-09-12,active,Podcast,
ben.davis473@icloud.com,2026-09-22,active,Referral,2026-09-22
esther.edwards998@gmail.com,2026-08-06,active,Direct,2026-09-03
michael.nelson904@gmail.com,2026-07-09,unsubscribed,Facebook,2026-09-28
chloe.jones956@hotmail.com,2026-09-12,active,Facebook,2026-09-22
grace.taylor281@gmail.com,2026-07-02,active,Google,
mark.thomas173@protonmail.com,2026-07-03,active,Referral,2026-09-12
rachel.lee103@gmail.com,2026-08-09,active,Direct,2026-09-15
tim.taylor742@gmail.com,2026-07-05,active,Referral,2026-09-08
kate.nelson859@hotmail.com,2026-08-16,active,Referral,2026-08-25
emily.cook218@protonmail.com,2026-09-01,unsubscribed,Google,
eli.wilson336@hotmail.com,2026-08-08,active,Referral,2026-09-24
peter.roberts450@gmail.com,2026-07-20,unsubscribed,Podcast,
tim.brown362@gmail.com,2026-07-07,active,Facebook,2026-09-24
aaron.allen153@gmail.com,2026-09-05,active,Facebook,2026-09-06
faith.scott580@gmail.com,2026-08-12,active,Instagram,2026-09-17
lydia.hill22@gmail.com,2026-07-02,active,Facebook,2026-09-15
andrew.rogers751@gmail.com,2026-09-02,active,Referral,
emily.green827@gmail.com,2026-07-25,active,Instagram,2026-09-04
isaac.nelson536@gmail.com,2026-07-12,active,Instagram,2026-09-06
megan.martin370@yahoo.com,2026-08-08,active,Google,2026-09-06
hannah.brown458@hotmail.com,2026-08-17,active,Podcast,2026-09-11
isaac.garcia466@gmail.com,2026-09-04,active,Direct,2026-09-22
sam.martin247@yahoo.com,2026-08-28,active,Google,2026-08-29
caleb.murphy989@gmail.com,2026-09-23,unsubscribed,Podcast,2026-09-25
seth.jones677@icloud.com,2026-09-13,active,Referral,2026-09-25
noah.taylor800@gmail.com,2026-07-27,active,X,2026-08-21
joy.campbell123@yahoo.com,2026-07-04,active,Referral,2026-09-11
leah.lee970@outlook.com,2026-07-06,active,Google,
seth.moore300@protonmail.com,2026-08-11,active,Referral,
eli.hall416@gmail.com,2026-07-08,active,Referral,2026-09-13
paul.clark833@gmail.com,2026-07-08,active,Instagram,2026-09-15
nathan.clark539@gmail.com,2026-09-27,active,Google,2026-09-27
josiah.turner212@protonmail.com,2026-09-04,unsubscribed,Referral,
aaron.cook500@gmail.com,2026-07-01,active,Google,
michael.allen966@gmail.com,2026-08-18,active,Podcast,2026-09-18
caleb.green577@gmail.com,2026-07-30,active,Google,2026-08-14
joshua.smith803@gmail.com,2026-07-22,unsubscribed,Instagram,
kate.hall556@outlook.com,2026-07-19,active,Google,2026-08-15
caleb.campbell44@yahoo.com,2026-08-13,active,Instagram,2026-09-02
joy.brown294@gmail.com,2026-07-09,active,Google,2026-09-17
zoe.campbell846@gmail.com,2026-08-14,active,Google,
aaron.martin194@protonmail.com,2026-08-16,active,Referral,
kate.phillips126@gmail.com,2026-08-16,active,Podcast,2026-09-09
michael.edwards537@gmail.com,2026-07-24,active,Direct,2026-08-19
ellie.green359@hotmail.com,2026-09-17,unsubscribed,Direct,2026-09-20
ellie.stewart798@protonmail.com,2026-09-22,active,Referral,
tim.bell575@gmail.com,2026-07-09,active,Direct,2026-09-27
andrew.davis602@hotmail.com,2026-08-29,active,Facebook,2026-09-04
peter.davis773@hotmail.com,2026-07-29,unsubscribed,Facebook,2026-09-22
joshua.garcia856@gmail.com,2026-07-16,active,Referral,2026-09-13
paul.brown992@gmail.com,2026-08-28,active,Facebook,2026-09-22
mary.peterson608@gmail.com,2026-08-17,active,Facebook,2026-09-24
caleb.parker503@gmail.com,2026-09-01,active,Facebook,2026-09-21
matthew.bell374@protonmail.com,2026-09-16,active,Instagram,2026-09-25
zoe.edwards140@gmail.com,2026-08-01,unsubscribed,Google,
chloe.allen244@outlook.com,2026-09-22,unsubscribed,Podcast,2026-09-25
andrew.lee133@gmail.com,2026-08-11,active,Referral,2026-09-18
ben.stewart700@gmail.com,2026-08-18,active,Google,2026-09-11
nathan.lee359@gmail.com,2026-07-28,active,Podcast,2026-09-03
joshua.carter647@gmail.com,2026-09-24,active,X,2026-09-24
isaac.wright563@gmail.com,2026-07-27,unsubscribed,Instagram,2026-09-14
rachel.young152@gmail.com,2026-09-08,unsubscribed,Facebook,
zoe.murphy915@protonmail.com,2026-08-30,active,Referral,2026-09-21
james.bell654@icloud.com,2026-08-06,active,Direct,
olivia.martin883@protonmail.com,2026-09-23,active,Facebook,
paul.murphy919@gmail.com,2026-07-05,active,Instagram,2026-09-24
grace.stewart599@gmail.com,2026-08-30,active,Facebook,2026-09-13
josiah.taylor426@icloud.com,2026-08-22,active,Referral,2026-09-15
ben.williams310@gmail.com,2026-07-22,active,Facebook,2026-09-20
ruth.edwards869@gmail.com,2026-07-26,active,Referral,2026-09-23
chloe.rogers304@gmail.com,2026-08-22,active,Facebook,2026-09-14
luke.murphy384@hotmail.com,2026-09-09,active,Instagram,2026-09-26
john.clark945@icloud.com,2026-07-30,active,Facebook,2026-09-16
lydia.baker396@hotmail.com,2026-09-14,active,Referral,2026-09-21
eli.baker53@gmail.com,2026-07-01,active,Instagram,2026-09-22
caleb.peterson383@gmail.com,2026-09-25,active,Facebook,2026-09-25
kate.campbell116@hotmail.com,2026-07-12,active,Facebook,2026-09-01
faith.edwards135@gmail.com,2026-09-03,active,Instagram,2026-09-22
luke.davis728@gmail.com,2026-08-18,active,Instagram,2026-09-18
anna.young561@gmail.com,2026-09-04,active,Instagram,
matthew.miller970@icloud.com,2026-07-26,active,Direct,2026-09-01
olivia.campbell580@outlook.com,2026-07-30,active,Instagram,2026-09-09
Josiah.Turner212@Protonmail.Com,2026-09-04,unsubscribed,Referral,
david.murphy868@gmail.com,2026-09-22,active,Instagram,2026-09-27
caleb.miller357@icloud.com,2026-09-02,active,Facebook,2026-09-21
eli.anderson18@yahoo.com,2026-07-08,active,Referral,
michael.clark865@icloud.com,2026-08-21,active,Google,2026-09-05
mary.green40@outlook.com,2026-09-12,active,Instagram,2026-09-28
nathan.adams893@gmail.com,2026-07-27,active,Direct,2026-09-23
isaac.anderson87@protonmail.com,2026-09-20,active,Instagram,2026-09-22
grace.adams48@icloud.com,2026-08-06,active,X,2026-08-30
jacob.williams2@outlook.com,2026-09-19,active,Google,2026-09-25
josiah.campbell457@outlook.com,2026-07-05,active,Facebook,2026-09-03
seth.walker697@gmail.com,2026-07-19,active,Instagram,2026-08-10
  joshua.stewart472@gmail.com ,2026-07-09,active,Referral,2026-09-24
olivia.king491@gmail.com,2026-07-24,active,Instagram,2026-08-31
mary.lee200@gmail.com,2026-08-21,active,Instagram,2026-09-08
rachel.moore848@icloud.com,2026-07-27,active,Google,2026-09-27
isaac.stewart53@gmail.com,2026-07-19,active,Facebook,2026-08-09
paul.johnson830@gmail.com,2026-09-07,active,X,
megan.mitchell575@gmail.com,2026-08-28,active,Direct,2026-09-16
julia.evans230@gmail.com,2026-09-13,active,Instagram,2026-09-15
mark.garcia416@gmail.com,2026-08-29,unsubscribed,Instagram,2026-09-15
michael.bell480@hotmail.com,2026-09-12,active,Instagram,2026-09-15
MICHAEL.MARTIN318@YAHOO.COM,2026-09-18,active,Direct,2026-09-22
megan.peterson282@icloud.com,2026-07-28,active,Instagram,2026-09-07
daniel.walker814@gmail.com,2026-08-11,active,Referral,2026-08-21
ben.taylor855@gmail.com,2026-09-12,active,Google,2026-09-21
joshua.brown104@gmail.com,2026-07-20,active,Instagram,2026-09-11
james.roberts140@gmail.com,2026-09-18,unsubscribed,Facebook,
aaron.anderson466@icloud.com,2026-09-24,active,Facebook,2026-09-26
Noah.Brown376@Gmail.Com,2026-08-28,active,Direct,2026-09-22
zoe.scott449@icloud.com,2026-08-13,active,Instagram,
jacob.adams496@outlook.com,2026-07-20,active,Facebook,2026-08-23
laura.collins357@hotmail.com,2026-08-29,active,Referral,
noah.lee496@gmail.com,2026-07-28,active,X,2026-09-07
jacob.smith272@gmail.com,2026-07-25,active,Direct,2026-08-30
peter.bell96@yahoo.com,2026-08-20,active,Direct,2026-09-22
hope.carter220@hotmail.com,2026-07-28,unsubscribed,Direct,
sam.rogers905@protonmail.com,2026-09-11,active,Instagram,2026-09-14
ben.martin972@yahoo.com,2026-07-07,active,Google,2026-09-20
noah.king639@yahoo.com,2026-09-02,active,Instagram,2026-09-20
luke.young276@gmail.com,2026-08-26,active,Podcast,2026-09-10
andrew.lee731@gmail.com,2026-07-26,active,Instagram,2026-09-01
Hannah.Green81@Icloud.Com,2026-07-29,active,Podcast,2026-09-02
josiah.cook990@gmail.com,2026-08-24,active,Podcast,2026-09-16
michael.allen7@yahoo.com,2026-08-02,active,Google,2026-09-19
laura.baker239@yahoo.com,2026-07-24,active,Referral,2026-09-07
paul.scott535@gmail.com,2026-09-05,active,Instagram,2026-09-24
michael.martin845@yahoo.com,2026-07-08,active,Referral,2026-09-24
julia.cooper157@gmail.com,2026-09-23,active,Instagram,2026-09-26
mark.collins122@gmail.com,2026-07-27,active,Facebook,
hannah.adams499@gmail.com,2026-08-18,active,Instagram,2026-09-19
grace.thomas297@gmail.com,2026-07-26,active,Direct,2026-09-04
andrew.lee682@hotmail.com,2026-09-18,active,Instagram,2026-09-20
sarah.bailey235@gmail.com,2026-09-07,active,Instagram,2026-09-09
zoe.evans779@gmail.com,2026-07-05,active,Facebook,2026-09-06
caleb.johnson215@outlook.com,2026-09-01,active,Instagram,2026-09-28
seth.miller717@icloud.com,2026-09-18,active,Referral,2026-09-18
claire.stewart705@gmail.com,2026-07-12,active,Instagram,2026-09-03
laura.cooper14@gmail.com,2026-07-03,active,Google,2026-09-19
joy.phillips766@gmail.com,2026-07-07,unsubscribed,Referral,2026-09-13
Lydia.morgan764@gmail.com,2026-09-16,active,Google,2026-09-26
noah.parker877@gmail.com,2026-09-24,active,Referral,2026-09-24
sarah.green188@hotmail.com,2026-08-02,active,Instagram,
anna.wright747@protonmail.com,2026-08-31,active,Referral,2026-09-09
emily.green582@protonmail.com,2026-07-15,active,Facebook,2026-09-25
michael.collins883@hotmail.com,2026-07-03,active,Referral,2026-08-12
john.mitchell706@gmail.com,2026-08-22,active,Instagram,2026-09-22
julia.campbell28@protonmail.com,2026-09-03,active,Google,2026-09-14
david.edwards302@gmail.com,2026-09-18,active,Referral,
faith.taylor61@hotmail.com,2026-08-01,active,Instagram,
olivia.allen515@gmail.com,2026-09-06,active,Referral,2026-09-15
michael.hill508@icloud.com,2026-08-25,active,Facebook,2026-09-25
daniel.evans690@protonmail.com,2026-08-23,active,Instagram,2026-09-05
aaron.nelson414@gmail.com,2026-08-22,active,Instagram,2026-09-14
tim.king532@icloud.com,2026-09-05,active,Direct,2026-09-17
  mark.allen717@yahoo.com ,2026-07-27,active,Referral,2026-09-19
hannah.adams270@icloud.com,2026-09-08,active,Referral,2026-09-18
paul.nelson175@gmail.com,2026-08-06,active,Instagram,2026-09-04
eli.roberts868@gmail.com,2026-09-08,active,Referral,2026-09-08
esther.evans581@protonmail.com,2026-08-14,active,Referral,2026-09-02
daniel.walker467@gmail.com,2026-07-20,active,Direct,2026-09-14
hannah.anderson111@outlook.com,2026-07-13,active,Instagram,2026-09-14
Joshua.cook204@outlook.com,2026-09-03,active,Facebook,2026-09-09
julia.evans887@gmail.com,2026-08-26,active,Instagram,2026-09-09
chloe.clark129@hotmail.com,2026-07-20,active,Instagram,2026-09-10
ruth.bell56@gmail.com,2026-08-11,active,Facebook,
jacob.cook253@gmail.com,2026-09-02,active,Facebook,2026-09-25
isaac.moore161@icloud.com,2026-08-08,active,Direct,2026-09-09
ellie.lee622@gmail.com,2026-07-22,active,Podcast,2026-09-24
nathan.garcia303@gmail.com,2026-09-10,active,Instagram,2026-09-19
abigail.roberts186@icloud.com,2026-09-22,active,Instagram,
eli.green331@hotmail.com,2026-07-10,active,Referral,2026-09-23
hope.baker465@gmail.com,2026-08-27,active,Instagram,
leah.rogers970@hotmail.com,2026-08-12,active,Referral,2026-09-19
kate.edwards924@gmail.com,2026-07-02,active,Google,2026-09-24
Leah.smith76@gmail.com,2026-07-03,active,Google,2026-09-27
chloe.morris704@icloud.com,2026-09-18,active,Instagram,
andrew.davis278@outlook.com,2026-09-03,unsubscribed,Facebook,2026-09-03
ethan.hall498@gmail.com,2026-09-12,active,Referral,2026-09-18
ethan.king747@gmail.com,2026-07-22,active,Instagram,2026-07-27
rachel.wright215@gmail.com,2026-09-04,unsubscribed,Google,
luke.reed596@icloud.com,2026-09-13,active,Facebook,2026-09-20
nathan.nelson742@gmail.com,2026-07-22,active,Facebook,
joy.evans520@gmail.com,2026-09-01,active,Direct,2026-09-08
david.walker567@icloud.com,2026-09-21,active,Direct,
caleb.nelson346@protonmail.com,2026-08-09,active,Facebook,2026-09-14
noah.wright261@hotmail.com,2026-07-08,active,X,
abigail.smith878@protonmail.com,2026-08-11,active,Instagram,2026-09-12
caleb.wilson237@yahoo.com,2026-07-04,active,Facebook,2026-08-25
ruth.murphy357@gmail.com,2026-07-03,active,Facebook,2026-09-19
aaron.wilson323@yahoo.com,2026-09-13,active,Instagram,2026-09-13
sam.walker974@gmail.com,2026-08-14,active,Instagram,2026-09-06
matthew.taylor99@gmail.com,2026-08-21,active,Instagram,2026-09-05
claire.hill524@gmail.com,2026-07-06,active,Referral,2026-09-03
anna.garcia677@gmail.com,2026-07-13,active,Instagram,2026-08-30
anna.moore652@hotmail.com,2026-08-18,active,Instagram,2026-09-06
josiah.anderson76@gmail.com,2026-08-13,active,Facebook,2026-08-31
ben.peterson635@gmail.com,2026-09-05,active,Referral,
isaac.johnson914@protonmail.com,2026-08-13,active,Podcast,2026-09-28
leah.young258@hotmail.com,2026-07-08,unsubscribed,Instagram,
eli.stewart720@gmail.com,2026-08-03,unsubscribed,Instagram,2026-09-25
peter.collins304@hotmail.com,2026-08-10,active,Referral,2026-09-15
ruth.wright434@yahoo.com,2026-08-15,active,Direct,2026-09-01
paul.allen858@hotmail.com,2026-08-26,active,Podcast,2026-09-15
laura.carter658@yahoo.com,2026-08-30,active,Instagram,2026-09-12
olivia.davis593@gmail.com,2026-07-31,active,Google,2026-09-08
luke.wright971@icloud.com,2026-09-25,active,Facebook,2026-09-27
julia.parker995@gmail.com,2026-08-01,active,Instagram,
tim.carter318@icloud.com,2026-09-06,active,Podcast,2026-09-19
james.clark48@outlook.com,2026-08-05,unsubscribed,Facebook,2026-09-19
emily.anderson483@hotmail.com,2026-08-12,active,Instagram,2026-08-31
naomi.rogers767@gmail.com,2026-07-08,unsubscribed,Google,
ruth.morgan358@gmail.com,2026-09-12,active,Referral,2026-09-27
hope.reed958@icloud.com,2026-08-31,active,Instagram,2026-09-17
nathan.turner165@gmail.com,2026-08-21,active,Instagram,2026-09-21
hannah.wright96@gmail.com,2026-09-23,active,Facebook,2026-09-24
andrew.smith326@gmail.com,2026-07-27,active,Instagram,2026-09-04
naomi.young299@protonmail.com,2026-08-17,active,Google,2026-09-18
tim.taylor547@hotmail.com,2026-08-13,unsubscribed,Facebook,2026-09-02
matthew.wilson397@hotmail.com,2026-08-10,active,Facebook,2026-09-02
eli.brown515@outlook.com,2026-09-27,unsubscribed,Direct,2026-09-28
hannah.garcia163@outlook.com,2026-07-07,active,Instagram,2026-09-11
ellie.smith647@gmail.com,2026-09-08,active,Facebook,2026-09-19
esther.bell692@gmail.com,2026-09-10,active,Podcast,2026-09-27
megan.morris663@icloud.com,2026-07-09,active,Facebook,
david.roberts695@gmail.com,2026-07-18,active,Facebook,2026-09-03
leah.carter459@yahoo.com,2026-07-01,active,Direct,2026-09-05
caleb.evans388@gmail.com,2026-07-31,active,Google,2026-09-26
daniel.reed638@yahoo.com,2026-07-15,active,Podcast,2026-07-23
faith.wilson728@protonmail.com,2026-07-18,active,Referral,2026-08-21
tim.morris191@outlook.com,2026-07-14,active,Referral,2026-09-27
mark.rogers279@gmail.com,2026-09-01,active,Direct,2026-09-05
megan.adams538@gmail.com,2026-09-06,active,Instagram,
joy.lee388@gmail.com,2026-08-10,active,Google,2026-09-08
anna.edwards120@gmail.com,2026-09-07,active,Facebook,2026-09-28
joshua.cook204@outlook.com,2026-09-03,active,Facebook,2026-09-09
zoe.bell623@gmail.com,2026-07-13,active,Facebook,2026-09-07
mary.johnson579@yahoo.com,2026-07-18,active,Facebook,2026-09-19
chloe.miller709@outlook.com,2026-08-03,active,Google,2026-09-12
david.cooper798@outlook.com,2026-07-23,active,X,2026-09-06
olivia.cook335@gmail.com,2026-07-24,active,Referral,2026-09-27
hope.miller362@icloud.com,2026-09-20,active,Facebook,2026-09-21
ben.rogers324@icloud.com,2026-09-05,active,Instagram,2026-09-25
  emily.miller973@hotmail.com ,2026-07-22,active,Facebook,2026-08-31
chloe.peterson996@gmail.com,2026-08-15,active,Google,
jacob.bailey610@hotmail.com,2026-08-19,active,Instagram,2026-09-05
tim.campbell608@gmail.com,2026-08-15,unsubscribed,Instagram,
james.reed256@yahoo.com,2026-07-13,active,Podcast,
abigail.bailey416@gmail.com,2026-09-19,active,Instagram,
joy.murphy870@hotmail.com,2026-07-02,active,Podcast,2026-08-31
peter.taylor854@gmail.com,2026-08-13,active,Referral,2026-09-19
ethan.wilson862@yahoo.com,2026-07-04,unsubscribed,Google,
emily.roberts364@hotmail.com,2026-08-05,active,Facebook,2026-08-21
nathan.cook991@hotmail.com,2026-09-07,active,Direct,
caleb.hill953@yahoo.com,2026-08-25,active,Instagram,2026-09-02
abigail.clark217@gmail.com,2026-09-12,active,Podcast,
hannah.davis812@gmail.com,2026-07-13,active,Instagram,
anna.peterson676@gmail.com,2026-08-01,unsubscribed,Direct,2026-09-11
abigail.parker812@gmail.com,2026-07-15,unsubscribed,Instagram,
eli.johnson684@gmail.com,2026-07-19,active,Instagram,2026-09-07
joshua.scott261@icloud.com,2026-07-09,active,Instagram,2026-09-10
zoe.brown239@gmail.com,2026-09-02,active,Instagram,2026-09-17
olivia.walker470@gmail.com,2026-07-10,unsubscribed,Facebook,
caleb.evans302@gmail.com,2026-08-01,active,Facebook,2026-09-20
joshua.mitchell416@yahoo.com,2026-07-13,active,Instagram,2026-08-06
matthew.adams401@gmail.com,2026-07-11,active,Instagram,2026-09-09
joshua.morris976@hotmail.com,2026-09-26,active,Instagram,2026-09-28
julia.hall771@outlook.com,2026-07-23,active,Google,2026-08-11
claire.roberts237@protonmail.com,2026-07-14,active,Instagram,
john.murphy638@outlook.com,2026-08-01,unsubscribed,Direct,2026-09-01
julia.young505@hotmail.com,2026-09-23,active,Facebook,2026-09-25
david.martin673@gmail.com,2026-08-06,active,Instagram,2026-08-30
caleb.thomas309@gmail.com,2026-07-08,active,Instagram,2026-09-10
rachel.collins394@gmail.com,2026-09-25,active,Instagram,2026-09-28
nathan.morris989@gmail.com,2026-08-25,active,Instagram,2026-09-24
ellie.johnson94@outlook.com,2026-09-08,unsubscribed,Instagram,
josiah.edwards903@outlook.com,2026-08-18,active,Direct,2026-09-02
joy.king824@gmail.com,2026-08-15,active,Instagram,2026-09-19
mary.clark205@gmail.com,2026-08-30,active,Instagram,2026-09-09
ellie.anderson298@gmail.com,2026-07-28,active,Direct,2026-09-13
megan.king445@protonmail.com,2026-07-13,unsubscribed,Facebook,2026-09-18
zoe.scott482@gmail.com,2026-08-30,active,Instagram,
julia.garcia614@gmail.com,2026-08-21,active,Facebook,2026-08-27
olivia.green193@gmail.com,2026-08-22,active,Instagram,2026-09-23
mary.adams251@gmail.com,2026-07-31,active,Direct,2026-09-17
grace.anderson803@hotmail.com,2026-08-10,unsubscribed,Instagram,
emily.cooper93@gmail.com,2026-07-28,active,Instagram,2026-09-28
paul.moore22@yahoo.com,2026-08-04,active,Direct,2026-09-20
aaron.green311@icloud.com,2026-07-29,active,Podcast,2026-09-20
andrew.wright779@gmail.com,2026-09-27,active,Facebook,2026-09-28
eli.evans209@gmail.com,2026-08-23,active,Facebook,2026-09-15
naomi.martin156@icloud.com,2026-07-01,active,Podcast,2026-09-23
mark.moore108@hotmail.com,2026-08-13,active,Google,2026-08-15
daniel.miller185@gmail.com,2026-09-28,active,Referral,2026-09-28
kate.green443@gmail.com,2026-09-04,active,Google,
  andrew.walker132@hotmail.com ,2026-08-10,active,Instagram,2026-09-06
david.king140@outlook.com,2026-07-20,unsubscribed,Instagram,
ruth.allen626@gmail.com,2026-07-17,active,Referral,2026-09-27
ellie.brown944@gmail.com,2026-08-03,active,Referral,2026-08-25
daniel.morris628@yahoo.com,2026-09-14,active,Instagram,2026-09-18
mark.allen717@yahoo.com,2026-07-27,active,Referral,2026-09-19
kate.hill187@gmail.com,2026-07-03,active,Facebook,2026-09-07
james.edwards332@outlook.com,2026-07-02,unsubscribed,Instagram,2026-09-01
paul.johnson731@hotmail.com,2026-08-17,active,Referral,2026-08-28
esther.hall793@gmail.com,2026-08-01,active,Instagram,
david.hill370@gmail.com,2026-08-19,unsubscribed,Facebook,
david.king284@protonmail.com,2026-08-01,active,Facebook,2026-08-30
michael.garcia873@outlook.com,2026-08-14,active,Referral,2026-09-12
james.lewis670@gmail.com,2026-09-06,active,Facebook,
joy.bailey756@gmail.com,2026-07-31,active,Instagram,2026-09-26
mary.baker415@gmail.com,2026-09-23,active,X,2026-09-23
caleb.mitchell498@gmail.com,2026-07-01,active,Facebook,2026-09-14
julia.smith928@gmail.com,2026-07-02,active,Facebook,2026-08-30
emily.baker696@protonmail.com,2026-08-05,active,Instagram,2026-09-04
anna.hall109@outlook.com,2026-08-22,active,Facebook,
rachel.bailey47@hotmail.com,2026-07-17,active,Facebook,2026-08-03
nathan.morgan340@hotmail.com,2026-08-24,active,Facebook,2026-09-21
peter.bell589@gmail.com,2026-07-11,active,Google,2026-09-15
john.martin225@gmail.com,2026-08-13,active,Facebook,2026-09-10
aaron.clark229@protonmail.com,2026-07-01,active,Facebook,2026-09-12
mark.moore924@gmail.com,2026-08-01,active,Podcast,2026-08-24
lydia.williams391@gmail.com,2026-07-11,active,Podcast,2026-09-17
esther.phillips297@gmail.com,2026-08-10,active,Instagram,2026-09-19
andrew.cooper429@gmail.com,2026-08-01,active,Instagram,
Sarah.cook251@gmail.com,2026-07-23,active,Podcast,
peter.cook335@icloud.com,2026-07-16,active,Podcast,2026-09-12
aaron.green698@gmail.com,2026-08-01,active,Instagram,
joshua.morris357@gmail.com,2026-07-08,active,Referral,2026-09-17
daniel.phillips904@gmail.com,2026-07-31,active,Instagram,2026-09-11
ben.lee922@yahoo.com,2026-08-02,active,Google,2026-09-12
olivia.mitchell836@gmail.com,2026-08-05,active,Facebook,2026-08-31
zoe.bailey978@protonmail.com,2026-07-15,active,Instagram,2026-08-15
tim.collins632@gmail.com,2026-08-01,unsubscribed,Podcast,2026-09-01
ellie.collins753@gmail.com,2026-07-13,active,Instagram,2026-09-21
kate.anderson684@gmail.com,2026-07-03,active,Referral,2026-09-09
lydia.hall609@icloud.com,2026-07-23,unsubscribed,Facebook,
sam.garcia309@gmail.com,2026-09-25,active,Facebook,2026-09-27
nathan.baker161@outlook.com,2026-09-28,active,Facebook,2026-09-28
ruth.roberts421@gmail.com,2026-08-01,active,Referral,
nathan.bailey109@gmail.com,2026-09-03,active,Facebook,2026-09-11
michael.hill514@icloud.com,2026-07-09,active,Referral,
zoe.carter873@outlook.com,2026-08-25,active,Referral,2026-09-15
laura.green874@gmail.com,2026-07-10,active,Instagram,2026-09-19
grace.baker302@icloud.com,2026-07-05,active,Instagram,2026-09-20
naomi.phillips131@gmail.com,2026-09-20,active,Instagram,2026-09-28
kate.brown19@gmail.com,2026-09-24,active,Facebook,2026-09-27
josiah.scott242@yahoo.com,2026-07-08,active,Facebook,2026-09-15
naomi.hill977@gmail.com,2026-08-07,active,Instagram,2026-09-23
sam.nelson152@gmail.com,2026-07-28,active,Referral,2026-08-31
kate.edwards469@gmail.com,2026-09-05,active,Podcast,2026-09-26
hannah.miller125@outlook.com,2026-09-01,unsubscribed,Podcast,2026-09-24
seth.hall505@gmail.com,2026-09-04,active,Direct,2026-09-05
grace.garcia91@yahoo.com,2026-08-08,active,Referral,2026-09-04
michael.wilson881@gmail.com,2026-08-21,unsubscribed,Podcast,
leah.thomas457@gmail.com,2026-07-26,active,Referral,2026-09-01
mark.lee491@gmail.com,2026-07-05,active,Instagram,2026-07-18
,,,,
john.lewis175@gmail.com,2026-07-28,active,Instagram,2026-08-30
grace.martin534@protonmail.com,2026-07-03,active,Facebook,2026-08-18
zoe.phillips509@gmail.com,2026-09-19,active,Instagram,2026-09-27
faith.thomas60@protonmail.com,2026-09-14,unsubscribed,Referral,2026-09-15
andrew.allen352@outlook.com,2026-09-15,active,Instagram,2026-09-26
ruth.taylor465@gmail.com,2026-09-09,active,Direct,2026-09-11
chloe.campbell495@icloud.com,2026-07-28,active,Podcast,2026-09-12
hannah.smith782@protonmail.com,2026-07-05,active,Instagram,
paul.reed755@protonmail.com,2026-07-20,active,Facebook,2026-09-18
david.murphy437@gmail.com,2026-07-14,active,Instagram,2026-09-18
paul.carter455@yahoo.com,2026-08-15,active,Facebook,2026-09-24
michael.allen706@icloud.com,2026-09-27,active,Instagram,2026-09-27
hannah.scott525@hotmail.com,2026-07-02,active,Facebook,
zoe.rogers667@protonmail.com,2026-08-01,active,Facebook,2026-09-23
emily.scott748@icloud.com,2026-08-13,unsubscribed,Instagram,
anna.moore914@gmail.com,2026-08-06,unsubscribed,Google,2026-08-21
david.king231@gmail.com,2026-07-21,active,Instagram,2026-08-01
michael.rogers787@gmail.com,2026-07-25,active,Instagram,2026-09-13
caleb.parker590@protonmail.com,2026-09-02,active,Google,2026-09-26
mary.cook198@yahoo.com,2026-08-01,active,Facebook,2026-09-23
naomi.nelson453@gmail.com,2026-09-08,active,Instagram,2026-09-24
sam.carter642@hotmail.com,2026-07-11,active,Podcast,2026-09-12
david.cook782@gmail.com,2026-09-04,active,Facebook,2026-09-05
hope.carter781@icloud.com,2026-08-18,active,Direct,2026-09-05
emily.hill821@protonmail.com,2026-07-06,active,Facebook,2026-09-16
luke.cook789@outlook.com,2026-07-22,unsubscribed,Instagram,
isaac.brown929@protonmail.com,2026-07-25,active,Podcast,2026-09-13
DANIEL.ANDERSON607@GMAIL.COM,2026-09-23,active,Direct,2026-09-23
seth.carter864@protonmail.com,2026-09-22,active,Facebook,2026-09-27
julia.davis601@gmail.com,2026-07-18,active,Referral,2026-09-17
sarah.mitchell13@gmail.com,2026-08-23,active,Referral,2026-09-06
anna.hall561@gmail.com,2026-09-04,active,Direct,2026-09-28
noah.bell342@gmail.com,2026-09-25,active,Instagram,2026-09-26
julia.cooper665@gmail.com,2026-07-06,active,Referral,2026-09-26
emily.thomas519@hotmail.com,2026-09-09,active,Referral,2026-09-21
abigail.garcia468@gmail.com,2026-09-16,active,Referral,2026-09-27
chloe.reed150@gmail.com,2026-09-21,active,Instagram,2026-09-26
sam.adams387@gmail.com,2026-09-20,active,Instagram,2026-09-28
jacob.taylor165@gmail.com,2026-07-11,active,Instagram,2026-09-23
olivia.phillips335@gmail.com,2026-09-03,active,Instagram,2026-09-19
lydia.miller209@gmail.com,2026-09-20,active,Referral,2026-09-25
luke.hill371@gmail.com,2026-07-20,unsubscribed,Podcast,2026-08-02
grace.reed720@outlook.com,2026-08-17,active,Referral,2026-09-13
ruth.garcia813@gmail.com,2026-08-25,unsubscribed,Facebook,2026-09-28
jacob.allen475@gmail.com,2026-09-21,active,Instagram,2026-09-22
john.murphy536@gmail.com,2026-09-25,active,Instagram,2026-09-26
ben.nelson754@gmail.com,2026-07-24,active,Referral,2026-08-31
david.miller852@gmail.com,2026-07-10,active,Referral,2026-09-02
anna.miller165@gmail.com,2026-07-31,active,Instagram,2026-08-18
david.cooper293@gmail.com,2026-07-27,active,Facebook,2026-09-10
daniel.cook728@hotmail.com,2026-08-17,active,X,2026-09-21
laura.garcia905@outlook.com,2026-09-12,active,Referral,2026-09-25
esther.wilson992@icloud.com,2026-09-22,active,Referral,2026-09-24
tim.anderson754@outlook.com,2026-08-04,active,Instagram,2026-09-16
emily.walker799@yahoo.com,2026-08-04,active,Podcast,2026-09-02
laura.anderson771@yahoo.com,2026-07-08,active,Facebook,2026-08-15
naomi.taylor662@yahoo.com,2026-08-07,active,Google,2026-09-12
mary.smith231@gmail.com,2026-08-11,active,Instagram,2026-08-27
john.morris397@gmail.com,2026-07-25,active,Direct,2026-09-04
faith.bailey996@gmail.com,2026-07-14,active,Facebook,2026-09-05
abigail.davis769@outlook.com,2026-09-11,active,Instagram,2026-09-21
julia.wilson12@yahoo.com,2026-08-10,active,Referral,2026-09-19
eli.bell228@gmail.com,2026-08-21,active,Referral,2026-09-20
nathan.cooper961@gmail.com,2026-07-31,active,Google,2026-09-20
  ellie.bailey968@gmail.com ,2026-07-18,active,Instagram,2026-09-24
joshua.parker121@gmail.com,2026-09-08,active,Referral,2026-09-25
megan.cook255@hotmail.com,2026-08-30,active,Instagram,2026-09-27
sarah.green449@yahoo.com,2026-07-17,active,Referral,2026-09-03
seth.clark635@gmail.com,2026-07-06,active,Instagram,2026-09-08
mary.garcia952@gmail.com,2026-08-12,active,Referral,2026-09-05
lydia.cook564@gmail.com,2026-09-01,unsubscribed,Instagram,
caleb.cooper147@icloud.com,2026-09-24,active,Google,2026-09-27
rachel.cooper418@gmail.com,2026-07-23,active,Instagram,2026-09-08
ellie.rogers275@gmail.com,2026-08-11,active,Google,2026-08-30
anna.green847@gmail.com,2026-08-06,active,Referral,2026-09-11
nathan.murphy92@gmail.com,2026-08-12,unsubscribed,Instagram,
olivia.cook11@gmail.com,2026-09-14,unsubscribed,Instagram,2026-09-23
jacob.carter923@yahoo.com,2026-09-13,active,Instagram,2026-09-17
ben.reed37@hotmail.com,2026-09-07,active,Google,2026-09-24
luke.lee902@gmail.com,2026-08-15,unsubscribed,Instagram,2026-09-18
olivia.turner796@outlook.com,2026-07-22,active,Google,
aaron.williams800@protonmail.com,2026-08-07,unsubscribed,Direct,
julia.morgan852@icloud.com,2026-09-21,active,Google,2026-09-26
aaron.adams537@icloud.com,2026-09-15,active,Instagram,2026-09-22
ethan.taylor41@gmail.com,2026-08-28,active,Facebook,2026-09-01
tim.evans456@gmail.com,2026-08-26,active,Referral,2026-09-12
kate.carter139@icloud.com,2026-07-18,active,Google,2026-09-26
julia.turner681@gmail.com,2026-07-30,active,Referral,2026-08-31
james.turner896@icloud.com,2026-07-14,active,Instagram,2026-09-25
claire.scott935@gmail.com,2026-08-07,active,Instagram,
ben.cooper368@outlook.com,2026-08-22,active,Referral,2026-09-12
mark.adams419@gmail.com,2026-07-30,active,Facebook,2026-09-09
jacob.green577@outlook.com,2026-09-13,active,Facebook,2026-09-24
andrew.bailey290@yahoo.com,2026-08-18,active,Instagram,2026-09-05
lydia.rogers532@protonmail.com,2026-07-03,unsubscribed,Instagram,2026-09-23
rachel.peterson168@gmail.com,2026-07-10,unsubscribed,X,2026-09-02
eli.parker46@hotmail.com,2026-09-15,active,Referral,2026-09-15
naomi.roberts44@gmail.com,2026-07-28,active,Facebook,2026-07-31
josiah.campbell826@gmail.com,2026-09-09,active,Instagram,2026-09-22
mark.peterson740@gmail.com,2026-09-27,active,Referral,2026-09-28
kate.evans657@protonmail.com,2026-07-20,active,Instagram,
claire.scott684@gmail.com,2026-08-07,active,Facebook,
mary.garcia54@gmail.com,2026-08-23,active,Referral,2026-09-19
caleb.hall284@icloud.com,2026-07-31,active,X,
Josiah.roberts691@hotmail.com,2026-07-27,active,Instagram,2026-08-10
Kate.allen194@gmail.com,2026-09-06,active,Facebook,2026-09-19
seth.garcia258@gmail.com,2026-09-14,active,Facebook,2026-09-22
leah.smith76@gmail.com,2026-07-03,active,Google,2026-09-27
peter.allen96@gmail.com,2026-07-11,active,Podcast,
megan.baker911@icloud.com,2026-08-27,unsubscribed,Google,2026-08-29
josiah.nelson277@outlook.com,2026-07-04,active,Referral,2026-08-13
esther.clark896@gmail.com,2026-08-13,active,Google,2026-08-30
josiah.edwards168@yahoo.com,2026-09-18,active,Instagram,2026-09-26
nathan.king867@hotmail.com,2026-08-19,active,Google,2026-09-20
andrew.smith310@protonmail.com,2026-08-28,active,Facebook,2026-09-16
james.wilson200@yahoo.com,2026-08-25,active,Instagram,2026-09-25
julia.peterson232@gmail.com,2026-07-28,active,Facebook,2026-09-18
peter.murphy343@gmail.com,2026-08-02,active,Instagram,2026-09-28
seth.young902@yahoo.com,2026-08-09,active,Facebook,2026-09-05
mark.stewart811@yahoo.com,2026-07-27,active,Direct,2026-09-05
isaac.allen180@outlook.com,2026-07-04,active,Instagram,2026-09-22
josiah.parker792@gmail.com,2026-07-09,active,Referral,2026-08-18
peter.scott472@gmail.com,2026-09-24,unsubscribed,Direct,2026-09-25
john.nelson503@gmail.com,2026-07-14,active,Instagram,
julia.peterson304@protonmail.com,2026-09-13,active,Instagram,2026-09-19
hannah.wilson984@gmail.com,2026-07-01,active,Google,
tim.peterson954@gmail.com,2026-08-07,active,Referral,2026-08-20
mark.rogers546@hotmail.com,2026-07-25,active,Podcast,2026-09-25
daniel.miller783@gmail.com,2026-07-21,active,Instagram,
michael.taylor198@gmail.com,2026-07-04,active,Referral,
anna.adams904@gmail.com,2026-09-28,unsubscribed,Instagram,
david.mitchell336@gmail.com,2026-07-10,active,Referral,
lydia.brown951@gmail.com,2026-09-23,active,Referral,2026-09-28
aaron.bailey207@icloud.com,2026-09-08,active,Instagram,2026-09-15
naomi.phillips784@gmail.com,2026-07-11,active,Facebook,
ruth.jones940@gmail.com,2026-07-20,active,Instagram,
sam.mitchell484@gmail.com,2026-08-14,active,Google,2026-09-05
claire.collins447@gmail.com,2026-07-17,active,Instagram,2026-09-15
matthew.cook869@gmail.com,2026-09-08,active,Facebook,2026-09-25
olivia.taylor804@hotmail.com,2026-08-06,active,Direct,2026-09-01
jacob.mitchell848@gmail.com,2026-07-29,active,Referral,2026-09-18
leah.parker994@outlook.com,2026-07-07,active,Instagram,2026-09-14
nathan.collins450@gmail.com,2026-07-19,active,Google,
faith.baker137@gmail.com,2026-07-27,active,Instagram,2026-07-29
ruth.stewart380@outlook.com,2026-09-10,active,Instagram,2026-09-22
leah.peterson135@gmail.com,2026-09-27,active,Facebook,2026-09-28
luke.young638@gmail.com,2026-09-28,active,Referral,2026-09-28
paul.hall970@outlook.com,2026-07-19,active,Facebook,2026-09-10
hannah.davis253@yahoo.com,2026-07-22,active,Facebook,2026-09-09
sam.lewis905@icloud.com,2026-07-12,active,Direct,2026-08-31
julia.taylor729@icloud.com,2026-07-28,unsubscribed,Instagram,2026-08-12
  eli.moore985@gmail.com ,2026-09-24,active,Facebook,2026-09-27
nathan.baker547@gmail.com,2026-08-03,active,Referral,2026-09-28
mark.edwards501@gmail.com,2026-07-19,active,Instagram,2026-09-10
paul.stewart65@hotmail.com,2026-07-05,active,Direct,2026-09-13
MICHAEL.DAVIS109@HOTMAIL.COM,2026-09-03,active,Instagram,2026-09-08
claire.adams266@gmail.com,2026-08-17,active,Referral,2026-09-04
luke.williams151@gmail.com,2026-08-05,active,Instagram,2026-09-28
kate.wilson821@gmail.com,2026-08-12,active,Referral,2026-09-05
ruth.brown259@gmail.com,2026-08-12,active,Referral,2026-09-17
esther.moore267@gmail.com,2026-09-21,active,Google,2026-09-27
faith.clark54@protonmail.com,2026-09-19,active,Facebook,2026-09-25
paul.hill284@gmail.com,2026-07-16,active,Facebook,2026-09-24
emily.hill15@gmail.com,2026-09-11,active,Google,2026-09-19
julia.evans794@outlook.com,2026-08-15,active,Referral,2026-09-10
eli.murphy686@protonmail.com,2026-09-09,active,Facebook,2026-09-20
megan.young795@yahoo.com,2026-08-31,active,Referral,2026-09-06
matthew.hill900@gmail.com,2026-08-04,active,Instagram,2026-09-16
ethan.peterson197@outlook.com,2026-08-03,active,Referral,2026-09-05
mary.johnson946@icloud.com,2026-09-01,active,Google,2026-09-11
olivia.bell577@yahoo.com,2026-07-06,active,Instagram,2026-09-15
claire.wilson649@gmail.com,2026-07-24,active,Facebook,2026-07-31
zoe.rogers703@hotmail.com,2026-07-26,active,Referral,2026-09-12
isaac.smith434@hotmail.com,2026-09-05,active,Instagram,2026-09-08
noah.cook289@gmail.com,2026-07-24,active,Instagram,2026-08-07
michael.miller182@gmail.com,2026-07-28,active,Facebook,2026-09-15
lydia.moore829@gmail.com,2026-08-02,active,Instagram,2026-08-03
noah.morgan333@gmail.com,2026-08-15,active,Instagram,2026-09-04
laura.rogers545@hotmail.com,2026-09-09,active,Referral,2026-09-22
mark.stewart250@icloud.com,2026-08-25,active,Referral,2026-09-28
joshua.hill884@gmail.com,2026-08-23,active,Podcast,2026-09-11
daniel.baker716@gmail.com,2026-07-24,active,Instagram,2026-09-02
eli.rogers741@gmail.com,2026-07-23,active,Direct,
nathan.morgan185@gmail.com,2026-08-23,active,Referral,2026-09-09
michael.johnson861@hotmail.com,2026-07-19,active,Direct,2026-09-17
megan.smith964@protonmail.com,2026-08-09,active,Referral,2026-09-23
lydia.parker437@hotmail.com,2026-07-19,active,Referral,
Ben.parker195@gmail.com,2026-07-05,active,Direct,2026-09-09
aaron.collins131@gmail.com,2026-07-01,active,Podcast,2026-09-17
andrew.thomas241@icloud.com,2026-08-08,active,Referral,2026-08-27
ruth.smith536@gmail.com,2026-07-03,active,Facebook,2026-09-06
emily.scott983@yahoo.com,2026-08-14,active,Google,2026-09-02
james.edwards280@gmail.com,2026-09-01,active,Facebook,2026-09-14
kate.young553@gmail.com,2026-08-07,active,Facebook,2026-09-01
ruth.walker477@outlook.com,2026-09-25,active,Direct,2026-09-28
josiah.collins112@outlook.com,2026-08-18,unsubscribed,Instagram,
ethan.taylor37@hotmail.com,2026-09-11,active,Facebook,2026-09-23
sam.cook133@gmail.com,2026-07-26,active,Referral,2026-09-09
nathan.campbell529@gmail.com,2026-08-29,active,Instagram,2026-09-06
seth.jones10@outlook.com,2026-08-30,unsubscribed,Google,
faith.wilson321@gmail.com,2026-07-24,active,Facebook,2026-09-17
jacob.edwards491@hotmail.com,2026-08-08,active,Google,2026-08-12
luke.johnson727@gmail.com,2026-07-22,active,Instagram,2026-09-21
megan.martin825@gmail.com,2026-09-07,active,Google,
emily.lewis899@protonmail.com,2026-08-04,active,Referral,2026-08-18
joshua.turner542@protonmail.com,2026-09-23,active,Referral,
andrew.stewart446@gmail.com,2026-09-01,active,Instagram,2026-09-08
megan.edwards799@gmail.com,2026-08-24,active,Referral,2026-09-10
paul.reed322@gmail.com,2026-07-01,unsubscribed,Facebook,
eli.wilson580@outlook.com,2026-09-15,active,Facebook,2026-09-26
sarah.smith403@gmail.com,2026-09-04,active,Google,2026-09-09
mark.mitchell424@gmail.com,2026-07-08,active,X,
abigail.scott145@gmail.com,2026-09-18,active,Referral,2026-09-24
paul.walker295@gmail.com,2026-08-25,active,Podcast,2026-09-15
mark.collins404@protonmail.com,2026-07-31,active,Direct,2026-09-07
kate.scott194@yahoo.com,2026-09-24,active,Google,2026-09-28
james.brown1@gmail.com,2026-07-05,active,Podcast,2026-07-15
megan.reed254@gmail.com,2026-08-01,active,Referral,2026-09-03
noah.jones316@gmail.com,2026-08-19,active,Google,
john.clark11@gmail.com,2026-07-30,active,Facebook,2026-09-02
Ellie.Jones928@Outlook.Com,2026-09-27,active,Referral,
emily.collins25@protonmail.com,2026-09-03,active,Instagram,2026-09-21
laura.campbell833@icloud.com,2026-09-17,active,Google,2026-09-26
anna.reed950@gmail.com,2026-07-30,active,X,2026-09-17
hannah.phillips682@gmail.com,2026-08-26,active,Referral,2026-09-10
daniel.garcia235@gmail.com,2026-09-19,active,Facebook,2026-09-22
kate.murphy805@gmail.com,2026-07-30,active,Google,
emily.young114@gmail.com,2026-07-21,unsubscribed,Direct,
noah.baker272@gmail.com,2026-08-21,active,Instagram,2026-09-18
abigail.campbell584@gmail.com,2026-07-10,active,Google,2026-08-06
mark.reed878@gmail.com,2026-07-13,active,Referral,2026-09-16
hannah.williams63@outlook.com,2026-08-28,active,Instagram,2026-09-01
joshua.green3@yahoo.com,2026-07-26,active,Referral,2026-09-18
joshua.phillips733@outlook.com,2026-07-01,active,Facebook,2026-08-30
david.king31@hotmail.com,2026-07-23,active,Referral,2026-09-11
david.jones517@yahoo.com,2026-07-02,active,Instagram,2026-07-12
matthew.allen513@gmail.com,2026-07-24,active,Google,2026-08-27
david.moore824@hotmail.com,2026-09-09,active,Podcast,2026-09-17
tim.anderson878@gmail.com,2026-09-04,active,Instagram,2026-09-24
mary.morris445@protonmail.com,2026-08-01,active,Referral,2026-08-28
joshua.anderson184@gmail.com,2026-08-10,active,Facebook,2026-09-07
anna.green632@gmail.com,2026-07-21,active,Podcast,2026-09-03
ethan.nelson2@hotmail.com,2026-08-04,active,Facebook,2026-09-24
seth.clark689@gmail.com,2026-07-22,active,Instagram,
matthew.davis44@outlook.com,2026-08-31,active,Direct,
megan.lee760@gmail.com,2026-08-05,active,Podcast,2026-09-23
faith.lewis415@hotmail.com,2026-07-15,active,Direct,2026-07-22
zoe.williams895@hotmail.com,2026-09-20,active,Referral,2026-09-28
leah.parker372@gmail.com,2026-07-30,active,Direct,2026-09-20
leah.cook527@gmail.com,2026-07-18,active,Facebook,2026-08-31
matthew.morris736@outlook.com,2026-09-23,active,Google,
joy.clark136@gmail.com,2026-07-28,unsubscribed,Podcast,
zoe.moore366@outlook.com,2026-08-14,unsubscribed,Google,2026-09-21
john.davis558@gmail.com,2026-07-10,active,Referral,2026-09-09
michael.anderson215@gmail.com,2026-09-06,active,Instagram,2026-09-06
peter.lewis771@outlook.com,2026-07-27,active,Facebook,2026-09-28
rachel.smith236@gmail.com,2026-07-22,active,Instagram,2026-09-04
isaac.brown279@yahoo.com,2026-09-05,active,Referral,2026-09-21
joy.parker20@gmail.com,2026-08-06,unsubscribed,Instagram,
laura.peterson466@protonmail.com,2026-08-13,active,Google,2026-09-22
ellie.hall329@gmail.com,2026-07-03,active,Google,2026-09-27
abigail.taylor524@icloud.com,2026-07-20,active,Referral,2026-09-27
emily.brown565@outlook.com,2026-07-05,active,Referral,2026-07-17
Joy.Murphy19@Gmail.Com,2026-08-09,active,Referral,2026-09-07
jacob.bell884@gmail.com,2026-09-11,active,Google,2026-09-12
matthew.evans366@gmail.com,2026-09-06,active,Instagram,2026-09-25
paul.lewis171@gmail.com,2026-07-13,active,Direct,2026-09-26
michael.parker963@icloud.com,2026-09-28,active,Instagram,2026-09-28
ruth.campbell933@gmail.com,2026-09-19,active,Instagram,2026-09-28
esther.roberts178@outlook.com,2026-09-11,active,Podcast,2026-09-12
isaac.morris348@hotmail.com,2026-08-10,active,Facebook,2026-09-07
joy.hall830@protonmail.com,2026-09-02,active,Instagram,2026-09-22
daniel.murphy857@gmail.com,2026-07-05,active,Direct,2026-09-11
chloe.miller51@gmail.com,2026-08-10,active,Instagram,2026-08-27
megan.wright786@hotmail.com,2026-07-23,active,Instagram,2026-09-01
TIM.NELSON803@OUTLOOK.COM,2026-08-05,active,Instagram,2026-09-08
leah.roberts308@outlook.com,2026-07-31,unsubscribed,Google,2026-09-16
chloe.wright7@gmail.com,2026-09-23,active,Instagram,2026-09-27
kate.wilson201@gmail.com,2026-07-17,active,Google,2026-08-30
megan.campbell796@gmail.com,2026-09-24,active,X,
isaac.clark898@gmail.com,2026-09-21,active,Referral,2026-09-21
esther.jones830@yahoo.com,2026-08-27,active,Facebook,
grace.brown259@gmail.com,2026-07-27,active,Facebook,2026-09-05
ellie.baker218@gmail.com,2026-07-19,active,Google,2026-07-25
emily.cooper668@hotmail.com,2026-09-25,active,Facebook,2026-09-25
Sarah.Taylor166@Icloud.Com,2026-08-29,active,Facebook,2026-09-15
julia.allen521@gmail.com,2026-09-18,active,Facebook,2026-09-27
sarah.jones385@icloud.com,2026-07-06,active,Google,
claire.clark529@gmail.com,2026-08-06,active,Direct,2026-09-12
faith.king350@yahoo.com,2026-09-09,active,Google,
ethan.allen271@hotmail.com,2026-07-05,unsubscribed,Direct,
chloe.stewart746@gmail.com,2026-09-21,unsubscribed,Referral,2026-09-25
hope.johnson165@gmail.com,2026-09-26,active,Facebook,2026-09-28
andrew.brown838@yahoo.com,2026-08-19,active,Google,2026-09-22
julia.hall142@gmail.com,2026-08-14,active,Google,2026-09-08
josiah.roberts691@hotmail.com,2026-07-27,active,Instagram,2026-08-10
noah.taylor905@yahoo.com,2026-09-21,active,Podcast,2026-09-26
nathan.king894@gmail.com,2026-07-24,active,Referral,
joy.edwards326@gmail.com,2026-07-17,unsubscribed,Google,2026-09-18
luke.hill789@protonmail.com,2026-09-03,active,Instagram,2026-09-26
laura.reed618@icloud.com,2026-07-25,active,Instagram,2026-09-18
  naomi.taylor662@yahoo.com ,2026-08-07,active,Google,2026-09-12
tim.collins76@outlook.com,2026-09-20,active,Google,
chloe.johnson140@gmail.com,2026-09-24,active,Instagram,2026-09-26
eli.johnson178@gmail.com,2026-09-23,active,Instagram,2026-09-26
peter.nelson451@outlook.com,2026-09-10,active,Referral,2026-09-27
ellie.roberts483@yahoo.com,2026-09-28,active,Facebook,2026-09-28
faith.allen622@gmail.com,2026-07-28,unsubscribed,X,2026-09-06
abigail.scott501@hotmail.com,2026-08-13,unsubscribed,Instagram,2026-09-11
nathan.evans771@icloud.com,2026-09-17,active,Referral,2026-09-26
mark.mitchell647@gmail.com,2026-09-17,active,Instagram,2026-09-21
mary.davis133@gmail.com,2026-07-17,active,Podcast,2026-09-19
laura.baker173@icloud.com,2026-07-16,active,Instagram,2026-09-06
grace.morgan65@gmail.com,2026-08-15,active,Facebook,2026-09-19
sam.johnson458@gmail.com,2026-08-06,active,Google,2026-09-12
paul.hill597@gmail.com,2026-08-12,active,Instagram,2026-09-24
tim.cooper499@gmail.com,2026-07-19,active,Facebook,
hannah.allen461@outlook.com,2026-07-03,active,Facebook,2026-09-24
david.miller22@gmail.com,2026-09-28,active,Instagram,
joy.miller735@hotmail.com,2026-07-10,active,Google,
tim.morris310@hotmail.com,2026-07-14,active,Instagram,2026-09-26
matthew.thomas453@protonmail.com,2026-07-01,active,Instagram,
megan.smith5@gmail.com,2026-08-07,active,Facebook,2026-09-02
laura.mitchell960@gmail.com,2026-09-02,active,Instagram,2026-09-05
aaron.wilson278@gmail.com,2026-07-11,active,Instagram,2026-09-22
zoe.young759@yahoo.com,2026-09-12,active,Facebook,2026-09-14
megan.anderson473@outlook.com,2026-09-02,active,Instagram,2026-09-23
anna.mitchell960@gmail.com,2026-08-01,active,Instagram,2026-09-21
michael.peterson241@protonmail.com,2026-07-25,active,Direct,
john.roberts225@gmail.com,2026-09-01,active,Instagram,2026-09-24
claire.smith728@hotmail.com,2026-07-02,active,Direct,2026-09-15
eli.peterson485@protonmail.com,2026-08-05,active,Facebook,2026-08-09
leah.johnson580@yahoo.com,2026-07-04,active,Referral,2026-09-12
david.williams292@gmail.com,2026-08-29,active,Facebook,2026-09-22
isaac.miller219@gmail.com,2026-07-04,active,Facebook,2026-09-06
jacob.cook632@gmail.com,2026-08-11,active,Instagram,2026-09-12
naomi.morris189@gmail.com,2026-09-01,active,Podcast,
mary.turner972@gmail.com,2026-07-22,active,Instagram,2026-09-17
megan.campbell519@hotmail.com,2026-08-12,active,Facebook,2026-09-24
emily.adams352@gmail.com,2026-08-17,active,Referral,2026-09-18
ellie.jones928@outlook.com,2026-09-27,active,Referral,
abigail.roberts577@outlook.com,2026-09-25,active,Instagram,2026-09-26
claire.reed852@hotmail.com,2026-07-20,active,Instagram,2026-08-10
seth.smith682@hotmail.com,2026-09-15,active,Instagram,2026-09-28
nathan.hall103@gmail.com,2026-07-29,active,Instagram,2026-08-11
naomi.mitchell634@gmail.com,2026-08-03,active,Podcast,2026-09-17
caleb.peterson792@gmail.com,2026-08-14,active,X,2026-09-12
hannah.young890@gmail.com,2026-07-07,active,Instagram,2026-09-08
esther.turner149@gmail.com,2026-07-27,active,Instagram,2026-08-06
naomi.lewis837@gmail.com,2026-09-11,active,Instagram,
mary.miller150@gmail.com,2026-08-26,active,Facebook,2026-09-25
jacob.parker834@gmail.com,2026-07-19,active,Instagram,2026-08-13
peter.hill819@gmail.com,2026-08-16,active,Instagram,
naomi.carter660@gmail.com,2026-09-25,active,Google,2026-09-27
ben.morgan872@outlook.com,2026-09-16,active,Referral,2026-09-18
tim.smith921@outlook.com,2026-09-26,active,Facebook,2026-09-27
caleb.phillips496@gmail.com,2026-07-21,active,Referral,2026-09-13
aaron.thomas197@gmail.com,2026-09-18,active,Facebook,2026-09-21
joshua.clark945@gmail.com,2026-07-09,active,Facebook,2026-08-30
faith.carter232@icloud.com,2026-08-09,unsubscribed,Facebook,2026-09-24
Joshua.scott929@gmail.com,2026-09-11,active,Facebook,2026-09-22
isaac.hill670@protonmail.com,2026-07-20,active,X,2026-09-27
peter.king558@gmail.com,2026-09-23,active,X,2026-09-25
Aaron.clark259@gmail.com,2026-08-28,active,Facebook,2026-09-10
anna.martin190@gmail.com,2026-09-11,active,Google,2026-09-11
grace.mitchell317@hotmail.com,2026-08-03,active,Facebook,
paul.morris542@gmail.com,2026-08-16,active,Direct,2026-08-30
isaac.anderson615@protonmail.com,2026-08-25,active,Google,2026-08-29
leah.phillips514@gmail.com,2026-09-19,active,Instagram,2026-09-23
joy.murphy678@gmail.com,2026-09-21,active,Instagram,2026-09-24
sam.hall600@gmail.com,2026-07-13,active,Facebook,2026-09-07
luke.thomas911@gmail.com,2026-07-02,active,Instagram,2026-09-04
esther.brown103@gmail.com,2026-09-23,active,Instagram,2026-09-26
michael.reed52@gmail.com,2026-07-19,active,Google,2026-09-11
paul.mitchell806@gmail.com,2026-07-22,unsubscribed,Referral,2026-09-21
caleb.evans861@gmail.com,2026-09-09,active,X,2026-09-10
sarah.green788@hotmail.com,2026-07-12,active,Instagram,
naomi.adams748@gmail.com,2026-07-31,active,Referral,2026-09-15
sam.anderson785@icloud.com,2026-09-05,active,Google,
ben.davis328@gmail.com,2026-08-10,active,Facebook,2026-08-15
mary.peterson468@gmail.com,2026-08-04,active,Podcast,2026-09-20
kate.nelson995@gmail.com,2026-09-28,active,Google,2026-09-28
kate.morris273@outlook.com,2026-07-14,active,Facebook,2026-09-05
anna.anderson74@outlook.com,2026-09-11,active,Google,2026-09-27
kate.wright861@gmail.com,2026-07-15,active,Instagram,2026-09-17
rachel.johnson590@yahoo.com,2026-08-25,active,Instagram,2026-09-26
hannah.murphy421@yahoo.com,2026-08-08,active,Referral,2026-09-23
anna.turner270@gmail.com,2026-07-27,unsubscribed,Referral,
josiah.evans675@yahoo.com,2026-08-26,active,Facebook,2026-08-31
ellie.turner468@protonmail.com,2026-07-10,active,Podcast,2026-09-16
john.turner61@gmail.com,2026-09-16,active,Referral,2026-09-26
ethan.hall588@gmail.com,2026-07-02,unsubscribed,Direct,2026-09-28
tim.johnson222@hotmail.com,2026-07-18,active,Instagram,2026-09-19
hannah.davis778@protonmail.com,2026-07-22,active,Instagram,2026-08-19
kate.campbell476@outlook.com,2026-08-13,active,Google,2026-09-13
abigail.lewis7@gmail.com,2026-09-15,active,Instagram,2026-09-19
david.anderson288@gmail.com,2026-08-02,active,Facebook,2026-09-17
sarah.hall299@icloud.com,2026-09-01,active,Instagram,2026-09-05
john.lee723@gmail.com,2026-08-13,unsubscribed,Facebook,
isaac.carter138@hotmail.com,2026-09-17,active,Podcast,2026-09-20
ethan.young11@hotmail.com,2026-07-17,active,Podcast,2026-08-17
ruth.bailey575@protonmail.com,2026-09-26,active,Instagram,2026-09-27
kate.scott50@gmail.com,2026-07-29,active,Instagram,2026-08-11
josiah.collins492@gmail.com,2026-09-17,active,Referral,2026-09-17
david.young947@yahoo.com,2026-07-22,active,Instagram,2026-09-28
seth.brown209@gmail.com,2026-08-23,unsubscribed,Instagram,2026-09-28
ben.lee38@gmail.com,2026-09-22,unsubscribed,Direct,2026-09-24
john.evans244@gmail.com,2026-07-04,active,Podcast,2026-07-31
esther.smith740@gmail.com,2026-08-09,unsubscribed,Podcast,
naomi.johnson760@gmail.com,2026-09-16,active,Podcast,
lydia.miller45@gmail.com,2026-09-26,active,Referral,2026-09-28
eli.parker366@gmail.com,2026-08-06,active,Referral,2026-09-15
lydia.brown905@icloud.com,2026-08-02,active,Podcast,2026-09-22
matthew.murphy532@protonmail.com,2026-07-05,active,Instagram,2026-07-22
nathan.bell919@gmail.com,2026-07-22,active,Instagram,2026-08-21
ellie.cooper342@gmail.com,2026-09-13,active,X,2026-09-22
aaron.reed313@gmail.com,2026-07-17,active,Facebook,2026-09-21
luke.bell395@gmail.com,2026-08-08,active,Podcast,2026-08-31
matthew.king603@gmail.com,2026-07-31,active,Podcast,2026-09-28
zoe.mitchell489@protonmail.com,2026-07-20,unsubscribed,X,2026-07-29
joshua.wilson914@gmail.com,2026-09-21,active,Facebook,2026-09-24
faith.johnson146@gmail.com,2026-09-17,active,Facebook,2026-09-25
emily.thomas744@gmail.com,2026-08-31,active,Instagram,2026-09-27
julia.garcia468@gmail.com,2026-08-31,active,X,2026-09-13
andrew.turner706@gmail.com,2026-09-28,active,Referral,2026-09-28
joshua.baker106@gmail.com,2026-07-07,active,Referral,
mark.miller241@gmail.com,2026-07-01,unsubscribed,Instagram,
leah.young982@yahoo.com,2026-07-17,active,Instagram,2026-09-17
ruth.mitchell219@gmail.com,2026-07-21,unsubscribed,Instagram,
laura.clark557@icloud.com,2026-07-07,active,Direct,2026-09-13
ethan.allen495@gmail.com,2026-07-26,active,Instagram,2026-09-13
peter.nelson96@gmail.com,2026-08-19,unsubscribed,Facebook,2026-09-12
eli.brown647@protonmail.com,2026-09-24,unsubscribed,Referral,2026-09-25
abigail.williams262@gmail.com,2026-09-08,active,Podcast,2026-09-13
claire.young187@outlook.com,2026-07-21,active,Facebook,2026-09-27
rachel.evans632@gmail.com,2026-07-16,active,Instagram,2026-09-01
faith.phillips897@gmail.com,2026-08-25,active,Direct,2026-09-01
paul.miller983@hotmail.com,2026-09-15,active,Direct,2026-09-23
mark.smith13@protonmail.com,2026-07-21,active,Facebook,2026-09-11
michael.smith74@protonmail.com,2026-07-02,active,Instagram,2026-09-05
olivia.williams52@yahoo.com,2026-08-25,active,Direct,2026-09-04
chloe.parker791@hotmail.com,2026-08-28,unsubscribed,Facebook,2026-09-07
olivia.taylor405@gmail.com,2026-07-23,active,Facebook,2026-08-30
john.nelson103@icloud.com,2026-07-31,active,Instagram,2026-08-04
megan.nelson185@outlook.com,2026-07-03,active,Direct,2026-09-26
mary.bailey689@gmail.com,2026-08-25,active,Instagram,2026-09-20
claire.parker564@gmail.com,2026-07-08,active,Direct,2026-09-02
james.stewart523@yahoo.com,2026-09-21,active,Instagram,
faith.roberts426@outlook.com,2026-08-17,active,Instagram,
eli.thomas366@gmail.com,2026-09-15,active,Instagram,2026-09-16
megan.adams788@yahoo.com,2026-09-18,active,Google,2026-09-24
claire.nelson439@hotmail.com,2026-09-16,active,Instagram,2026-09-26
rachel.stewart302@icloud.com,2026-07-13,unsubscribed,Podcast,
mark.taylor85@outlook.com,2026-09-21,active,Referral,2026-09-22
Seth.Cooper156@Icloud.Com,2026-08-29,active,Referral,2026-09-17
lydia.murphy110@gmail.com,2026-08-27,active,Instagram,2026-08-30
hope.campbell645@protonmail.com,2026-08-12,active,Referral,
kate.martin172@gmail.com,2026-07-12,active,Instagram,
john.anderson830@gmail.com,2026-09-26,active,Podcast,2026-09-27
esther.bailey20@gmail.com,2026-09-17,active,Instagram,2026-09-17
jacob.young878@hotmail.com,2026-09-22,active,Instagram,2026-09-27
ethan.lewis242@hotmail.com,2026-08-13,active,Facebook,2026-08-30
hope.peterson127@gmail.com,2026-07-12,active,Direct,2026-09-17
ellie.adams582@icloud.com,2026-09-22,active,Instagram,2026-09-27
rachel.reed603@gmail.com,2026-09-22,active,Direct,2026-09-25
ben.murphy498@hotmail.com,2026-08-29,active,Referral,2026-09-28
eli.thomas657@protonmail.com,2026-08-15,active,Podcast,
mark.johnson404@icloud.com,2026-09-18,active,Google,2026-09-28
kate.williams520@gmail.com,2026-07-17,active,Podcast,2026-09-13
matthew.clark339@gmail.com,2026-07-05,active,Referral,2026-09-10
matthew.green591@gmail.com,2026-07-31,active,Instagram,2026-09-19
joshua.moore358@yahoo.com,2026-08-16,active,Referral,2026-09-06
nathan.wilson29@protonmail.com,2026-08-05,active,Google,2026-09-04
chloe.clark3@gmail.com,2026-09-04,unsubscribed,Instagram,2026-09-08
faith.adams270@icloud.com,2026-09-09,unsubscribed,Instagram,2026-09-24
anna.johnson665@outlook.com,2026-09-09,active,Instagram,
andrew.turner96@hotmail.com,2026-08-28,active,Facebook,
ben.martin922@gmail.com,2026-09-28,active,Facebook,2026-09-28
faith.peterson805@hotmail.com,2026-08-31,active,Facebook,2026-09-06
lydia.clark329@hotmail.com,2026-08-28,active,Instagram,
  julia.garcia468@gmail.com ,2026-08-31,active,X,2026-09-13
eli.mitchell249@outlook.com,2026-09-17,active,Referral,
matthew.morgan555@icloud.com,2026-07-11,active,Instagram,2026-08-27
josiah.bailey338@protonmail.com,2026-08-28,active,Instagram,2026-09-08
noah.young892@gmail.com,2026-09-11,active,Referral,2026-09-15
laura.taylor587@gmail.com,2026-09-02,active,Facebook,2026-09-06
seth.bell708@icloud.com,2026-07-30,active,Facebook,2026-09-05
seth.bell287@outlook.com,2026-08-20,active,Instagram,2026-09-02
laura.cooper884@gmail.com,2026-07-24,active,Referral,2026-09-18
hope.mitchell103@protonmail.com,2026-09-13,active,Instagram,2026-09-23
hope.nelson575@gmail.com,2026-07-11,unsubscribed,Instagram,
abigail.clark52@protonmail.com,2026-09-26,active,Referral,2026-09-27
daniel.roberts197@gmail.com,2026-07-04,active,Google,2026-09-27
jacob.wilson744@yahoo.com,2026-09-13,active,Referral,2026-09-26
daniel.roberts622@gmail.com,2026-09-05,active,Facebook,2026-09-22
luke.peterson357@protonmail.com,2026-08-23,active,Instagram,2026-09-20
zoe.miller663@protonmail.com,2026-08-17,active,Referral,
kate.murphy620@hotmail.com,2026-09-11,active,Direct,2026-09-13
andrew.edwards592@yahoo.com,2026-09-11,active,Facebook,2026-09-24
julia.brown625@gmail.com,2026-09-13,active,Instagram,2026-09-18
luke.roberts991@gmail.com,2026-07-04,active,Facebook,2026-08-30
daniel.davis537@gmail.com,2026-07-24,active,Instagram,2026-09-18
naomi.clark146@gmail.com,2026-09-26,unsubscribed,Instagram,
joy.peterson504@protonmail.com,2026-09-11,active,Instagram,2026-09-16
olivia.morgan193@gmail.com,2026-09-06,active,Instagram,2026-09-17
james.wilson17@gmail.com,2026-08-02,active,Referral,
kate.clark197@gmail.com,2026-08-21,active,Instagram,2026-09-15
sarah.wright230@protonmail.com,2026-07-07,unsubscribed,X,
grace.king582@protonmail.com,2026-09-16,unsubscribed,Google,
aaron.cook917@yahoo.com,2026-08-20,active,Facebook,2026-08-22
jacob.allen436@hotmail.com,2026-08-08,active,X,2026-09-18
olivia.smith217@gmail.com,2026-09-10,active,Instagram,2026-09-27
caleb.king448@gmail.com,2026-07-24,active,Instagram,
david.lewis961@icloud.com,2026-07-20,active,Referral,2026-08-11
mark.phillips509@gmail.com,2026-08-06,active,X,2026-09-15
sam.allen805@outlook.com,2026-08-06,active,Referral,
daniel.rogers562@outlook.com,2026-09-08,active,Instagram,2026-09-09
olivia.clark683@gmail.com,2026-08-20,active,Referral,2026-09-11
mary.thomas559@gmail.com,2026-08-08,active,Instagram,2026-09-02
laura.stewart609@hotmail.com,2026-07-27,active,Google,
andrew.miller213@icloud.com,2026-08-05,active,Facebook,2026-08-08
john.allen459@yahoo.com,2026-07-22,active,Google,2026-08-02
eli.thomas18@yahoo.com,2026-09-03,active,Direct,2026-09-09
aaron.stewart973@icloud.com,2026-09-25,active,Referral,2026-09-28
ruth.miller441@hotmail.com,2026-09-18,active,Instagram,2026-09-26
ben.allen235@gmail.com,2026-09-10,active,Facebook,2026-09-14
kate.adams361@gmail.com,2026-08-10,active,Google,2026-09-14
emily.wilson658@yahoo.com,2026-09-22,active,Referral,2026-09-24
paul.adams143@hotmail.com,2026-08-28,active,Instagram,2026-09-22
tim.morgan543@icloud.com,2026-08-13,active,Referral,2026-08-21
sarah.mitchell447@gmail.com,2026-08-07,active,Facebook,2026-08-08
joy.williams699@protonmail.com,2026-08-09,unsubscribed,Referral,
leah.lewis600@gmail.com,2026-08-15,active,Instagram,2026-09-02
eli.evans349@outlook.com,2026-09-15,active,Direct,2026-09-20
grace.reed399@gmail.com,2026-08-05,active,Instagram,2026-09-12
caleb.anderson530@gmail.com,2026-09-26,active,Instagram,2026-09-28
tim.edwards585@protonmail.com,2026-08-06,active,Facebook,2026-08-19
james.green187@hotmail.com,2026-09-14,active,Facebook,2026-09-22
noah.walker218@outlook.com,2026-07-05,active,Referral,
joshua.adams122@icloud.com,2026-09-27,active,Google,2026-09-28
peter.thomas806@protonmail.com,2026-08-01,active,Facebook,2026-09-09
olivia.garcia18@gmail.com,2026-08-20,active,Google,2026-09-25
hannah.young750@gmail.com,2026-08-23,active,Referral,2026-09-16
ruth.collins213@gmail.com,2026-09-18,active,Facebook,2026-09-25
hannah.reed599@protonmail.com,2026-08-19,active,Direct,2026-09-26
laura.clark276@gmail.com,2026-07-09,active,Facebook,2026-09-21
faith.wilson644@gmail.com,2026-09-26,active,Podcast,2026-09-28
joshua.nelson503@outlook.com,2026-07-23,active,Instagram,2026-09-20
matthew.stewart111@hotmail.com,2026-08-07,active,Referral,2026-08-13
grace.peterson274@gmail.com,2026-07-17,active,Referral,2026-08-26
faith.martin437@gmail.com,2026-07-23,active,Instagram,2026-09-22
matthew.evans579@gmail.com,2026-08-01,active,Referral,2026-09-08
sarah.walker888@protonmail.com,2026-07-13,active,Direct,2026-08-06
esther.taylor412@gmail.com,2026-08-21,active,Instagram,2026-09-13
kate.wright998@protonmail.com,2026-07-17,unsubscribed,Facebook,
leah.hill152@gmail.com,2026-07-15,active,Direct,2026-09-14
anna.taylor371@hotmail.com,2026-09-08,active,Instagram,2026-09-11
abigail.turner616@hotmail.com,2026-09-09,active,Google,2026-09-25
naomi.scott703@protonmail.com,2026-09-01,active,Instagram,2026-09-02
andrew.lee95@yahoo.com,2026-07-07,unsubscribed,Instagram,
julia.walker976@gmail.com,2026-09-06,active,Podcast,2026-09-08
sam.allen171@icloud.com,2026-07-07,active,Instagram,2026-09-07
eli.lewis939@gmail.com,2026-07-01,active,Instagram,
ethan.lee831@protonmail.com,2026-07-14,active,Google,2026-09-09
sam.green798@gmail.com,2026-09-09,unsubscribed,Google,2026-09-18
caleb.johnson285@gmail.com,2026-07-23,active,Facebook,2026-09-17
matthew.adams388@protonmail.com,2026-08-20,active,Podcast,2026-08-27
luke.edwards807@protonmail.com,2026-08-30,active,Instagram,2026-09-04
faith.scott558@protonmail.com,2026-08-04,active,Instagram,2026-09-21
david.parker370@gmail.com,2026-08-09,active,Google,
grace.king186@gmail.com,2026-09-27,active,Google,
emily.walker903@outlook.com,2026-07-24,active,X,2026-08-31
tim.hill184@gmail.com,2026-09-20,active,Referral,2026-09-24
david.davis609@gmail.com,2026-08-13,active,Google,2026-09-01
olivia.evans620@gmail.com,2026-09-28,active,Facebook,2026-09-28
esther.morgan29@gmail.com,2026-09-01,active,Podcast,2026-09-01
grace.wilson712@outlook.com,2026-09-13,active,Instagram,2026-09-20
kate.phillips383@gmail.com,2026-07-05,active,Instagram,2026-08-14
paul.wilson465@protonmail.com,2026-08-31,active,X,2026-09-14
grace.reed7@gmail.com,2026-08-05,unsubscribed,Referral,2026-09-02
ellie.cook764@gmail.com,2026-07-03,active,Google,2026-09-08
megan.adams664@gmail.com,2026-09-11,active,Instagram,2026-09-16
ben.roberts664@gmail.com,2026-09-23,active,Referral,2026-09-27
daniel.wilson500@gmail.com,2026-07-31,active,Google,2026-09-12
chloe.parker106@gmail.com,2026-07-03,active,X,2026-09-08
david.davis972@hotmail.com,2026-07-01,active,Instagram,
nathan.cooper210@yahoo.com,2026-09-27,active,Facebook,2026-09-28
megan.martin686@gmail.com,2026-07-18,active,Instagram,2026-09-13
julia.wright360@gmail.com,2026-08-20,active,X,2026-09-08
matthew.jones308@gmail.com,2026-09-17,active,Direct,2026-09-25
laura.reed400@gmail.com,2026-08-11,active,Instagram,2026-09-22
peter.reed310@yahoo.com,2026-08-08,active,Instagram,2026-08-16
seth.cooper785@hotmail.com,2026-08-27,active,Facebook,2026-09-13
emily.scott477@gmail.com,2026-08-13,active,Podcast,2026-09-14
sarah.davis365@outlook.com,2026-07-18,active,Instagram,2026-09-20
leah.williams993@gmail.com,2026-09-04,active,Referral,2026-09-24
andrew.morgan66@icloud.com,2026-07-06,unsubscribed,Instagram,
isaac.smith111@outlook.com,2026-08-27,unsubscribed,Referral,
esther.jones120@gmail.com,2026-09-28,active,Instagram,2026-09-28
noah.brown376@gmail.com,2026-08-28,active,Direct,2026-09-22
Megan.morris711@gmail.com,2026-08-17,unsubscribed,Instagram,
joshua.edwards504@gmail.com,2026-09-16,unsubscribed,Referral,
hope.morgan507@hotmail.com,2026-09-20,active,Direct,2026-09-24
luke.bell421@gmail.com,2026-07-31,active,Direct,2026-09-06
daniel.baker119@icloud.com,2026-08-01,active,Referral,
peter.cooper64@gmail.com,2026-07-10,active,Google,2026-09-20
rachel.stewart574@gmail.com,2026-08-07,active,Facebook,2026-09-20
esther.morris895@gmail.com,2026-09-15,active,Podcast,2026-09-20
joy.parker689@protonmail.com,2026-08-28,active,Google,2026-09-03
anna.evans780@gmail.com,2026-09-09,active,Referral,2026-09-23
mark.clark985@protonmail.com,2026-07-17,active,Google,
claire.baker250@gmail.com,2026-09-02,active,Direct,2026-09-07
Sarah.Clark972@Hotmail.Com,2026-09-28,active,Instagram,2026-09-28
laura.roberts215@gmail.com,2026-09-15,active,Referral,2026-09-24
hope.wilson48@gmail.com,2026-08-22,active,Facebook,2026-09-27
joy.miller191@gmail.com,2026-09-08,active,Instagram,2026-09-09
david.mitchell857@gmail.com,2026-09-01,active,Instagram,2026-09-05
jacob.allen587@gmail.com,2026-08-13,unsubscribed,Facebook,2026-09-24
lydia.parker4@gmail.com,2026-07-25,unsubscribed,Podcast,
nathan.evans523@gmail.com,2026-09-05,active,Instagram,
Luke.clark600@hotmail.com,2026-08-16,active,Referral,2026-09-02
mary.cook279@gmail.com,2026-07-23,active,Direct,
andrew.collins779@gmail.com,2026-09-19,active,Podcast,2026-09-25
eli.walker188@protonmail.com,2026-09-27,active,Instagram,2026-09-28
lydia.murphy787@icloud.com,2026-09-28,active,Facebook,2026-09-28
abigail.lee707@outlook.com,2026-07-18,unsubscribed,Instagram,
chloe.bell152@hotmail.com,2026-07-01,active,Facebook,2026-09-11
ben.anderson807@gmail.com,2026-07-12,unsubscribed,Facebook,
anna.hall656@gmail.com,2026-09-24,unsubscribed,Google,
sam.lewis44@gmail.com,2026-07-13,active,Instagram,2026-09-22
grace.anderson781@gmail.com,2026-07-10,active,Google,2026-09-13
emily.reed894@outlook.com,2026-09-09,active,Podcast,2026-09-13
peter.lee936@gmail.com,2026-07-27,unsubscribed,Google,
matthew.lee878@icloud.com,2026-07-30,active,X,2026-09-02
john.carter270@gmail.com,2026-09-22,active,Instagram,2026-09-25
james.campbell539@gmail.com,2026-07-31,active,Referral,2026-09-26
joy.brown946@gmail.com,2026-09-22,active,Referral,2026-09-24
hope.evans811@hotmail.com,2026-07-17,unsubscribed,Facebook,2026-09-21
ethan.cook537@gmail.com,2026-08-14,active,Instagram,
seth.walker93@gmail.com,2026-09-24,active,Google,2026-09-26
anna.johnson334@gmail.com,2026-07-17,active,Instagram,2026-09-18
lydia.garcia819@gmail.com,2026-08-12,active,Referral,2026-09-08
peter.thomas86@gmail.com,2026-07-07,active,Facebook,2026-08-17
leah.cooper965@protonmail.com,2026-08-08,active,Google,2026-09-06
james.edwards731@gmail.com,2026-08-27,unsubscribed,Instagram,2026-09-22
seth.reed828@protonmail.com,2026-08-26,active,Instagram,2026-08-31
abigail.campbell81@yahoo.com,2026-09-09,active,Referral,2026-09-13
megan.nelson114@gmail.com,2026-07-24,active,Facebook,2026-09-21
caleb.miller309@outlook.com,2026-07-15,active,Referral,
caleb.johnson17@gmail.com,2026-07-29,active,Instagram,2026-08-05
mary.baker585@yahoo.com,2026-09-27,active,Google,2026-09-28
sam.evans512@yahoo.com,2026-07-29,active,Instagram,2026-09-11
julia.moore934@gmail.com,2026-08-25,unsubscribed,Referral,
matthew.parker440@hotmail.com,2026-08-09,active,Direct,2026-09-14
aaron.jones61@gmail.com,2026-08-24,active,Podcast,2026-09-26
ellie.morgan134@gmail.com,2026-08-16,active,Google,2026-09-26
claire.green116@gmail.com,2026-08-18,active,Podcast,2026-09-05
sarah.martin32@icloud.com,2026-08-31,active,Google,2026-09-03
isaac.parker772@icloud.com,2026-08-31,active,Instagram,2026-09-19
james.bailey826@gmail.com,2026-09-06,active,Referral,2026-09-14
leah.king797@gmail.com,2026-07-15,active,Instagram,
caleb.baker303@yahoo.com,2026-09-14,active,Google,
matthew.anderson772@hotmail.com,2026-09-25,active,Referral,2026-09-26
naomi.edwards57@gmail.com,2026-07-20,unsubscribed,Facebook,2026-09-04
emily.turner794@gmail.com,2026-08-17,active,Google,2026-09-10
faith.thomas605@icloud.com,2026-07-17,active,Instagram,2026-08-19
peter.nelson269@gmail.com,2026-07-06,active,Google,2026-08-31
daniel.parker799@gmail.com,2026-09-15,active,Facebook,2026-09-21
eli.clark512@icloud.com,2026-09-02,active,Podcast,2026-09-26
nathan.reed371@hotmail.com,2026-08-16,active,Google,2026-09-19
abigail.mitchell216@gmail.com,2026-07-10,active,Facebook,
anna.johnson758@icloud.com,2026-07-26,active,Referral,2026-08-31
ellie.clark661@outlook.com,2026-08-07,unsubscribed,Instagram,2026-09-11
josiah.johnson513@icloud.com,2026-09-25,active,Instagram,2026-09-26
david.smith741@gmail.com,2026-09-10,active,Facebook,2026-09-25
ruth.davis689@protonmail.com,2026-09-24,active,Instagram,2026-09-26
ben.jones349@gmail.com,2026-09-18,active,Direct,2026-09-27
daniel.green132@gmail.com,2026-09-13,active,Instagram,2026-09-23
daniel.morris587@gmail.com,2026-09-18,active,Instagram,2026-09-26
anna.reed424@hotmail.com,2026-09-16,active,Google,2026-09-20
seth.murphy770@icloud.com,2026-08-06,active,Referral,2026-09-26
mary.collins143@yahoo.com,2026-07-19,active,Instagram,2026-09-28
mary.edwards925@gmail.com,2026-09-25,active,Google,2026-09-25
rachel.nelson47@icloud.com,2026-08-29,unsubscribed,Direct,
hannah.morgan721@gmail.com,2026-08-06,active,Direct,2026-09-04
faith.green262@yahoo.com,2026-07-04,active,Podcast,2026-09-26
joy.king810@gmail.com,2026-08-25,active,Podcast,2026-09-13
tim.murphy170@gmail.com,2026-08-08,active,Podcast,2026-09-03
zoe.garcia864@gmail.com,2026-08-29,active,Instagram,
anna.clark989@yahoo.com,2026-07-09,active,Instagram,2026-08-06
lydia.reed127@yahoo.com,2026-09-02,active,Referral,2026-09-06
nathan.mitchell272@protonmail.com,2026-09-15,active,X,2026-09-26
laura.bailey777@gmail.com,2026-07-10,active,Facebook,2026-09-19
mark.anderson705@gmail.com,2026-07-30,active,Instagram,2026-09-04
lydia.wilson246@gmail.com,2026-09-14,active,Direct,
paul.morris832@gmail.com,2026-08-07,unsubscribed,Referral,
zoe.roberts801@hotmail.com,2026-07-08,active,Facebook,2026-09-16
chloe.scott122@gmail.com,2026-07-23,active,Referral,2026-09-19
Paul.Brown992@Gmail.Com,2026-08-28,active,Facebook,2026-09-22
michael.campbell426@outlook.com,2026-08-24,active,Instagram,2026-08-31
olivia.smith37@protonmail.com,2026-09-10,active,Instagram,2026-09-22
hannah.murphy293@outlook.com,2026-07-03,active,Referral,2026-09-18
zoe.allen235@gmail.com,2026-09-02,active,Podcast,2026-09-15
isaac.rogers977@protonmail.com,2026-07-23,active,Instagram,2026-09-28
laura.jones361@gmail.com,2026-09-14,active,Facebook,2026-09-27
noah.bell936@gmail.com,2026-08-19,active,Direct,2026-09-20
mark.martin772@gmail.com,2026-08-01,active,Facebook,2026-09-01
esther.campbell435@icloud.com,2026-09-18,active,Referral,2026-09-18
paul.reed930@gmail.com,2026-07-20,active,Instagram,2026-09-02
anna.brown781@gmail.com,2026-08-09,active,X,2026-08-10
megan.hill153@hotmail.com,2026-09-25,active,Referral,2026-09-28
josiah.stewart391@gmail.com,2026-08-08,active,Podcast,2026-09-27
josiah.morris908@gmail.com,2026-08-21,active,Direct,2026-09-20
isaac.smith957@gmail.com,2026-07-26,active,Instagram,2026-09-14
james.mitchell934@gmail.com,2026-09-01,active,Instagram,
hope.phillips872@gmail.com,2026-07-28,active,Instagram,2026-08-11
faith.murphy442@icloud.com,2026-08-10,active,Facebook,2026-09-22
chloe.clark627@gmail.com,2026-07-10,active,Facebook,2026-09-10
megan.cook69@gmail.com,2026-09-20,active,Instagram,
julia.king122@gmail.com,2026-09-28,active,Instagram,2026-09-28
  eli.roberts648@gmail.com ,2026-09-26,active,Instagram,
josiah.taylor774@gmail.com,2026-09-14,active,Instagram,2026-09-26
chloe.stewart825@outlook.com,2026-07-05,active,Instagram,2026-08-31
matthew.carter210@gmail.com,2026-08-29,active,Referral,2026-09-14
faith.walker921@icloud.com,2026-08-24,active,Podcast,2026-09-09
michael.walker750@protonmail.com,2026-07-12,active,Facebook,2026-09-02
faith.peterson118@protonmail.com,2026-09-24,active,Google,2026-09-26
luke.murphy231@protonmail.com,2026-07-21,active,Facebook,2026-09-25
faith.hill75@gmail.com,2026-09-11,active,Instagram,2026-09-19
seth.cook348@gmail.com,2026-08-29,active,Facebook,2026-09-02
luke.green975@gmail.com,2026-09-14,active,Instagram,2026-09-26
faith.moore505@gmail.com,2026-07-14,active,Referral,2026-09-18
kate.wilson188@gmail.com,2026-08-10,active,Referral,2026-09-12
mark.nelson563@gmail.com,2026-07-12,active,Referral,2026-08-15
hannah.johnson166@gmail.com,2026-08-25,active,Instagram,2026-09-12
olivia.walker867@outlook.com,2026-07-28,active,Google,2026-08-31
hannah.morgan780@gmail.com,2026-07-19,active,Instagram,2026-09-18
sam.green927@hotmail.com,2026-09-06,active,Instagram,2026-09-06
grace.cooper436@yahoo.com,2026-07-08,active,Instagram,2026-09-20
megan.hall149@icloud.com,2026-09-15,active,Facebook,2026-09-18
rachel.thomas116@gmail.com,2026-08-07,active,Instagram,2026-09-26
kate.parker782@gmail.com,2026-08-29,active,Referral,2026-09-10
joshua.carter769@icloud.com,2026-08-07,active,Google,2026-09-07
laura.reed922@hotmail.com,2026-08-22,active,Instagram,2026-09-01
james.scott801@gmail.com,2026-08-19,active,Facebook,2026-09-19
lydia.lee195@outlook.com,2026-08-28,active,Direct,2026-09-21
joy.clark544@gmail.com,2026-09-02,active,Podcast,2026-09-05
zoe.davis151@outlook.com,2026-09-24,active,Instagram,2026-09-25
faith.bailey405@icloud.com,2026-08-22,active,Direct,2026-09-16
naomi.parker940@gmail.com,2026-09-10,active,Instagram,2026-09-27
david.green677@gmail.com,2026-09-03,active,Podcast,
daniel.anderson437@protonmail.com,2026-08-26,active,Facebook,2026-09-28
luke.cook214@gmail.com,2026-07-30,active,Instagram,2026-08-20
joy.moore751@gmail.com,2026-09-26,active,Instagram,
sarah.smith712@protonmail.com,2026-08-11,active,Instagram,
olivia.parker814@protonmail.com,2026-07-30,active,Referral,2026-09-25
seth.phillips926@gmail.com,2026-07-17,active,Instagram,2026-09-01
ellie.garcia608@gmail.com,2026-08-15,active,Referral,2026-08-21
ethan.allen457@hotmail.com,2026-09-08,active,Referral,2026-09-26
jacob.lee934@protonmail.com,2026-09-07,active,Direct,2026-09-22
julia.stewart516@gmail.com,2026-08-28,active,Google,2026-09-11
joy.hall898@gmail.com,2026-07-01,active,Facebook,
john.collins395@gmail.com,2026-08-22,active,Google,2026-09-13
julia.campbell451@gmail.com,2026-07-11,active,Instagram,2026-09-27
hope.brown949@outlook.com,2026-09-16,unsubscribed,Referral,2026-09-19
julia.stewart252@protonmail.com,2026-07-29,active,Referral,2026-09-12
matthew.collins3@gmail.com,2026-09-09,active,Referral,2026-09-22
anna.turner41@yahoo.com,2026-09-03,active,Instagram,2026-09-20
james.morris121@icloud.com,2026-07-31,active,Referral,2026-09-20
olivia.morris982@gmail.com,2026-09-26,active,Podcast,2026-09-27
julia.williams806@protonmail.com,2026-07-31,active,Facebook,2026-09-04
ellie.allen499@icloud.com,2026-07-11,active,Instagram,
emily.turner292@icloud.com,2026-09-27,active,Google,2026-09-28
ben.baker777@icloud.com,2026-07-28,active,Direct,2026-08-21
eli.king650@gmail.com,2026-09-10,active,Instagram,2026-09-23
mark.mitchell662@outlook.com,2026-08-13,active,Instagram,2026-08-28
laura.adams594@icloud.com,2026-09-01,active,Facebook,2026-09-10
  matthew.murphy532@protonmail.com ,2026-07-05,active,Instagram,2026-07-22
tim.williams620@yahoo.com,2026-09-27,active,Instagram,2026-09-27
naomi.evans852@gmail.com,2026-07-04,active,Google,2026-09-11
hannah.allen146@gmail.com,2026-08-14,active,Instagram,2026-09-21
faith.baker991@icloud.com,2026-08-05,active,Instagram,
grace.cook534@gmail.com,2026-08-10,active,Facebook,2026-09-07
aaron.taylor637@gmail.com,2026-07-28,active,Direct,2026-09-08
lydia.morris696@icloud.com,2026-09-26,unsubscribed,Referral,
john.garcia889@outlook.com,2026-08-14,active,Facebook,2026-09-19
esther.stewart175@hotmail.com,2026-07-07,active,Instagram,2026-09-02
matthew.mitchell593@gmail.com,2026-09-20,active,Referral,2026-09-23
matthew.stewart616@hotmail.com,2026-07-14,active,Instagram,2026-09-08
josiah.anderson943@gmail.com,2026-09-02,active,Instagram,2026-09-02
abigail.cook681@gmail.com,2026-07-17,active,Podcast,2026-09-18
john.collins85@gmail.com,2026-08-29,active,Instagram,2026-09-17
claire.young618@hotmail.com,2026-08-19,unsubscribed,Instagram,
michael.moore857@gmail.com,2026-07-13,active,Instagram,2026-09-13
paul.cook176@gmail.com,2026-08-04,active,Referral,2026-08-04
caleb.morris406@gmail.com,2026-09-23,active,Facebook,2026-09-27
claire.campbell119@gmail.com,2026-09-25,active,Facebook,2026-09-27
ellie.miller630@gmail.com,2026-09-13,active,Referral,2026-09-19
Peter.Clark211@Hotmail.Com,2026-09-15,active,Podcast,2026-09-27
caleb.wilson44@yahoo.com,2026-07-08,active,Podcast,2026-09-27
ruth.rogers585@protonmail.com,2026-07-31,unsubscribed,Instagram,2026-08-30
josiah.carter270@protonmail.com,2026-07-05,unsubscribed,Google,
john.taylor757@icloud.com,2026-08-24,active,Instagram,2026-09-05
caleb.reed555@gmail.com,2026-09-14,active,Facebook,2026-09-24
sam.reed771@icloud.com,2026-08-25,unsubscribed,Instagram,
esther.lewis224@outlook.com,2026-07-30,active,Podcast,2026-08-30
faith.evans222@outlook.com,2026-09-06,active,Instagram,2026-09-24
olivia.smith308@gmail.com,2026-07-21,active,Facebook,2026-08-17
Paul.turner991@yahoo.com,2026-08-16,active,Referral,2026-09-24
joshua.williams559@gmail.com,2026-09-03,unsubscribed,Direct,2026-09-05
matthew.cook108@gmail.com,2026-08-02,active,Referral,2026-09-24
anna.murphy764@yahoo.com,2026-09-14,unsubscribed,Direct,
john.roberts103@outlook.com,2026-09-07,active,Instagram,2026-09-15
tim.miller825@protonmail.com,2026-09-27,active,Facebook,2026-09-27
jacob.nelson401@gmail.com,2026-09-05,active,Facebook,2026-09-15
laura.brown655@gmail.com,2026-08-05,active,Instagram,2026-09-23
isaac.nelson572@icloud.com,2026-08-20,active,Podcast,2026-09-21
paul.hall843@hotmail.com,2026-07-12,unsubscribed,Direct,2026-08-19
mary.adams604@protonmail.com,2026-09-15,active,Instagram,2026-09-21
ellie.adams345@gmail.com,2026-07-06,active,Instagram,2026-09-10
andrew.king826@gmail.com,2026-07-01,active,Referral,2026-07-14
luke.turner63@yahoo.com,2026-09-18,active,Referral,2026-09-24
ethan.turner131@gmail.com,2026-08-10,unsubscribed,Podcast,2026-09-13
kate.lewis490@gmail.com,2026-09-15,active,Podcast,2026-09-21
abigail.wright328@gmail.com,2026-08-31,active,Instagram,2026-09-17
sam.edwards142@hotmail.com,2026-08-07,active,Referral,2026-08-24
josiah.rogers924@gmail.com,2026-07-18,active,Instagram,2026-07-25
claire.reed593@hotmail.com,2026-09-09,unsubscribed,Google,
megan.rogers628@protonmail.com,2026-09-05,active,Instagram,2026-09-13
peter.young300@gmail.com,2026-08-04,unsubscribed,Google,2026-09-07
lydia.adams228@protonmail.com,2026-07-20,active,X,2026-09-01
grace.anderson581@hotmail.com,2026-08-26,unsubscribed,X,
abigail.mitchell548@hotmail.com,2026-09-22,active,Instagram,2026-09-24
peter.roberts610@gmail.com,2026-08-16,active,Referral,
faith.morris553@hotmail.com,2026-07-31,active,Google,2026-09-14
zoe.moore198@outlook.com,2026-09-28,active,Instagram,2026-09-28
seth.garcia33@protonmail.com,2026-08-10,active,Google,2026-09-09
aaron.walker919@gmail.com,2026-07-02,active,Facebook,2026-09-22
naomi.scott15@yahoo.com,2026-09-15,unsubscribed,Podcast,2026-09-16
jacob.campbell382@outlook.com,2026-09-08,active,Facebook,2026-09-12
david.garcia592@yahoo.com,2026-09-09,active,Facebook,2026-09-28
aaron.wilson893@gmail.com,2026-09-06,active,Referral,2026-09-24
olivia.morris629@gmail.com,2026-07-22,active,Podcast,2026-09-13
Jacob.Phillips750@Gmail.Com,2026-07-11,active,Referral,2026-09-05
sam.morgan270@hotmail.com,2026-08-06,active,Podcast,2026-09-07
rachel.hall846@hotmail.com,2026-07-12,active,Instagram,
leah.cook305@gmail.com,2026-08-20,active,Facebook,2026-09-01
joshua.cooper708@gmail.com,2026-08-07,active,Google,2026-09-09
faith.cooper632@gmail.com,2026-09-09,active,Referral,2026-09-24
faith.adams847@gmail.com,2026-08-28,active,Instagram,2026-09-24
grace.wright26@outlook.com,2026-07-11,active,Facebook,2026-09-05
josiah.lewis556@gmail.com,2026-09-17,active,Google,2026-09-22
isaac.hall913@gmail.com,2026-09-21,active,Instagram,2026-09-26
aaron.anderson643@outlook.com,2026-09-25,active,Google,2026-09-25
zoe.king426@gmail.com,2026-07-31,active,Referral,2026-09-26
david.jones586@gmail.com,2026-09-14,active,Referral,2026-09-14
laura.cooper353@gmail.com,2026-08-06,active,Google,2026-09-02
james.johnson635@gmail.com,2026-09-22,unsubscribed,Instagram,
aaron.wilson193@icloud.com,2026-08-07,active,Facebook,2026-08-19
eli.clark874@icloud.com,2026-08-29,active,Referral,2026-09-04
kate.turner148@gmail.com,2026-09-26,active,Instagram,2026-09-28
ethan.young190@gmail.com,2026-09-23,unsubscribed,Instagram,2026-09-23
noah.lee8@gmail.com,2026-07-30,active,Podcast,2026-09-24
josiah.moore587@icloud.com,2026-07-15,active,Instagram,2026-09-08
hope.smith915@icloud.com,2026-09-16,active,Instagram,2026-09-24
zoe.allen163@gmail.com,2026-07-10,active,Podcast,
isaac.taylor109@gmail.com,2026-08-09,active,Instagram,2026-09-04
michael.walker63@gmail.com,2026-07-17,active,Direct,2026-09-15
abigail.bell511@protonmail.com,2026-07-10,active,Facebook,2026-08-17
andrew.green182@gmail.com,2026-07-13,active,Referral,2026-08-30
hannah.anderson405@yahoo.com,2026-09-06,unsubscribed,Google,2026-09-15
seth.young937@gmail.com,2026-08-05,active,Facebook,2026-09-06
leah.collins952@gmail.com,2026-09-20,active,Facebook,
ellie.edwards635@outlook.com,2026-09-13,active,Instagram,2026-09-14
zoe.miller887@gmail.com,2026-09-07,active,Instagram,2026-09-21
joshua.thomas791@gmail.com,2026-09-26,active,Facebook,2026-09-27
anna.cook970@hotmail.com,2026-09-07,active,X,2026-09-27
joshua.clark120@gmail.com,2026-07-31,active,Google,2026-09-26
mary.edwards842@gmail.com,2026-08-19,unsubscribed,Facebook,
laura.moore515@protonmail.com,2026-08-14,active,Facebook,2026-09-18
megan.allen47@outlook.com,2026-08-10,active,Referral,
eli.lewis460@hotmail.com,2026-09-12,active,Instagram,2026-09-21
seth.scott776@gmail.com,2026-09-23,active,Instagram,2026-09-25
julia.martin957@icloud.com,2026-08-08,active,Referral,2026-09-07
rachel.green189@protonmail.com,2026-08-11,active,Google,2026-09-15
sarah.garcia702@gmail.com,2026-08-09,active,Referral,2026-09-14
paul.anderson37@gmail.com,2026-09-06,active,Referral,2026-09-18
matthew.rogers144@gmail.com,2026-09-02,unsubscribed,Referral,
claire.baker803@hotmail.com,2026-08-21,active,Referral,2026-09-27
joshua.king234@gmail.com,2026-07-31,active,Podcast,2026-09-12
laura.evans848@gmail.com,2026-07-10,active,Podcast,2026-07-27
julia.jones92@gmail.com,2026-07-08,unsubscribed,Instagram,
claire.smith118@yahoo.com,2026-08-27,active,Instagram,2026-09-27
james.nelson49@gmail.com,2026-09-16,active,Facebook,2026-09-17
emily.roberts97@outlook.com,2026-07-31,unsubscribed,Instagram,
kate.stewart589@icloud.com,2026-09-28,active,Instagram,2026-09-28
rachel.baker441@gmail.com,2026-07-28,active,Facebook,2026-09-14
kate.green118@gmail.com,2026-09-22,unsubscribed,Referral,2026-09-26
julia.rogers133@outlook.com,2026-08-05,active,Referral,2026-09-19
esther.peterson606@icloud.com,2026-07-29,unsubscribed,Google,
laura.davis38@gmail.com,2026-09-11,active,Instagram,2026-09-20
ethan.murphy903@outlook.com,2026-08-03,active,Direct,2026-09-07
megan.cooper610@yahoo.com,2026-07-19,active,Facebook,2026-07-19
daniel.turner268@hotmail.com,2026-07-19,unsubscribed,Referral,2026-09-20
luke.jones725@gmail.com,2026-07-01,active,Instagram,2026-09-28
laura.king908@outlook.com,2026-07-16,active,Google,2026-08-26
josiah.hall240@hotmail.com,2026-07-31,active,Google,2026-09-13
daniel.green595@protonmail.com,2026-08-10,active,Referral,2026-09-05
megan.wilson674@icloud.com,2026-09-12,active,Instagram,2026-09-20
kate.taylor502@gmail.com,2026-07-14,active,Instagram,2026-09-16
olivia.parker129@gmail.com,2026-08-01,active,Instagram,2026-09-18
ben.edwards899@outlook.com,2026-07-03,unsubscribed,Podcast,2026-08-31
mark.scott567@gmail.com,2026-08-12,unsubscribed,Facebook,
sam.jones999@icloud.com,2026-08-05,active,Instagram,2026-08-31
zoe.williams244@hotmail.com,2026-08-13,active,Direct,2026-08-31
kate.young176@gmail.com,2026-08-26,active,Podcast,2026-09-14
julia.cook161@gmail.com,2026-08-20,active,Referral,2026-09-02
hannah.smith725@gmail.com,2026-09-07,active,Instagram,2026-09-26
grace.peterson156@gmail.com,2026-07-21,active,Instagram,2026-09-03
ethan.wright802@yahoo.com,2026-08-09,active,Google,
ellie.thomas639@protonmail.com,2026-08-19,active,Facebook,2026-09-17
olivia.rogers833@gmail.com,2026-09-06,active,Referral,2026-09-18
luke.collins382@hotmail.com,2026-08-18,active,Referral,2026-09-01
faith.lee834@gmail.com,2026-09-08,active,Facebook,2026-09-13
Kate.Green443@Gmail.Com,2026-09-04,active,Google,
laura.walker103@gmail.com,2026-07-16,unsubscribed,Instagram,2026-09-01
jacob.campbell877@gmail.com,2026-09-15,active,Google,2026-09-19
mark.lee932@gmail.com,2026-08-31,active,Referral,2026-09-16
nathan.morgan781@gmail.com,2026-07-27,unsubscribed,Referral,
daniel.martin543@gmail.com,2026-08-10,unsubscribed,Referral,
grace.edwards291@gmail.com,2026-09-11,active,Podcast,2026-09-19
sarah.miller437@yahoo.com,2026-07-18,active,Direct,2026-09-24
claire.hill298@gmail.com,2026-09-04,active,Direct,2026-09-07
matthew.walker392@gmail.com,2026-07-18,active,Referral,2026-09-03
seth.cooper457@gmail.com,2026-09-11,active,Podcast,2026-09-20
JOSIAH.COOK262@ICLOUD.COM,2026-09-10,active,Facebook,2026-09-24
daniel.morgan748@icloud.com,2026-08-29,active,Instagram,2026-09-06
joshua.campbell867@gmail.com,2026-08-25,active,Referral,2026-09-27
abigail.davis336@gmail.com,2026-08-28,active,Referral,2026-09-06
ben.johnson509@yahoo.com,2026-08-06,active,X,
julia.stewart338@gmail.com,2026-08-28,active,Google,2026-09-02
nathan.lewis75@gmail.com,2026-08-24,active,Instagram,2026-09-16
jacob.johnson38@gmail.com,2026-07-06,active,Facebook,
daniel.parker5@gmail.com,2026-08-23,unsubscribed,Podcast,2026-09-16
josiah.jones185@gmail.com,2026-07-31,active,Google,2026-09-03
daniel.wilson90@gmail.com,2026-08-11,active,Referral,2026-09-03
ellie.campbell77@gmail.com,2026-09-26,active,Facebook,2026-09-27
lydia.wilson927@gmail.com,2026-09-19,active,Google,2026-09-22
sarah.allen681@gmail.com,2026-09-06,active,Facebook,2026-09-27
paul.stewart445@yahoo.com,2026-09-14,unsubscribed,Direct,2026-09-21
sam.wilson620@outlook.com,2026-09-09,unsubscribed,Instagram,2026-09-21
josiah.parker885@gmail.com,2026-08-04,active,Referral,2026-09-17
ruth.bell278@icloud.com,2026-09-01,active,Google,2026-09-16
david.scott618@gmail.com,2026-07-03,active,Facebook,2026-09-27
hannah.smith659@hotmail.com,2026-07-26,active,Facebook,2026-09-08
tim.reed330@gmail.com,2026-07-28,active,Referral,2026-09-11
,,,,
naomi.johnson65@hotmail.com,2026-09-24,active,Instagram,2026-09-28
rachel.lee208@gmail.com,2026-09-20,active,Google,2026-09-21
andrew.garcia73@outlook.com,2026-07-08,active,Referral,
michael.williams212@gmail.com,2026-08-28,active,Facebook,
david.roberts983@protonmail.com,2026-07-08,active,Instagram,2026-09-20
emily.miller401@gmail.com,2026-07-28,active,Instagram,2026-09-15
sarah.miller223@gmail.com,2026-09-25,unsubscribed,Google,
sarah.walker319@icloud.com,2026-09-12,unsubscribed,Google,
caleb.king206@hotmail.com,2026-09-20,active,Referral,2026-09-24
mary.edwards126@icloud.com,2026-07-28,active,Direct,2026-09-22
paul.taylor238@gmail.com,2026-09-03,active,Instagram,2026-09-14
paul.stewart456@gmail.com,2026-07-24,active,Instagram,
paul.smith972@hotmail.com,2026-08-08,unsubscribed,X,
michael.clark878@gmail.com,2026-07-26,active,Referral,2026-08-12
isaac.walker112@outlook.com,2026-09-02,active,Referral,2026-09-20
paul.wilson68@gmail.com,2026-07-19,active,Facebook,2026-09-19
claire.martin427@outlook.com,2026-07-02,active,Facebook,2026-09-19
isaac.bailey22@outlook.com,2026-09-11,active,Instagram,2026-09-28
esther.morgan263@gmail.com,2026-07-17,active,Google,2026-09-06
daniel.phillips107@protonmail.com,2026-08-13,active,Facebook,2026-08-31
anna.lewis54@gmail.com,2026-09-11,active,Referral,2026-09-19
nathan.peterson499@gmail.com,2026-08-30,active,Google,2026-09-18
hope.morgan408@gmail.com,2026-08-22,active,Facebook,2026-09-04
leah.jones182@gmail.com,2026-08-30,active,Facebook,2026-09-09
hannah.moore450@yahoo.com,2026-09-13,active,X,2026-09-20
esther.clark701@hotmail.com,2026-08-13,active,Facebook,2026-09-04
anna.lewis174@icloud.com,2026-08-17,active,Facebook,2026-09-24
ben.adams410@gmail.com,2026-08-04,unsubscribed,Facebook,
Claire.Scott935@Gmail.Com,2026-08-07,active,Instagram,
isaac.edwards432@protonmail.com,2026-08-06,active,Referral,2026-09-24
julia.morgan473@gmail.com,2026-08-31,active,Instagram,2026-09-15
eli.cook600@gmail.com,2026-08-26,active,Instagram,2026-09-02
kate.mitchell405@protonmail.com,2026-08-26,active,Direct,2026-09-25
joshua.morris828@gmail.com,2026-08-10,active,Podcast,2026-08-18
david.carter399@gmail.com,2026-09-15,active,X,2026-09-17
emily.mitchell387@gmail.com,2026-08-09,active,Facebook,2026-09-27
ben.green226@gmail.com,2026-07-08,active,Referral,2026-09-06
claire.bell755@outlook.com,2026-09-25,active,Instagram,2026-09-26
ethan.turner225@outlook.com,2026-07-30,active,Facebook,
peter.brown814@gmail.com,2026-07-18,active,Instagram,
eli.bailey143@gmail.com,2026-09-03,active,Facebook,
zoe.parker238@icloud.com,2026-09-10,active,Direct,
laura.bell611@gmail.com,2026-09-01,active,Instagram,2026-09-15
paul.bailey436@gmail.com,2026-09-06,active,Facebook,2026-09-21
daniel.rogers554@icloud.com,2026-09-09,active,Instagram,2026-09-27
noah.green106@gmail.com,2026-09-07,active,Instagram,2026-09-25
lydia.hall841@yahoo.com,2026-08-26,active,Direct,2026-09-11
daniel.anderson109@gmail.com,2026-08-13,active,Referral,2026-09-09
daniel.phillips358@hotmail.com,2026-09-23,active,Facebook,2026-09-24
daniel.jones16@gmail.com,2026-08-25,active,Instagram,2026-08-27
ben.bailey175@hotmail.com,2026-09-23,active,Facebook,
ethan.murphy396@gmail.com,2026-08-06,unsubscribed,Referral,
julia.moore94@gmail.com,2026-08-06,active,Referral,2026-08-28
julia.jones400@gmail.com,2026-07-11,active,Instagram,2026-09-17
leah.stewart166@outlook.com,2026-07-23,active,Google,
hannah.bell84@hotmail.com,2026-07-24,unsubscribed,Google,2026-09-15
joy.adams705@gmail.com,2026-07-22,active,Podcast,2026-08-10
rachel.lee597@outlook.com,2026-07-01,active,Facebook,2026-09-06
joy.wright559@gmail.com,2026-09-03,active,Referral,2026-09-18
david.johnson794@outlook.com,2026-09-12,active,Referral,
abigail.cooper163@gmail.com,2026-08-23,active,Instagram,
  hope.carter220@hotmail.com ,2026-07-28,unsubscribed,Direct,
lydia.edwards257@protonmail.com,2026-08-06,active,Facebook,2026-09-03
naomi.edwards986@protonmail.com,2026-07-13,active,Instagram,2026-09-12
mary.lee438@yahoo.com,2026-07-15,active,Facebook,2026-08-21
rachel.king717@icloud.com,2026-08-23,active,Direct,
ruth.stewart941@protonmail.com,2026-09-22,active,Facebook,2026-09-27
joy.nelson446@gmail.com,2026-07-22,active,X,2026-08-22
aaron.morgan157@gmail.com,2026-09-06,active,Podcast,2026-09-22
grace.wilson40@gmail.com,2026-09-28,active,Referral,2026-09-28
leah.morris555@gmail.com,2026-08-22,active,Referral,2026-09-15
anna.young111@outlook.com,2026-08-06,unsubscribed,Instagram,
laura.allen170@gmail.com,2026-09-09,active,Referral,2026-09-15
leah.jones287@yahoo.com,2026-09-02,active,Instagram,
mary.bell153@protonmail.com,2026-08-26,active,Instagram,2026-09-15
ben.thomas584@icloud.com,2026-09-27,active,Referral,2026-09-28
michael.campbell867@hotmail.com,2026-08-15,active,Direct,2026-09-22
grace.bell672@gmail.com,2026-08-01,active,Instagram,2026-09-16
faith.bailey874@gmail.com,2026-08-27,unsubscribed,Facebook,
naomi.martin217@gmail.com,2026-08-25,active,Facebook,2026-09-13
faith.cooper349@gmail.com,2026-07-10,active,Direct,2026-08-07
caleb.bailey488@icloud.com,2026-09-26,active,Instagram,2026-09-26
chloe.evans711@gmail.com,2026-07-17,active,Podcast,2026-09-03
joshua.scott929@gmail.com,2026-09-11,active,Facebook,2026-09-22
mark.parker840@gmail.com,2026-08-27,active,Podcast,2026-09-02
tim.rogers219@gmail.com,2026-07-15,active,Instagram,2026-08-06
aaron.clark259@gmail.com,2026-08-28,active,Facebook,2026-09-10
megan.stewart903@yahoo.com,2026-09-24,active,Direct,2026-09-25
abigail.anderson690@gmail.com,2026-07-14,active,Direct,2026-09-03
julia.adams419@gmail.com,2026-08-21,active,Referral,2026-09-13
ellie.morgan137@gmail.com,2026-07-18,active,Podcast,2026-09-20
tim.moore584@gmail.com,2026-07-30,active,Google,2026-08-01
joshua.parker641@outlook.com,2026-09-05,unsubscribed,Instagram,
mary.morgan171@gmail.com,2026-07-13,active,Referral,2026-08-17
mary.turner402@gmail.com,2026-08-11,active,Podcast,2026-09-02
grace.king881@gmail.com,2026-09-28,active,Instagram,2026-09-28
jacob.king229@gmail.com,2026-08-21,active,Instagram,
mark.clark117@protonmail.com,2026-07-15,active,Referral,
hope.hill381@gmail.com,2026-08-14,active,Instagram,
lydia.bell118@gmail.com,2026-09-07,active,Facebook,2026-09-26
emily.martin460@hotmail.com,2026-08-15,active,Referral,2026-09-27
nathan.stewart63@outlook.com,2026-09-08,unsubscribed,Direct,2026-09-14
john.moore146@gmail.com,2026-09-22,unsubscribed,Instagram,
david.murphy86@gmail.com,2026-09-21,active,Instagram,2026-09-26
ellie.carter469@protonmail.com,2026-08-27,active,Referral,2026-09-01
peter.rogers944@gmail.com,2026-07-23,active,Direct,2026-08-01
jacob.mitchell347@gmail.com,2026-07-29,active,Facebook,2026-08-12
mark.anderson562@gmail.com,2026-09-18,active,Instagram,
faith.turner516@gmail.com,2026-08-30,active,Referral,2026-08-31
caleb.mitchell120@outlook.com,2026-07-09,active,Referral,2026-09-22
zoe.hall331@gmail.com,2026-09-11,active,Instagram,2026-09-17
sarah.collins980@icloud.com,2026-08-24,active,Facebook,2026-09-14
hannah.phillips523@gmail.com,2026-09-26,active,X,2026-09-27
caleb.reed754@gmail.com,2026-09-06,active,Google,2026-09-13
james.baker503@outlook.com,2026-08-06,active,X,2026-09-09
daniel.evans967@gmail.com,2026-07-23,active,Facebook,2026-09-27
leah.carter782@gmail.com,2026-08-25,active,Instagram,2026-09-11
daniel.morgan619@gmail.com,2026-09-10,active,Google,2026-09-22
faith.cooper926@hotmail.com,2026-08-10,active,Referral,
laura.thomas451@protonmail.com,2026-07-11,active,Instagram,2026-09-23
hope.miller397@gmail.com,2026-08-30,active,Referral,2026-09-23
eli.lewis223@icloud.com,2026-07-03,active,Facebook,2026-07-23
julia.reed537@gmail.com,2026-07-24,active,Instagram,2026-09-18
tim.anderson923@protonmail.com,2026-08-19,active,Instagram,2026-09-01
zoe.stewart378@gmail.com,2026-07-07,active,Instagram,2026-09-03
olivia.morris37@hotmail.com,2026-07-11,active,Facebook,2026-09-07
megan.roberts883@gmail.com,2026-08-27,active,Referral,2026-09-08
leah.jones977@icloud.com,2026-08-22,active,Referral,2026-09-21
ellie.roberts197@gmail.com,2026-07-14,active,Instagram,2026-09-25
anna.wilson297@gmail.com,2026-08-31,active,Referral,2026-09-09
sarah.hall370@icloud.com,2026-07-27,active,Referral,2026-09-08
emily.wright439@outlook.com,2026-09-02,unsubscribed,Direct,
chloe.stewart737@gmail.com,2026-07-28,active,Referral,2026-09-11
caleb.martin203@gmail.com,2026-07-29,active,Referral,2026-08-31
zoe.turner395@gmail.com,2026-07-29,active,Facebook,2026-09-15
hope.allen627@protonmail.com,2026-08-21,active,Instagram,2026-08-26
paul.campbell627@gmail.com,2026-08-06,active,Google,2026-08-21
matthew.roberts322@hotmail.com,2026-09-24,active,Google,2026-09-28
noah.morgan873@gmail.com,2026-07-05,active,Referral,2026-09-16
zoe.johnson72@outlook.com,2026-07-10,active,Referral,2026-08-18
tim.cooper773@hotmail.com,2026-07-10,active,Referral,2026-09-03
nathan.clark311@gmail.com,2026-08-25,unsubscribed,Referral,2026-09-16
joshua.davis751@yahoo.com,2026-09-16,active,Facebook,2026-09-22
megan.green974@gmail.com,2026-09-11,active,Instagram,
lydia.carter139@yahoo.com,2026-09-15,active,Facebook,2026-09-19
leah.morgan917@icloud.com,2026-08-27,unsubscribed,Podcast,
emily.hill11@gmail.com,2026-09-21,active,Instagram,
leah.clark402@outlook.com,2026-09-08,unsubscribed,Facebook,
noah.lee246@gmail.com,2026-09-01,active,Podcast,
naomi.thomas167@gmail.com,2026-08-07,active,Google,2026-09-17
aaron.carter368@icloud.com,2026-07-30,active,Facebook,2026-09-10
esther.murphy563@gmail.com,2026-07-29,active,Podcast,
chloe.edwards186@protonmail.com,2026-08-11,active,Instagram,2026-09-12
naomi.parker718@protonmail.com,2026-08-07,active,Referral,2026-08-25
ruth.nelson420@gmail.com,2026-09-10,active,Direct,2026-09-19
lydia.scott101@gmail.com,2026-09-01,active,Facebook,2026-09-21
david.reed754@protonmail.com,2026-07-01,active,Instagram,2026-09-27
josiah.taylor945@gmail.com,2026-09-25,unsubscribed,Google,
ethan.turner740@gmail.com,2026-07-08,active,Facebook,2026-09-14
matthew.bailey399@gmail.com,2026-08-03,active,Direct,2026-09-18
hannah.roberts42@outlook.com,2026-08-04,active,Direct,2026-09-06
daniel.bell227@gmail.com,2026-08-24,active,Google,2026-08-26
not-an-email,2026-08-14,active,Instagram,
chloe.hall466@protonmail.com,2026-08-22,active,Referral,2026-09-14
lydia.brown326@outlook.com,2026-08-23,active,Referral,
david.brown345@gmail.com,2026-08-21,active,Podcast,2026-09-20
ellie.turner974@gmail.com,2026-08-23,active,Direct,2026-08-26
andrew.cook855@gmail.com,2026-07-05,active,Facebook,2026-08-23
daniel.miller390@gmail.com,2026-08-04,active,Facebook,2026-09-25
james.garcia685@gmail.com,2026-08-13,unsubscribed,Facebook,2026-09-15
seth.young448@gmail.com,2026-07-21,active,Direct,2026-09-13
josiah.wright404@protonmail.com,2026-09-14,active,Instagram,2026-09-21
andrew.cooper420@gmail.com,2026-07-16,active,Instagram,2026-09-01
james.baker670@gmail.com,2026-07-02,active,Facebook,2026-07-29
megan.johnson433@hotmail.com,2026-07-31,active,Google,2026-09-21
faith.edwards893@gmail.com,2026-08-02,active,Referral,
zoe.rogers147@gmail.com,2026-08-21,active,Google,2026-09-09
zoe.wilson103@icloud.com,2026-08-26,active,Facebook,2026-08-30
kate.mitchell981@gmail.com,2026-09-28,active,Instagram,2026-09-28
ethan.green923@icloud.com,2026-08-10,active,Referral,2026-08-10
olivia.lee897@gmail.com,2026-09-03,active,Referral,2026-09-27
peter.parker666@gmail.com,2026-07-14,active,Google,2026-09-17
chloe.turner829@yahoo.com,2026-08-10,unsubscribed,Instagram,2026-09-20
nathan.brown571@gmail.com,2026-09-05,active,Facebook,
megan.hall510@gmail.com,2026-08-12,active,Google,
rachel.rogers650@gmail.com,2026-08-19,active,Referral,2026-09-19
matthew.taylor54@protonmail.com,2026-07-24,active,Direct,2026-08-31
hannah.peterson62@gmail.com,2026-07-26,active,Podcast,2026-08-07
mark.stewart195@icloud.com,2026-08-28,active,Google,2026-09-08
eli.stewart237@hotmail.com,2026-07-23,active,Instagram,2026-09-07
zoe.taylor90@icloud.com,2026-07-25,active,X,2026-09-16
mark.baker43@outlook.com,2026-07-13,active,Podcast,
megan.mitchell438@gmail.com,2026-08-03,active,Instagram,2026-09-14
aaron.reed745@gmail.com,2026-09-07,active,Instagram,2026-09-19
eli.morris510@gmail.com,2026-09-17,active,Instagram,2026-09-28
josiah.lee125@gmail.com,2026-09-15,active,Instagram,2026-09-24
claire.miller753@outlook.com,2026-08-12,active,Direct,2026-09-10
leah.cook542@outlook.com,2026-08-09,active,Instagram,2026-09-21
naomi.rogers864@icloud.com,2026-08-02,active,Instagram,2026-09-11
naomi.carter220@outlook.com,2026-08-30,active,Facebook,
@gmail.com,2026-09-02,active,Google,
noah.edwards544@gmail.com,2026-07-27,active,Instagram,2026-08-20
nathan.scott588@gmail.com,2026-09-25,active,Referral,2026-09-26
ethan.cooper290@outlook.com,2026-07-07,active,Podcast,2026-09-03
olivia.parker464@gmail.com,2026-09-14,active,Facebook,2026-09-18
john.young719@gmail.com,2026-08-31,active,Facebook,
seth.cook832@hotmail.com,2026-08-14,active,Instagram,2026-09-13
ruth.collins312@gmail.com,2026-09-13,active,Referral,2026-09-13
nathan.bailey172@icloud.com,2026-08-01,active,Facebook,2026-09-16
james.roberts765@yahoo.com,2026-07-18,active,Instagram,2026-09-16
luke.wilson247@gmail.com,2026-08-19,active,Google,
aaron.jones361@gmail.com,2026-07-19,unsubscribed,Facebook,2026-09-26
naomi.campbell294@protonmail.com,2026-09-08,active,Referral,2026-09-23
Abigail.Reed575@Icloud.Com,2026-07-26,active,Direct,2026-09-09
lydia.morris546@hotmail.com,2026-09-21,unsubscribed,X,2026-09-24
caleb.green912@gmail.com,2026-08-11,unsubscribed,Direct,
paul.clark920@icloud.com,2026-07-29,active,Facebook,2026-09-23
claire.garcia160@yahoo.com,2026-07-10,active,Facebook,2026-08-01
hannah.wilson999@gmail.com,2026-08-08,active,Facebook,2026-08-22
ellie.murphy376@gmail.com,2026-08-07,active,Google,2026-09-17
julia.williams287@gmail.com,2026-08-22,unsubscribed,Google,
mary.lewis554@gmail.com,2026-08-10,active,Referral,2026-08-28
ben.parker195@gmail.com,2026-07-05,active,Direct,2026-09-09
mark.davis250@gmail.com,2026-09-08,active,Instagram,2026-09-10
megan.allen104@gmail.com,2026-08-18,active,Instagram,2026-09-13
isaac.hill435@hotmail.com,2026-09-08,active,Google,2026-09-20
ruth.martin952@icloud.com,2026-09-12,active,Direct,2026-09-28
hannah.johnson754@gmail.com,2026-08-18,active,Referral,2026-09-11
SETH.SCOTT45@GMAIL.COM,2026-07-20,active,Instagram,2026-09-07
  anna.davis134@gmail.com ,2026-07-09,active,Instagram,2026-09-10
rachel.clark223@gmail.com,2026-08-25,unsubscribed,Instagram,2026-09-21
josiah.morris32@hotmail.com,2026-08-26,active,Referral,2026-09-11
isaac.evans484@protonmail.com,2026-09-14,active,Instagram,2026-09-21
eli.carter608@outlook.com,2026-09-28,active,Facebook,
lydia.williams4@gmail.com,2026-09-13,active,Instagram,2026-09-27
mary.williams680@gmail.com,2026-09-22,active,Facebook,2026-09-25
isaac.nelson545@yahoo.com,2026-09-18,active,Instagram,2026-09-27
olivia.brown315@yahoo.com,2026-09-24,active,Direct,2026-09-25
julia.king754@gmail.com,2026-08-19,active,Podcast,
john.johnson116@protonmail.com,2026-09-11,active,Instagram,2026-09-17
julia.morgan78@gmail.com,2026-07-10,active,Instagram,2026-08-04
john.morgan380@gmail.com,2026-08-13,unsubscribed,Referral,
ruth.murphy27@icloud.com,2026-07-13,active,Instagram,2026-09-25
hannah.green413@gmail.com,2026-07-13,active,Instagram,2026-09-05
joshua.morris621@gmail.com,2026-07-07,active,Facebook,2026-09-22
john.cook234@gmail.com,2026-07-08,active,Instagram,2026-09-16
abigail.lewis492@gmail.com,2026-07-14,active,Facebook,
isaac.lee140@yahoo.com,2026-09-16,active,Google,2026-09-25
emily.wilson442@gmail.com,2026-08-14,active,Podcast,2026-09-01
naomi.johnson765@gmail.com,2026-07-12,active,Google,2026-09-24
emily.cooper914@gmail.com,2026-09-14,active,Podcast,2026-09-22
sam.hill29@icloud.com,2026-07-03,active,X,2026-09-13
luke.collins661@icloud.com,2026-08-28,active,Referral,2026-09-14
grace.baker605@gmail.com,2026-08-22,active,Podcast,2026-09-25
esther.allen276@outlook.com,2026-07-23,active,X,2026-08-21
joy.young619@gmail.com,2026-07-03,active,Instagram,2026-08-29
hannah.green81@icloud.com,2026-07-29,active,Podcast,2026-09-02
  david.davis694@gmail.com ,2026-08-24,active,Instagram,2026-09-18
ruth.cooper781@gmail.com,2026-08-21,active,Facebook,2026-09-11
esther.peterson771@yahoo.com,2026-08-26,unsubscribed,Podcast,2026-09-27
jacob.johnson638@gmail.com,2026-08-22,active,Instagram,2026-09-15
ben.parker388@gmail.com,2026-08-09,active,Podcast,2026-09-22
aaron.jones370@gmail.com,2026-07-24,active,Direct,2026-09-04
julia.green461@gmail.com,2026-09-05,active,Referral,2026-09-16
james.king940@hotmail.com,2026-07-20,active,Instagram,2026-08-20
michael.murphy944@gmail.com,2026-08-07,active,Referral,2026-09-25
John.Mitchell228@Gmail.Com,2026-09-18,active,Referral,2026-09-20
aaron.bailey647@gmail.com,2026-07-03,active,Facebook,2026-09-23
caleb.edwards522@yahoo.com,2026-08-18,active,Instagram,2026-09-21
sarah.morgan151@protonmail.com,2026-09-18,active,Direct,2026-09-24
daniel.lee882@icloud.com,2026-07-11,active,Google,2026-09-22
  faith.bailey874@gmail.com ,2026-08-27,unsubscribed,Facebook,
peter.allen416@gmail.com,2026-08-22,active,Instagram,
esther.jones584@outlook.com,2026-09-26,active,Facebook,2026-09-28
josiah.morris149@hotmail.com,2026-08-03,active,Google,2026-09-27
peter.edwards75@gmail.com,2026-07-06,active,Referral,2026-09-08
eli.rogers636@gmail.com,2026-07-12,active,X,2026-09-09
Luke.Parker785@Hotmail.Com,2026-07-07,active,Podcast,2026-09-15
caleb.young498@outlook.com,2026-08-01,active,Google,2026-09-26
mary.smith346@gmail.com,2026-09-05,active,Podcast,2026-09-25
tim.miller762@gmail.com,2026-09-08,active,Referral,2026-09-14
megan.lewis464@gmail.com,2026-07-29,active,Instagram,2026-08-20
ruth.anderson267@gmail.com,2026-07-31,unsubscribed,Instagram,2026-09-16
hannah.peterson935@gmail.com,2026-08-05,active,Podcast,2026-09-16
mark.king854@hotmail.com,2026-09-11,active,Google,
tim.miller407@gmail.com,2026-07-23,active,Instagram,2026-09-27
tim.scott744@icloud.com,2026-08-22,active,Instagram,2026-09-27
abigail.taylor407@gmail.com,2026-07-02,active,Google,2026-09-27
matthew.king780@yahoo.com,2026-07-28,unsubscribed,X,2026-09-25
olivia.miller129@gmail.com,2026-07-02,active,Instagram,
jacob.garcia524@gmail.com,2026-07-24,active,Instagram,2026-09-02
james.nelson694@icloud.com,2026-09-09,active,Instagram,2026-09-22
emily.baker892@gmail.com,2026-09-11,active,Facebook,2026-09-26
laura.hill737@gmail.com,2026-07-18,active,Facebook,2026-09-19
grace.johnson633@icloud.com,2026-09-28,active,Instagram,
john.parker61@icloud.com,2026-08-01,active,Google,2026-08-06
jacob.hill138@gmail.com,2026-07-27,active,X,
rachel.scott836@protonmail.com,2026-07-28,active,Direct,2026-09-10
esther.carter772@icloud.com,2026-09-22,active,Podcast,
emily.evans870@outlook.com,2026-09-04,unsubscribed,Podcast,
jacob.stewart365@gmail.com,2026-08-02,active,Instagram,2026-09-21
ben.anderson970@gmail.com,2026-08-19,active,Instagram,2026-09-20
julia.hall818@gmail.com,2026-09-08,active,Instagram,2026-09-23
laura.johnson721@gmail.com,2026-08-25,active,Google,2026-09-18
anna.stewart857@outlook.com,2026-07-28,active,Facebook,2026-07-30
michael.edwards267@gmail.com,2026-08-03,active,Facebook,2026-09-06
julia.walker900@gmail.com,2026-08-06,active,Facebook,2026-09-01
nathan.bailey408@gmail.com,2026-09-01,active,Instagram,2026-09-22
leah.garcia955@hotmail.com,2026-07-20,unsubscribed,Google,2026-09-21
hope.parker463@outlook.com,2026-07-25,active,Referral,2026-09-06
jacob.wilson836@gmail.com,2026-09-11,active,Direct,2026-09-25
daniel.rogers240@outlook.com,2026-07-03,active,Google,2026-07-24
jacob.adams570@icloud.com,2026-08-25,active,Instagram,2026-09-26
mark.lewis582@gmail.com,2026-08-27,active,Instagram,2026-09-09
megan.peterson290@gmail.com,2026-09-06,active,Instagram,2026-09-14
john.smith174@protonmail.com,2026-07-25,active,Podcast,2026-08-15
tim.evans321@gmail.com,2026-08-10,active,Referral,2026-08-27
emily.bailey975@gmail.com,2026-07-06,active,Facebook,
jacob.rogers700@gmail.com,2026-07-07,active,Referral,
tim.phillips309@outlook.com,2026-09-01,active,Instagram,2026-09-06
ben.morgan157@gmail.com,2026-07-07,active,Referral,2026-09-09
jacob.reed982@icloud.com,2026-08-10,active,Instagram,2026-08-30
luke.garcia136@yahoo.com,2026-07-04,unsubscribed,Facebook,
anna.lewis785@gmail.com,2026-07-26,active,Referral,2026-09-28
emily.wilson576@gmail.com,2026-08-20,active,Instagram,
grace.cooper349@icloud.com,2026-08-04,active,Referral,2026-09-01
naomi.parker574@gmail.com,2026-08-09,active,Google,2026-09-18
seth.cooper156@icloud.com,2026-08-29,active,Referral,2026-09-17
kate.edwards858@hotmail.com,2026-08-06,active,Google,2026-09-28
sarah.moore153@gmail.com,2026-07-23,active,Instagram,2026-09-03
leah.smith626@gmail.com,2026-09-20,active,Referral,
anna.williams262@hotmail.com,2026-08-29,active,Referral,2026-09-28
faith.king671@gmail.com,2026-07-22,active,Facebook,2026-09-15
leah.brown713@gmail.com,2026-09-24,active,Instagram,2026-09-27
matthew.wilson589@icloud.com,2026-08-07,active,Podcast,2026-09-15
esther.davis824@gmail.com,2026-07-12,active,Instagram,2026-09-08
peter.williams335@gmail.com,2026-07-27,active,Facebook,2026-08-30
John.walker285@hotmail.com,2026-08-07,active,Facebook,
megan.lewis980@yahoo.com,2026-09-21,active,Google,2026-09-25
laura.parker187@outlook.com,2026-09-25,unsubscribed,Instagram,2026-09-26
emily.king810@protonmail.com,2026-08-12,active,Facebook,2026-09-11
isaac.taylor503@gmail.com,2026-08-24,active,Instagram,2026-09-03
Andrew.phillips526@gmail.com,2026-08-25,unsubscribed,Referral,2026-09-01
lydia.morgan764@gmail.com,2026-09-16,active,Google,2026-09-26
anna.lewis572@gmail.com,2026-08-25,unsubscribed,Instagram,
andrew.smith104@yahoo.com,2026-08-17,active,Instagram,2026-09-05
daniel.davis780@gmail.com,2026-09-20,active,Referral,2026-09-27
mark.rogers724@gmail.com,2026-07-16,unsubscribed,Facebook,
ruth.peterson275@gmail.com,2026-07-08,active,Google,2026-09-12
joy.turner429@yahoo.com,2026-07-01,active,Facebook,2026-09-25
ben.morris262@icloud.com,2026-08-30,active,Instagram,
hope.miller682@outlook.com,2026-07-18,active,Instagram,2026-09-16
hope.collins998@gmail.com,2026-08-20,active,Instagram,2026-09-13
kate.peterson180@gmail.com,2026-08-06,active,Referral,2026-09-22
abigail.young445@hotmail.com,2026-07-22,unsubscribed,Google,2026-09-01
michael.baker687@gmail.com,2026-08-14,active,X,2026-09-01
claire.turner658@gmail.com,2026-07-18,active,Referral,2026-09-10
abigail.collins525@gmail.com,2026-07-13,active,Google,2026-09-18
LEAH.JONES977@ICLOUD.COM,2026-08-22,active,Referral,2026-09-21
peter.hill721@protonmail.com,2026-07-01,active,Podcast,2026-08-31
joshua.morgan268@icloud.com,2026-07-07,active,Facebook,2026-09-14
hope.collins501@gmail.com,2026-09-26,active,Referral,
mark.collins712@icloud.com,2026-09-28,active,Podcast,2026-09-28
Julia.Young30@Gmail.Com,2026-08-02,active,Instagram,
joshua.young755@outlook.com,2026-09-13,active,Instagram,2026-09-23
josiah.adams677@gmail.com,2026-07-01,unsubscribed,Podcast,
claire.taylor32@gmail.com,2026-09-23,active,Google,2026-09-28
paul.bailey945@gmail.com,2026-07-20,active,Instagram,2026-09-10
claire.roberts557@gmail.com,2026-08-29,active,Referral,2026-09-18
  david.mitchell774@outlook.com ,2026-09-26,active,Direct,2026-09-27
josiah.hall349@gmail.com,2026-09-16,unsubscribed,Referral,2026-09-25
megan.collins805@icloud.com,2026-09-12,active,Referral,2026-09-20
peter.morris436@icloud.com,2026-09-10,active,Instagram,2026-09-23
seth.brown806@outlook.com,2026-07-27,active,Referral,2026-09-05
sam.hill771@protonmail.com,2026-07-14,active,Instagram,2026-07-25
emily.miller973@hotmail.com,2026-07-22,active,Facebook,2026-08-31
andrew.adams455@protonmail.com,2026-07-03,active,Facebook,
matthew.roberts888@hotmail.com,2026-08-21,active,Instagram,2026-08-31
kate.taylor519@gmail.com,2026-08-07,active,Facebook,2026-09-16
josiah.peterson743@gmail.com,2026-08-17,unsubscribed,Referral,2026-09-22
david.lee579@icloud.com,2026-08-25,active,Podcast,2026-09-20
abigail.morgan665@gmail.com,2026-07-02,active,Instagram,2026-07-11
aaron.walker577@hotmail.com,2026-08-11,active,Instagram,2026-09-20
james.wilson108@gmail.com,2026-09-22,active,Direct,2026-09-27
hannah.cook255@gmail.com,2026-09-08,active,Instagram,2026-09-09
julia.johnson884@protonmail.com,2026-09-24,unsubscribed,Direct,2026-09-26
anna.turner932@gmail.com,2026-08-25,active,Referral,2026-09-06
sarah.scott588@outlook.com,2026-07-21,unsubscribed,X,2026-09-23
sarah.walker413@yahoo.com,2026-08-11,active,Instagram,2026-09-02
kate.campbell570@hotmail.com,2026-09-28,active,Google,
grace.cooper953@yahoo.com,2026-09-17,active,Instagram,2026-09-25
faith.young864@gmail.com,2026-07-23,active,Instagram,2026-09-26
rachel.martin994@gmail.com,2026-07-19,active,Referral,2026-08-27
joy.phillips39@protonmail.com,2026-08-02,active,X,2026-09-07
nathan.smith514@gmail.com,2026-08-12,active,Instagram,2026-09-06
ben.miller700@protonmail.com,2026-09-23,active,Google,2026-09-27
caleb.smith122@gmail.com,2026-08-15,active,Podcast,2026-09-28
david.collins708@protonmail.com,2026-07-24,active,Instagram,2026-08-05
peter.clark650@gmail.com,2026-09-05,active,Google,2026-09-25
nathan.cooper673@outlook.com,2026-07-13,active,Facebook,2026-09-16
ruth.walker861@gmail.com,2026-07-14,active,Podcast,2026-09-16
lydia.walker224@gmail.com,2026-09-16,active,Google,2026-09-21
josiah.hall527@gmail.com,2026-09-20,active,Referral,2026-09-28
jacob.morgan321@icloud.com,2026-09-05,active,Direct,2026-09-28
joy.wilson467@gmail.com,2026-07-18,active,Instagram,2026-09-22
paul.cook748@gmail.com,2026-08-26,active,Facebook,2026-09-18
andrew.clark6@protonmail.com,2026-09-13,active,Google,2026-09-13
luke.williams685@gmail.com,2026-08-20,active,Facebook,2026-08-22
lydia.wilson733@outlook.com,2026-09-09,active,Instagram,2026-09-17
mark.rogers100@gmail.com,2026-08-09,active,Direct,2026-08-11
chloe.lewis887@gmail.com,2026-08-26,active,X,2026-09-20
joshua.hill942@gmail.com,2026-08-30,active,Google,2026-08-31
mark.collins406@hotmail.com,2026-08-23,active,Referral,2026-09-03
caleb.baker39@gmail.com,2026-07-25,active,Instagram,2026-09-08
michael.wright303@gmail.com,2026-09-01,active,Instagram,2026-09-24
noah.turner163@gmail.com,2026-07-20,active,Instagram,2026-09-27
aaron.moore513@gmail.com,2026-09-23,active,Podcast,2026-09-28
ruth.wilson904@gmail.com,2026-09-09,active,Facebook,2026-09-23
david.brown33@gmail.com,2026-08-07,active,Instagram,2026-09-08
zoe.campbell780@gmail.com,2026-09-23,active,Referral,2026-09-24
aaron.morris35@icloud.com,2026-09-21,unsubscribed,X,
luke.wilson482@yahoo.com,2026-07-08,active,Podcast,2026-07-11
david.parker915@protonmail.com,2026-08-10,active,Podcast,2026-09-08
olivia.taylor416@protonmail.com,2026-08-18,active,Direct,2026-09-13
hope.smith620@gmail.com,2026-08-30,unsubscribed,Instagram,2026-09-19
paul.bell966@protonmail.com,2026-08-02,active,Instagram,2026-09-21
kate.phillips837@gmail.com,2026-09-05,active,Instagram,2026-09-22
faith.walker714@yahoo.com,2026-08-02,active,Facebook,2026-09-11
jacob.walker215@gmail.com,2026-08-25,active,X,2026-09-01
grace.stewart453@gmail.com,2026-08-10,active,Direct,
claire.bailey489@gmail.com,2026-07-01,active,X,2026-08-30
lydia.stewart394@outlook.com,2026-07-02,active,Facebook,
ruth.edwards66@yahoo.com,2026-08-07,unsubscribed,Google,2026-08-08
anna.lee632@gmail.com,2026-07-19,active,Instagram,2026-09-11
andrew.king826@outlook.com,2026-09-25,active,Facebook,2026-09-26
paul.moore53@gmail.com,2026-08-06,active,Podcast,
rachel.rogers257@gmail.com,2026-08-08,active,Referral,2026-09-26
megan.phillips594@icloud.com,2026-09-20,active,Referral,2026-09-22
claire.king858@gmail.com,2026-07-04,active,Referral,2026-08-30
daniel.parker918@gmail.com,2026-07-23,active,Referral,2026-09-02
Peter.Stewart774@Outlook.Com,2026-07-01,active,Facebook,2026-09-07
mary.mitchell179@gmail.com,2026-07-11,active,Instagram,2026-09-17
sam.turner476@yahoo.com,2026-07-30,active,Facebook,2026-09-13
ruth.hill27@gmail.com,2026-08-28,active,Instagram,2026-09-15
mary.edwards952@protonmail.com,2026-09-19,active,Direct,2026-09-23
joshua.martin579@gmail.com,2026-09-09,active,Instagram,2026-09-28
hannah.jones411@outlook.com,2026-07-08,active,Google,
Seth.Morgan190@Gmail.Com,2026-07-22,active,Direct,2026-09-10
noah.green721@gmail.com,2026-07-07,unsubscribed,Instagram,
hope.lewis942@hotmail.com,2026-08-18,active,Facebook,2026-09-03
julia.jones380@outlook.com,2026-08-27,active,Podcast,2026-09-07
kate.nelson189@gmail.com,2026-09-05,active,Instagram,2026-09-15
noah.roberts466@icloud.com,2026-08-26,active,Facebook,2026-09-19
eli.wright893@gmail.com,2026-07-02,active,Instagram,2026-07-06
chloe.hill541@yahoo.com,2026-09-25,active,Instagram,2026-09-27
abigail.adams153@gmail.com,2026-08-19,unsubscribed,Instagram,
eli.phillips121@icloud.com,2026-07-01,active,Facebook,2026-09-16
john.reed904@gmail.com,2026-08-11,active,Referral,2026-09-15
eli.roberts648@gmail.com,2026-09-26,active,Instagram,
megan.williams236@gmail.com,2026-09-26,active,Direct,2026-09-26
seth.morgan190@gmail.com,2026-07-22,active,Direct,2026-09-10
joy.lee458@gmail.com,2026-07-10,active,Instagram,2026-09-08
esther.campbell126@outlook.com,2026-09-03,active,Google,
ruth.morgan214@gmail.com,2026-08-28,active,Facebook,2026-09-18
caleb.hall578@gmail.com,2026-09-10,active,Google,2026-09-15
hope.reed605@protonmail.com,2026-08-05,active,Podcast,2026-08-11
paul.lee533@hotmail.com,2026-07-22,active,Facebook,2026-09-10
rachel.adams909@gmail.com,2026-07-10,active,Instagram,2026-08-30
james.miller486@protonmail.com,2026-08-05,active,Facebook,
megan.thomas521@gmail.com,2026-09-05,active,Direct,2026-09-09
josiah.taylor88@gmail.com,2026-08-06,active,Direct,2026-08-20
kate.brown1@icloud.com,2026-09-18,active,Facebook,2026-09-23
faith.king981@outlook.com,2026-08-02,active,X,2026-09-24
kate.rogers404@gmail.com,2026-09-27,active,Referral,2026-09-28
  isaac.taylor503@gmail.com ,2026-08-24,active,Instagram,2026-09-03
faith.rogers756@gmail.com,2026-08-23,active,Referral,2026-09-13
jacob.miller616@hotmail.com,2026-07-01,active,Facebook,2026-09-09
aaron.cooper152@gmail.com,2026-09-05,active,Facebook,2026-09-28
ruth.bailey756@gmail.com,2026-09-13,active,Facebook,2026-09-22
emily.collins98@icloud.com,2026-07-13,active,Podcast,
megan.baker472@hotmail.com,2026-08-08,active,Instagram,2026-09-08
abigail.parker970@gmail.com,2026-07-09,active,Direct,
julia.cooper381@icloud.com,2026-08-28,active,Facebook,2026-09-05
andrew.phillips526@gmail.com,2026-08-25,unsubscribed,Referral,2026-09-01
ruth.hall925@gmail.com,2026-08-29,unsubscribed,X,
josiah.evans546@yahoo.com,2026-07-22,active,Referral,2026-09-04
hannah.taylor287@icloud.com,2026-07-18,active,X,2026-09-07
zoe.wright316@gmail.com,2026-08-04,active,Referral,2026-09-19
emily.murphy687@yahoo.com,2026-08-19,active,Facebook,2026-09-04
david.garcia936@outlook.com,2026-08-28,active,Referral,2026-09-13
megan.parker787@hotmail.com,2026-07-09,active,Instagram,2026-09-27
nathan.young944@hotmail.com,2026-07-22,active,Podcast,2026-09-02
andrew.carter105@hotmail.com,2026-09-23,active,Podcast,2026-09-26
hannah.hall117@gmail.com,2026-08-18,active,Instagram,2026-08-28
mark.thomas118@outlook.com,2026-09-12,active,Instagram,2026-09-21
ben.campbell65@gmail.com,2026-09-02,active,Instagram,2026-09-09
mary.evans784@gmail.com,2026-07-20,active,Podcast,2026-09-14
john.king73@icloud.com,2026-07-24,active,Facebook,2026-09-26
caleb.carter891@gmail.com,2026-07-04,active,Referral,2026-09-05
claire.scott343@gmail.com,2026-07-11,active,Instagram,2026-07-24
james.baker120@gmail.com,2026-07-17,active,Podcast,2026-09-27
mark.king39@gmail.com,2026-09-05,active,Podcast,2026-09-27
peter.king91@gmail.com,2026-09-09,active,Referral,2026-09-12
megan.bailey45@gmail.com,2026-07-05,unsubscribed,Facebook,
sam.cook121@gmail.com,2026-09-26,active,Direct,2026-09-28
michael.baker127@hotmail.com,2026-09-04,active,Instagram,2026-09-20
esther.taylor751@gmail.com,2026-07-17,active,Instagram,2026-09-08
grace.peterson626@gmail.com,2026-08-25,active,Instagram,2026-09-11
jacob.turner509@gmail.com,2026-09-17,active,Instagram,2026-09-17
hannah.green461@gmail.com,2026-09-21,active,Facebook,
zoe.murphy899@icloud.com,2026-09-08,active,Instagram,2026-09-19
anna.green126@gmail.com,2026-07-06,unsubscribed,Podcast,2026-09-06
david.morris209@yahoo.com,2026-07-26,active,Facebook,2026-09-18
seth.walker955@outlook.com,2026-08-15,active,X,2026-09-15
jacob.parker668@gmail.com,2026-08-01,active,Google,2026-09-04
chloe.turner252@gmail.com,2026-07-20,active,Instagram,2026-09-05
seth.evans789@gmail.com,2026-08-11,active,Direct,2026-09-27
faith.evans340@yahoo.com,2026-09-12,active,Direct,2026-09-24
paul.king308@icloud.com,2026-09-20,unsubscribed,Instagram,2026-09-23
nathan.collins385@gmail.com,2026-07-10,active,Instagram,2026-09-12
sarah.edwards657@gmail.com,2026-08-26,active,Referral,2026-08-31
nathan.cook185@hotmail.com,2026-09-07,active,Referral,2026-09-15
rachel.phillips223@gmail.com,2026-08-24,active,Facebook,2026-09-26
james.morgan352@gmail.com,2026-09-22,active,Referral,2026-09-23
hope.bell210@gmail.com,2026-08-02,active,Facebook,2026-09-27
chloe.martin834@hotmail.com,2026-09-12,active,Referral,2026-09-23
laura.edwards632@gmail.com,2026-09-09,active,Instagram,2026-09-19
claire.miller907@protonmail.com,2026-08-12,active,Direct,
matthew.hall204@gmail.com,2026-08-10,active,Facebook,2026-09-01
emily.martin746@outlook.com,2026-09-10,active,Referral,2026-09-21
caleb.garcia618@gmail.com,2026-08-31,active,X,2026-09-25
sarah.carter408@icloud.com,2026-09-06,active,Referral,2026-09-12
daniel.smith588@gmail.com,2026-08-15,active,Referral,2026-09-22
nathan.taylor69@gmail.com,2026-08-31,active,Google,2026-09-10
abigail.murphy534@hotmail.com,2026-07-18,unsubscribed,Referral,2026-09-10
kate.scott944@gmail.com,2026-08-28,active,Referral,2026-09-24
laura.phillips719@gmail.com,2026-09-19,active,Google,2026-09-24
john.hill52@gmail.com,2026-09-28,active,Google,2026-09-28
seth.bailey543@yahoo.com,2026-09-15,active,Instagram,2026-09-26
luke.young255@yahoo.com,2026-09-27,active,Direct,2026-09-28
david.mitchell471@gmail.com,2026-08-27,active,Facebook,
hope.peterson538@gmail.com,2026-07-30,active,Instagram,2026-09-09
abigail.reed555@gmail.com,2026-07-07,active,Google,2026-09-08
caleb.cooper619@gmail.com,2026-09-22,active,X,2026-09-25
david.lewis726@icloud.com,2026-09-03,active,Facebook,2026-09-07
jacob.edwards536@gmail.com,2026-07-17,active,Direct,2026-09-05
john.jones346@yahoo.com,2026-07-12,active,Google,2026-09-15
abigail.morgan841@icloud.com,2026-07-01,active,Instagram,2026-09-18
grace.cook153@outlook.com,2026-08-21,active,Facebook,2026-09-14
ethan.rogers257@gmail.com,2026-09-20,active,Instagram,2026-09-20
olivia.taylor974@gmail.com,2026-08-03,active,Referral,2026-09-03
jacob.evans664@gmail.com,2026-07-06,active,Podcast,2026-08-09
eli.lee252@gmail.com,2026-09-13,active,Instagram,2026-09-24
caleb.clark771@hotmail.com,2026-08-26,active,Facebook,2026-09-04
tim.johnson95@gmail.com,2026-07-20,active,Referral,2026-09-01
esther.murphy392@gmail.com,2026-08-31,active,Podcast,
lydia.brown26@icloud.com,2026-07-22,active,Podcast,
paul.wilson107@yahoo.com,2026-09-02,active,Google,2026-09-23
mark.johnson116@gmail.com,2026-08-04,active,X,2026-09-17
sam.parker340@gmail.com,2026-07-08,active,Facebook,2026-07-15
paul.nelson811@protonmail.com,2026-08-17,active,Podcast,2026-09-28
faith.cook505@hotmail.com,2026-07-01,active,X,2026-08-06
joy.davis567@gmail.com,2026-08-10,active,Facebook,2026-09-16
sarah.stewart257@gmail.com,2026-07-04,active,Direct,2026-08-31
joy.reed904@outlook.com,2026-07-22,active,Instagram,2026-09-15
lydia.wilson913@icloud.com,2026-07-20,active,Facebook,2026-07-21
mary.collins70@gmail.com,2026-07-26,active,Instagram,
ethan.campbell526@icloud.com,2026-09-01,active,Instagram,2026-09-04
lydia.rogers407@gmail.com,2026-08-10,active,Google,2026-09-25
david.moore925@protonmail.com,2026-08-13,active,Instagram,2026-08-19
eli.davis819@icloud.com,2026-07-19,active,Facebook,2026-09-22
julia.reed642@hotmail.com,2026-08-06,active,Instagram,
andrew.moore762@gmail.com,2026-07-21,active,Facebook,2026-09-16
nathan.johnson600@gmail.com,2026-09-28,unsubscribed,Instagram,
grace.morris740@yahoo.com,2026-07-24,active,Instagram,2026-09-27
claire.thomas164@protonmail.com,2026-09-28,active,Instagram,2026-09-28
ellie.young949@gmail.com,2026-08-12,active,Referral,2026-08-31
grace.cooper836@protonmail.com,2026-09-05,active,Podcast,2026-09-15
Olivia.davis593@gmail.com,2026-07-31,active,Google,2026-09-08
paul.peterson376@gmail.com,2026-09-27,active,Instagram,2026-09-28
caleb.anderson308@gmail.com,2026-09-11,active,Direct,2026-09-11
emily.wright600@gmail.com,2026-08-20,active,Facebook,2026-08-31
aaron.johnson781@yahoo.com,2026-08-11,active,Instagram,2026-09-06
grace.carter487@gmail.com,2026-08-26,active,Instagram,2026-09-21
ben.peterson582@gmail.com,2026-07-10,active,Instagram,2026-09-20
David.roberts983@protonmail.com,2026-07-08,active,Instagram,2026-09-20
noah.roberts449@protonmail.com,2026-07-28,active,Instagram,2026-08-16
nathan.williams799@gmail.com,2026-08-22,unsubscribed,Facebook,
joshua.scott364@gmail.com,2026-09-04,active,Facebook,2026-09-12
megan.reed6@gmail.com,2026-08-30,active,Direct,2026-09-22
michael.collins884@protonmail.com,2026-09-14,unsubscribed,Instagram,2026-09-28
julia.baker228@protonmail.com,2026-07-18,active,Instagram,2026-09-27
abigail.reed575@icloud.com,2026-07-26,active,Direct,2026-09-09
jacob.peterson653@gmail.com,2026-07-21,active,Google,2026-09-04
anna.baker840@icloud.com,2026-07-19,active,Instagram,2026-09-16
ethan.parker198@yahoo.com,2026-08-06,active,Facebook,
john.johnson521@protonmail.com,2026-08-27,active,Podcast,2026-09-15
grace.collins27@gmail.com,2026-08-29,active,Instagram,2026-09-22
mary.martin175@protonmail.com,2026-07-29,active,Instagram,
Megan.Phillips594@Icloud.Com,2026-09-20,active,Referral,2026-09-22
sarah.wright733@hotmail.com,2026-07-23,active,Referral,2026-08-01
john.bell363@gmail.com,2026-08-14,active,Facebook,2026-09-27
faith.rogers941@gmail.com,2026-09-03,active,Google,2026-09-08
abigail.taylor820@gmail.com,2026-09-24,active,Referral,2026-09-27
laura.evans731@protonmail.com,2026-07-13,active,X,2026-07-30
noah.smith941@hotmail.com,2026-08-09,unsubscribed,Instagram,2026-08-18
sarah.edwards484@protonmail.com,2026-08-20,active,Referral,2026-09-04
leah.phillips200@gmail.com,2026-08-26,active,Facebook,2026-09-20
sam.davis350@gmail.com,2026-08-13,active,Instagram,2026-09-16
seth.scott45@gmail.com,2026-07-20,active,Instagram,2026-09-07
matthew.adams979@gmail.com,2026-08-20,active,Google,2026-09-03
josiah.miller156@gmail.com,2026-08-27,active,Google,2026-09-20
chloe.lewis790@yahoo.com,2026-09-05,active,Referral,2026-09-19
joshua.thomas410@gmail.com,2026-07-01,active,Google,2026-09-05
caleb.nelson789@yahoo.com,2026-07-21,active,Referral,2026-09-27
olivia.evans473@yahoo.com,2026-08-27,active,Referral,2026-09-22
naomi.rogers387@gmail.com,2026-07-04,active,Referral,2026-08-30
grace.king84@hotmail.com,2026-09-03,unsubscribed,Instagram,2026-09-09
eli.peterson929@outlook.com,2026-08-02,active,Direct,2026-09-25
jacob.hill18@outlook.com,2026-07-01,active,Referral,2026-09-26
joshua.nelson529@gmail.com,2026-08-22,active,Instagram,2026-09-13
isaac.morris804@outlook.com,2026-09-27,active,Podcast,2026-09-28
peter.garcia469@yahoo.com,2026-09-25,active,Instagram,2026-09-28
mark.garcia104@gmail.com,2026-07-14,active,Instagram,2026-09-20
mark.mitchell733@outlook.com,2026-08-15,active,Facebook,2026-09-16
matthew.peterson559@icloud.com,2026-09-19,active,Instagram,2026-09-22
emily.wilson430@gmail.com,2026-08-07,unsubscribed,Google,
ethan.garcia993@gmail.com,2026-08-18,active,Podcast,2026-09-13
eli.brown446@protonmail.com,2026-07-13,active,Facebook,2026-08-20
josiah.hill784@gmail.com,2026-09-23,active,Facebook,2026-09-25
john.clark200@gmail.com,2026-08-14,active,Facebook,2026-08-15
seth.turner999@gmail.com,2026-09-25,active,Facebook,2026-09-26
michael.lewis119@gmail.com,2026-09-11,active,Google,2026-09-19
daniel.peterson764@yahoo.com,2026-09-02,active,Facebook,2026-09-23
Michael.Allen706@Icloud.Com,2026-09-27,active,Instagram,2026-09-27
julia.miller59@hotmail.com,2026-09-02,unsubscribed,Instagram,2026-09-09
julia.king554@outlook.com,2026-07-05,active,Instagram,2026-09-17
matthew.green938@gmail.com,2026-08-07,active,Facebook,2026-09-12
naomi.mitchell154@gmail.com,2026-08-02,active,Instagram,2026-09-25
chloe.mitchell751@icloud.com,2026-07-31,active,X,2026-09-24
nathan.thomas66@hotmail.com,2026-08-03,active,Google,
david.evans951@yahoo.com,2026-09-25,active,Facebook,2026-09-28
noah.edwards74@gmail.com,2026-07-13,active,Facebook,2026-09-08
paul.parker579@hotmail.com,2026-08-09,active,Instagram,2026-09-10
josiah.cook262@icloud.com,2026-09-10,active,Facebook,2026-09-24
daniel.peterson540@gmail.com,2026-09-09,active,X,2026-09-10
claire.smith160@protonmail.com,2026-07-25,active,Instagram,2026-09-07
chloe.mitchell313@protonmail.com,2026-09-18,active,Google,2026-09-21
mary.roberts520@hotmail.com,2026-08-07,active,Referral,2026-09-13
hannah.brown546@hotmail.com,2026-08-23,active,Facebook,2026-09-10
sam.collins295@gmail.com,2026-07-25,active,Google,2026-09-28
daniel.anderson607@gmail.com,2026-09-23,active,Direct,2026-09-23
lydia.cooper147@yahoo.com,2026-08-24,active,Referral,2026-09-20
sarah.campbell83@gmail.com,2026-07-07,active,Google,2026-09-26
chloe.lee441@gmail.com,2026-09-06,active,Google,2026-09-17
claire.garcia230@gmail.com,2026-07-19,active,Facebook,2026-09-09
lydia.miller958@gmail.com,2026-08-30,active,Instagram,2026-09-22
ben.wilson430@gmail.com,2026-09-01,active,Referral,2026-09-02
chloe.scott760@gmail.com,2026-09-11,active,X,2026-09-17
luke.cooper328@gmail.com,2026-09-08,active,Instagram,2026-09-09
lydia.smith580@protonmail.com,2026-09-14,unsubscribed,Direct,2026-09-21
matthew.cook218@gmail.com,2026-09-09,active,Instagram,2026-09-12
joy.hall524@protonmail.com,2026-09-27,active,Instagram,2026-09-28
mark.rogers621@protonmail.com,2026-07-07,active,Google,2026-09-22
abigail.williams941@gmail.com,2026-08-01,active,Google,2026-08-03
mary.bell232@gmail.com,2026-08-05,active,Facebook,2026-09-12
julia.young84@icloud.com,2026-08-17,active,Referral,2026-08-30
ben.clark262@gmail.com,2026-08-02,active,Podcast,2026-09-25
seth.davis249@gmail.com,2026-07-18,active,Facebook,2026-09-03
olivia.bell327@gmail.com,2026-07-19,active,Referral,
emily.parker113@hotmail.com,2026-07-04,active,Referral,2026-09-20
seth.campbell111@yahoo.com,2026-08-11,active,X,2026-09-06
seth.carter666@gmail.com,2026-07-13,active,Google,2026-09-18
faith.scott184@gmail.com,2026-09-04,active,Referral,2026-09-08
emily.king394@protonmail.com,2026-07-18,active,Referral,2026-09-03
eli.williams673@gmail.com,2026-09-13,active,Facebook,2026-09-20
megan.rogers371@gmail.com,2026-08-12,active,Instagram,2026-09-02
hannah.mitchell138@gmail.com,2026-08-01,active,X,2026-09-27
aaron.stewart871@gmail.com,2026-08-14,active,Referral,2026-09-01
anna.morris765@gmail.com,2026-07-31,active,Facebook,
anna.reed501@gmail.com,2026-07-12,active,Google,2026-09-26
Chloe.Reed603@Yahoo.Com,2026-08-12,active,Instagram,2026-09-20
tim.jones655@outlook.com,2026-09-28,active,Facebook,2026-09-28
aaron.reed144@icloud.com,2026-09-06,active,Facebook,2026-09-22
claire.stewart545@outlook.com,2026-08-07,active,Google,2026-09-25
lydia.thomas600@yahoo.com,2026-08-31,unsubscribed,Referral,
ruth.mitchell700@gmail.com,2026-07-27,active,Instagram,2026-07-30
ruth.miller970@gmail.com,2026-09-18,active,Referral,2026-09-23
hope.moore114@gmail.com,2026-07-28,active,Instagram,2026-08-31
peter.hall723@hotmail.com,2026-07-28,active,Direct,2026-09-27
noah.mitchell570@yahoo.com,2026-09-15,active,Referral,2026-09-17
zoe.evans326@protonmail.com,2026-08-20,active,Instagram,2026-09-10
julia.young30@gmail.com,2026-08-02,active,Instagram,
luke.hill340@icloud.com,2026-09-13,active,Google,2026-09-24
JOY.EDWARDS367@GMAIL.COM,2026-08-10,active,Instagram,
ethan.taylor667@gmail.com,2026-08-07,active,Facebook,2026-09-28
peter.stewart774@outlook.com,2026-07-01,active,Facebook,2026-09-07
caleb.wright996@gmail.com,2026-07-19,active,Facebook,2026-09-19
hope.cook492@outlook.com,2026-08-31,active,Facebook,
naomi.carter240@icloud.com,2026-07-22,active,X,
noah.taylor446@gmail.com,2026-09-03,active,Instagram,2026-09-10
michael.baker11@gmail.com,2026-07-01,active,Instagram,
hope.roberts771@gmail.com,2026-09-12,active,Facebook,2026-09-23
matthew.bailey783@yahoo.com,2026-08-18,unsubscribed,Direct,
grace.rogers569@gmail.com,2026-07-01,active,Referral,
andrew.walker208@gmail.com,2026-07-13,active,Instagram,
ethan.parker274@icloud.com,2026-09-26,active,Podcast,2026-09-27
sarah.taylor166@icloud.com,2026-08-29,active,Facebook,2026-09-15
noah.walker865@protonmail.com,2026-09-02,active,Podcast,
mary.edwards309@gmail.com,2026-08-25,active,Direct,2026-09-18
isaac.murphy703@gmail.com,2026-08-18,active,Referral,2026-09-04
ethan.hill148@icloud.com,2026-09-27,active,Referral,2026-09-27
josiah.smith82@gmail.com,2026-07-20,active,Facebook,2026-09-26
esther.roberts31@gmail.com,2026-08-16,active,Instagram,2026-09-15
hannah.collins611@outlook.com,2026-08-01,active,Google,2026-09-18
matthew.campbell482@outlook.com,2026-07-16,active,Instagram,2026-09-20
paul.garcia942@gmail.com,2026-07-06,active,Instagram,2026-08-21
seth.cooper134@gmail.com,2026-09-09,active,Direct,2026-09-28
ruth.morgan839@gmail.com,2026-07-29,active,Facebook,2026-09-19
sam.scott985@yahoo.com,2026-07-09,active,Google,2026-09-10
andrew.morgan585@yahoo.com,2026-09-18,active,Instagram,2026-09-27
michael.clark526@hotmail.com,2026-08-18,unsubscribed,Facebook,
michael.campbell506@gmail.com,2026-09-12,active,Instagram,2026-09-28
olivia.evans516@gmail.com,2026-08-23,unsubscribed,Facebook,
ruth.peterson517@outlook.com,2026-08-28,active,Instagram,2026-09-11
anna.hill667@protonmail.com,2026-09-17,active,Facebook,
michael.morris311@hotmail.com,2026-08-21,active,Instagram,2026-08-29
ellie.campbell207@gmail.com,2026-07-15,active,Facebook,2026-08-10
isaac.carter287@gmail.com,2026-09-22,active,Instagram,2026-09-26
abigail.davis485@gmail.com,2026-08-03,active,Instagram,2026-09-02
michael.rogers898@yahoo.com,2026-09-12,active,Instagram,2026-09-13
seth.martin3@gmail.com,2026-07-03,active,Instagram,2026-09-13
faith.wilson211@gmail.com,2026-08-14,active,Facebook,2026-09-01
leah.baker555@gmail.com,2026-07-26,active,Instagram,2026-08-03
mark.edwards130@gmail.com,2026-09-27,active,Referral,2026-09-27
james.rogers130@protonmail.com,2026-09-10,active,Instagram,2026-09-17
james.allen81@icloud.com,2026-09-21,active,Instagram,2026-09-23
caleb.hall646@yahoo.com,2026-08-05,active,Facebook,2026-08-18
hope.king913@icloud.com,2026-09-14,active,Podcast,2026-09-16
faith.murphy823@gmail.com,2026-08-29,active,Referral,2026-09-09
hope.collins265@gmail.com,2026-08-19,active,Google,2026-09-12
abigail.stewart701@gmail.com,2026-09-12,active,Referral,2026-09-26
eli.williams356@icloud.com,2026-08-11,active,Podcast,2026-09-19
peter.allen862@protonmail.com,2026-08-19,active,Google,2026-09-24
mark.smith294@gmail.com,2026-07-16,active,Instagram,
nathan.hall815@protonmail.com,2026-09-22,active,Facebook,
kate.jones940@gmail.com,2026-08-19,active,Instagram,2026-09-26
michael.garcia688@icloud.com,2026-09-06,active,X,2026-09-25
david.davis694@gmail.com,2026-08-24,active,Instagram,2026-09-18
david.bailey108@icloud.com,2026-09-13,active,X,2026-09-25
julia.brown730@gmail.com,2026-08-27,active,Instagram,
joy.green262@hotmail.com,2026-08-09,active,Instagram,2026-09-07
joshua.taylor859@gmail.com,2026-08-28,active,Instagram,2026-09-06
mark.bell640@gmail.com,2026-09-09,active,Referral,2026-09-19
david.reed798@gmail.com,2026-07-03,unsubscribed,Instagram,
luke.king741@yahoo.com,2026-08-04,active,Instagram,2026-09-12
isaac.turner86@gmail.com,2026-08-20,active,Google,2026-09-07
anna.turner77@gmail.com,2026-07-01,active,Referral,2026-09-10
michael.davis109@hotmail.com,2026-09-03,active,Instagram,2026-09-08
olivia.campbell706@gmail.com,2026-07-27,active,Direct,2026-09-13
david.stewart785@gmail.com,2026-07-19,active,Podcast,2026-08-06
aaron.edwards635@gmail.com,2026-08-13,active,Direct,
hannah.hall275@icloud.com,2026-08-09,active,Google,
luke.parker999@gmail.com,2026-08-08,active,X,2026-09-14
kate.lee103@outlook.com,2026-08-08,active,Facebook,
noah.walker386@hotmail.com,2026-07-22,active,Instagram,2026-09-20
Josiah.Moore799@Yahoo.Com,2026-07-19,active,Instagram,2026-09-27
mary.lewis567@hotmail.com,2026-08-26,active,Direct,2026-09-17
claire.johnson93@yahoo.com,2026-08-19,unsubscribed,Referral,
luke.phillips661@gmail.com,2026-08-09,active,Google,2026-09-27
isaac.jones21@protonmail.com,2026-09-19,unsubscribed,Referral,
isaac.collins132@gmail.com,2026-09-28,active,Referral,2026-09-28
joy.evans90@hotmail.com,2026-08-10,active,Instagram,2026-08-31
ben.taylor56@gmail.com,2026-09-01,active,Referral,
naomi.lee769@hotmail.com,2026-07-13,active,Instagram,2026-07-16
eli.campbell924@yahoo.com,2026-07-26,active,Instagram,2026-09-01
joshua.moore821@hotmail.com,2026-07-14,active,Facebook,2026-09-03
john.hill28@gmail.com,2026-09-01,active,Direct,2026-09-20
matthew.adams232@gmail.com,2026-07-27,active,Instagram,2026-08-22
isaac.evans631@gmail.com,2026-07-27,active,Instagram,2026-09-06
tim.davis400@gmail.com,2026-08-13,active,Instagram,
eli.reed598@gmail.com,2026-08-14,active,Referral,2026-09-16
claire.davis177@gmail.com,2026-07-14,unsubscribed,Referral,
james.bailey932@gmail.com,2026-07-19,active,Google,2026-09-03
joy.wright55@gmail.com,2026-08-12,active,Instagram,2026-09-27
andrew.martin699@gmail.com,2026-09-03,active,Instagram,2026-09-11
isaac.peterson251@gmail.com,2026-08-14,active,Facebook,2026-08-25
david.lee398@outlook.com,2026-09-03,active,Instagram,2026-09-26
caleb.collins318@icloud.com,2026-09-06,active,Podcast,2026-09-16
noah.young933@gmail.com,2026-07-09,active,Facebook,2026-08-28
abigail.collins609@gmail.com,2026-08-30,active,Instagram,2026-09-11
joshua.wright981@gmail.com,2026-07-25,active,Instagram,2026-09-02
emily.rogers634@gmail.com,2026-09-12,active,Podcast,2026-09-25
ellie.phillips390@outlook.com,2026-09-27,active,Referral,2026-09-28
aaron.jones344@gmail.com,2026-08-29,active,Google,2026-09-22
anna.evans882@gmail.com,2026-07-16,active,Google,2026-09-01
emily.evans97@gmail.com,2026-09-09,active,Instagram,2026-09-20
mark.reed335@gmail.com,2026-08-13,active,Facebook,2026-09-27
grace.bailey714@protonmail.com,2026-07-10,active,Instagram,2026-09-27
chloe.wright496@hotmail.com,2026-08-28,active,Google,2026-09-04
ellie.miller500@gmail.com,2026-08-31,active,Instagram,
ruth.roberts389@gmail.com,2026-08-06,active,Instagram,2026-08-17
hope.martin449@gmail.com,2026-09-19,active,Direct,2026-09-27
,,,,
david.bell104@gmail.com,2026-09-18,active,Instagram,2026-09-22
chloe.anderson830@protonmail.com,2026-07-09,active,Instagram,2026-09-04
emily.phillips458@icloud.com,2026-09-07,active,Facebook,2026-09-20
paul.evans779@gmail.com,2026-07-15,unsubscribed,Instagram,
ben.bell207@gmail.com,2026-08-06,active,Facebook,
grace.hill850@protonmail.com,2026-08-13,active,Instagram,
tim.green433@gmail.com,2026-07-09,active,Instagram,2026-08-07
peter.baker321@hotmail.com,2026-08-18,active,Podcast,2026-09-22
claire.peterson398@gmail.com,2026-08-14,active,Referral,2026-09-26
seth.young256@gmail.com,2026-07-17,active,Facebook,2026-09-07
,,,,
sarah.carter581@icloud.com,2026-07-25,active,Facebook,2026-09-26
joshua.smith389@gmail.com,2026-07-22,active,X,2026-08-22
caleb.williams811@gmail.com,2026-09-25,active,Instagram,2026-09-28
zoe.jones651@outlook.com,2026-09-27,active,Direct,2026-09-27
ellie.lee489@icloud.com,2026-07-08,active,Facebook,
sam.mitchell343@gmail.com,2026-09-01,active,Instagram,2026-09-28
peter.garcia26@gmail.com,2026-07-24,active,Instagram,
mark.thomas8@gmail.com,2026-07-25,active,Referral,2026-09-01
andrew.rogers470@protonmail.com,2026-08-11,active,Instagram,2026-09-15
caleb.bell743@gmail.com,2026-07-29,active,Referral,2026-09-07
faith.roberts33@outlook.com,2026-08-01,active,Facebook,2026-09-07
seth.rogers857@protonmail.com,2026-09-06,active,Google,2026-09-19
nathan.baker993@gmail.com,2026-07-03,active,Podcast,2026-09-16
zoe.anderson869@icloud.com,2026-07-11,active,Instagram,2026-09-09
zoe.jones765@protonmail.com,2026-07-15,active,Instagram,2026-09-01
julia.roberts705@gmail.com,2026-09-23,active,Referral,2026-09-26
mary.parker956@protonmail.com,2026-07-09,active,Google,2026-09-14
mark.rogers101@gmail.com,2026-07-14,unsubscribed,Facebook,2026-09-19
anna.campbell740@hotmail.com,2026-07-28,active,X,2026-09-26
josiah.bailey121@gmail.com,2026-08-16,active,Podcast,2026-09-23
aaron.moore967@hotmail.com,2026-08-26,active,Instagram,2026-09-26
seth.thomas516@gmail.com,2026-07-02,active,Referral,2026-08-24
seth.campbell827@gmail.com,2026-09-19,active,Instagram,
leah.lewis197@icloud.com,2026-07-28,unsubscribed,Referral,
megan.rogers842@outlook.com,2026-09-26,active,Instagram,
tim.moore436@gmail.com,2026-08-22,active,Instagram,2026-08-26
luke.lewis484@gmail.com,2026-08-06,active,Instagram,2026-09-05
aaron.lewis315@hotmail.com,2026-08-03,active,X,2026-08-14
mary.miller765@icloud.com,2026-07-21,active,Facebook,2026-09-14
isaac.martin295@gmail.com,2026-07-05,unsubscribed,Facebook,
caleb.green913@gmail.com,2026-07-08,active,Referral,
nathan.king460@icloud.com,2026-07-13,active,Instagram,2026-08-02
michael.young673@icloud.com,2026-08-05,active,Google,
Ellie.cooper342@gmail.com,2026-09-13,active,X,2026-09-22
kate.moore734@protonmail.com,2026-09-07,active,Google,2026-09-28
aaron.davis243@yahoo.com,2026-08-25,active,Facebook,2026-09-18
hannah.bailey397@icloud.com,2026-07-20,active,Instagram,2026-08-31
josiah.morris472@outlook.com,2026-09-03,active,Referral,2026-09-23
daniel.morris455@icloud.com,2026-08-26,active,Instagram,2026-09-21
isaac.evans110@yahoo.com,2026-07-29,active,X,
naomi.scott479@gmail.com,2026-09-13,active,Facebook,2026-09-26
tim.evans474@yahoo.com,2026-07-06,active,Instagram,2026-09-20
grace.wilson283@gmail.com,2026-09-28,active,Google,2026-09-28
naomi.roberts526@hotmail.com,2026-09-09,unsubscribed,Google,2026-09-10
mary.lee230@gmail.com,2026-07-21,active,Direct,2026-08-31
ruth.baker698@gmail.com,2026-08-14,active,Referral,2026-08-25
tim.miller291@icloud.com,2026-09-03,active,Podcast,
joy.rogers434@gmail.com,2026-07-04,active,Podcast,
mary.edwards773@gmail.com,2026-09-28,active,Facebook,2026-09-28
rachel.brown584@gmail.com,2026-08-21,active,Facebook,2026-09-04
kate.evans60@yahoo.com,2026-07-31,active,Facebook,2026-08-04
david.baker883@gmail.com,2026-08-12,active,Instagram,
claire.wright925@gmail.com,2026-08-30,active,X,
isaac.taylor434@protonmail.com,2026-07-01,active,Facebook,2026-09-13
tim.reed831@gmail.com,2026-07-26,active,Instagram,
peter.phillips547@gmail.com,2026-09-15,active,Referral,2026-09-24
nathan.morgan671@yahoo.com,2026-08-08,active,Instagram,2026-09-18
michael.baker714@icloud.com,2026-07-24,active,Direct,2026-08-26
anna.hall100@outlook.com,2026-07-13,active,Direct,2026-07-31
hope.king219@outlook.com,2026-08-25,active,Facebook,2026-09-28
matthew.green689@gmail.com,2026-09-16,active,Referral,2026-09-18
mark.jones890@gmail.com,2026-07-12,active,Facebook,2026-09-19
jacob.adams236@hotmail.com,2026-09-19,unsubscribed,Instagram,2026-09-27
julia.reed863@gmail.com,2026-08-27,active,Facebook,2026-09-26
joshua.reed250@icloud.com,2026-07-17,active,Google,2026-08-09
chloe.clark221@protonmail.com,2026-09-01,active,Podcast,2026-09-16
joshua.reed805@protonmail.com,2026-09-06,active,Instagram,
joshua.davis427@hotmail.com,2026-08-16,active,Google,2026-09-16
john.turner397@icloud.com,2026-09-13,unsubscribed,Podcast,
nathan.thomas932@hotmail.com,2026-09-10,active,Instagram,2026-09-27
isaac.taylor168@gmail.com,2026-09-12,active,Instagram,2026-09-16
julia.bell89@gmail.com,2026-07-16,active,Instagram,2026-08-04
josiah.lewis547@icloud.com,2026-09-01,unsubscribed,Facebook,
olivia.murphy603@gmail.com,2026-08-09,unsubscribed,Instagram,2026-09-20
hope.nelson611@gmail.com,2026-08-18,active,Instagram,2026-09-08
mark.lee434@outlook.com,2026-09-26,active,Podcast,2026-09-27
seth.lee590@yahoo.com,2026-08-04,active,Instagram,2026-09-08
ben.murphy807@gmail.com,2026-08-02,active,Instagram,2026-08-19
ellie.morris506@outlook.com,2026-09-12,active,Google,2026-09-25
julia.green393@icloud.com,2026-07-25,active,Direct,2026-09-20
aaron.bell239@gmail.com,2026-07-28,active,Google,2026-08-30
ellie.parker611@gmail.com,2026-09-24,active,Instagram,2026-09-25
sam.martin567@gmail.com,2026-07-02,active,Instagram,2026-09-23
  naomi.morris189@gmail.com ,2026-09-01,active,Podcast,
faith.clark5@yahoo.com,2026-07-04,active,Instagram,2026-08-23
james.rogers178@yahoo.com,2026-08-23,active,Direct,2026-09-02
ethan.nelson771@gmail.com,2026-09-06,active,Google,2026-09-08
mark.wright705@icloud.com,2026-08-10,active,Direct,2026-08-17
john.cook400@gmail.com,2026-07-15,active,Direct,2026-09-22
ellie.king551@outlook.com,2026-07-14,active,Referral,2026-09-19
esther.smith806@hotmail.com,2026-08-27,active,Referral,
claire.hill70@gmail.com,2026-08-23,active,Podcast,2026-09-12
caleb.moore480@gmail.com,2026-07-11,unsubscribed,Facebook,
sarah.taylor476@yahoo.com,2026-08-16,active,Facebook,2026-08-27
laura.johnson494@gmail.com,2026-07-26,active,Instagram,2026-09-10
abigail.anderson100@gmail.com,2026-07-29,active,Facebook,2026-08-13
james.jones195@gmail.com,2026-09-03,active,Referral,2026-09-10
olivia.martin531@hotmail.com,2026-08-19,active,Instagram,2026-09-10
esther.peterson795@gmail.com,2026-09-19,active,Referral,2026-09-22
seth.king989@yahoo.com,2026-07-11,active,Instagram,2026-09-03
joy.collins239@gmail.com,2026-07-04,active,Direct,2026-09-01
anna.brown301@yahoo.com,2026-08-06,active,Podcast,2026-09-17
chloe.turner564@gmail.com,2026-09-09,active,Google,2026-09-21
aaron.walker682@gmail.com,2026-08-10,unsubscribed,Google,2026-08-31
laura.jones236@yahoo.com,2026-08-07,active,Instagram,2026-09-25
nathan.davis911@gmail.com,2026-07-10,unsubscribed,Instagram,2026-09-28
grace.parker972@gmail.com,2026-07-09,active,Facebook,2026-09-09
emily.allen853@protonmail.com,2026-08-23,active,Referral,2026-09-25
hope.evans567@gmail.com,2026-07-20,active,Referral,2026-08-18
andrew.anderson142@gmail.com,2026-08-05,active,Google,2026-09-26
nathan.murphy399@icloud.com,2026-08-19,active,Instagram,2026-09-10
ruth.bailey717@gmail.com,2026-08-22,active,Referral,2026-09-08
isaac.hall463@hotmail.com,2026-08-05,unsubscribed,Podcast,2026-09-21
seth.collins887@gmail.com,2026-09-21,active,Direct,2026-09-26
joy.edwards367@gmail.com,2026-08-10,active,Instagram,
hannah.clark261@icloud.com,2026-07-17,active,Instagram,2026-09-28
ellie.anderson657@yahoo.com,2026-08-25,active,Instagram,2026-09-05
kate.jones486@gmail.com,2026-08-14,active,Facebook,2026-08-21
daniel.roberts326@gmail.com,2026-07-23,active,Referral,2026-09-02
josiah.scott490@gmail.com,2026-08-19,unsubscribed,Instagram,
michael.martin561@gmail.com,2026-09-28,active,X,2026-09-28
joy.anderson228@outlook.com,2026-08-14,active,Referral,2026-09-03
luke.garcia55@gmail.com,2026-08-25,active,Facebook,2026-09-18
anna.moore111@gmail.com,2026-09-20,active,X,2026-09-25
peter.jones840@gmail.com,2026-07-30,active,Referral,2026-09-11
luke.peterson411@gmail.com,2026-08-11,active,Facebook,2026-09-18
nathan.allen352@yahoo.com,2026-08-06,active,Instagram,2026-08-10
lydia.martin252@hotmail.com,2026-08-13,active,Instagram,2026-09-01
andrew.allen772@yahoo.com,2026-09-21,active,Referral,2026-09-24
lydia.morris59@hotmail.com,2026-09-18,active,Instagram,2026-09-26
ethan.scott25@gmail.com,2026-08-11,active,Facebook,2026-09-09
Zoe.Stewart378@Gmail.Com,2026-07-07,active,Instagram,2026-09-03
ellie.moore787@gmail.com,2026-09-09,active,Facebook,
zoe.garcia660@icloud.com,2026-07-09,unsubscribed,Instagram,2026-08-28
naomi.wilson779@gmail.com,2026-08-19,active,Google,2026-09-20
aaron.wright732@gmail.com,2026-09-02,active,Google,2026-09-21
seth.peterson452@icloud.com,2026-07-22,active,Referral,2026-08-20
caleb.reed166@icloud.com,2026-08-02,active,Instagram,2026-09-14
esther.reed593@gmail.com,2026-07-04,active,Instagram,2026-09-22
zoe.edwards36@protonmail.com,2026-09-16,active,Instagram,2026-09-25
mary.collins568@gmail.com,2026-08-27,active,Instagram,2026-09-02
ben.murphy658@icloud.com,2026-09-22,active,Referral,2026-09-23
james.thomas214@gmail.com,2026-09-17,active,Instagram,2026-09-24
anna.moore339@gmail.com,2026-09-28,active,Podcast,2026-09-28
daniel.lewis943@gmail.com,2026-08-27,active,Facebook,2026-09-25
anna.edwards283@icloud.com,2026-08-28,active,Referral,
nathan.cooper191@outlook.com,2026-07-28,active,Direct,2026-09-07
david.scott354@outlook.com,2026-08-17,active,Referral,2026-09-19
paul.green954@yahoo.com,2026-08-29,active,Podcast,2026-09-07
lydia.carter678@yahoo.com,2026-08-17,active,Google,2026-08-22
chloe.taylor190@protonmail.com,2026-09-28,active,Google,
joshua.martin735@icloud.com,2026-08-14,active,Facebook,2026-09-24
kate.moore372@icloud.com,2026-07-29,active,Instagram,2026-09-28
tim.morgan478@yahoo.com,2026-07-15,active,Google,2026-08-13
tim.moore494@protonmail.com,2026-08-30,active,Facebook,
chloe.murphy961@protonmail.com,2026-09-15,active,Instagram,2026-09-17
rachel.parker689@gmail.com,2026-08-01,active,Instagram,2026-09-06
joy.morgan93@gmail.com,2026-07-03,active,Facebook,2026-07-24
paul.reed220@gmail.com,2026-08-12,active,Instagram,2026-08-14
megan.bailey869@gmail.com,2026-08-03,active,Facebook,
andrew.moore206@protonmail.com,2026-09-27,active,Instagram,2026-09-28
ruth.miller228@yahoo.com,2026-08-24,active,Facebook,2026-09-10
michael.parker486@gmail.com,2026-07-14,active,Podcast,2026-09-19
luke.adams116@gmail.com,2026-07-13,active,Referral,2026-09-19
anna.campbell167@icloud.com,2026-08-29,active,Facebook,2026-09-01
luke.edwards280@protonmail.com,2026-08-12,active,Podcast,2026-09-24
Lydia.Brown951@Gmail.Com,2026-09-23,active,Referral,2026-09-28
abigail.nelson122@gmail.com,2026-09-09,unsubscribed,Facebook,
michael.campbell79@gmail.com,2026-07-25,active,Instagram,2026-09-04
joshua.wilson276@gmail.com,2026-07-27,active,Referral,2026-09-13
sarah.hall507@hotmail.com,2026-09-24,active,Podcast,2026-09-25
ben.morgan298@yahoo.com,2026-09-08,active,Facebook,2026-09-16
naomi.carter4@icloud.com,2026-08-08,active,Referral,2026-09-18
andrew.davis367@hotmail.com,2026-07-06,active,Instagram,2026-08-17
kate.mitchell454@protonmail.com,2026-09-11,unsubscribed,Facebook,
paul.lee827@gmail.com,2026-09-17,active,Instagram,2026-09-22
noah.bailey668@outlook.com,2026-08-21,active,Podcast,2026-09-01
ethan.taylor122@gmail.com,2026-07-27,active,Referral,2026-09-11
grace.hall186@outlook.com,2026-08-11,active,Referral,2026-09-14
Olivia.Turner796@Outlook.Com,2026-07-22,active,Google,
lydia.turner11@icloud.com,2026-07-19,active,Instagram,2026-09-10
olivia.young434@gmail.com,2026-08-17,active,X,2026-09-20
sarah.bailey421@gmail.com,2026-07-14,active,Referral,2026-08-07
matthew.johnson156@gmail.com,2026-08-21,active,Instagram,
ellie.collins961@icloud.com,2026-07-14,active,Referral,2026-09-27
naomi.walker559@yahoo.com,2026-07-04,active,Direct,2026-09-11
joy.garcia98@gmail.com,2026-07-01,active,Instagram,2026-09-20
faith.hall159@gmail.com,2026-07-15,active,Google,2026-08-31
grace.garcia381@gmail.com,2026-08-06,active,Facebook,
chloe.lee587@outlook.com,2026-09-10,active,Instagram,2026-09-26
hannah.clark649@yahoo.com,2026-08-01,active,Instagram,2026-09-10
grace.bell193@gmail.com,2026-07-13,active,Instagram,2026-09-28
rachel.anderson656@gmail.com,2026-08-20,active,Referral,2026-08-31
rachel.smith271@gmail.com,2026-08-17,active,Referral,2026-09-28
ruth.martin628@protonmail.com,2026-08-07,active,Instagram,2026-09-27
kate.walker277@gmail.com,2026-09-07,active,Google,2026-09-08
hannah.mitchell56@hotmail.com,2026-07-16,active,Referral,
john.scott597@icloud.com,2026-07-15,active,Referral,2026-07-19
esther.rogers530@gmail.com,2026-07-13,active,X,2026-07-25
hope.turner958@hotmail.com,2026-09-23,active,Direct,2026-09-24
anna.bell139@protonmail.com,2026-09-09,unsubscribed,Podcast,2026-09-18
rachel.green362@gmail.com,2026-09-23,active,Podcast,2026-09-25
david.williams61@yahoo.com,2026-08-17,unsubscribed,Google,
david.scott694@icloud.com,2026-08-09,active,Google,2026-09-26
Luke.Young255@Yahoo.Com,2026-09-27,active,Direct,2026-09-28
  faith.morris553@hotmail.com ,2026-07-31,active,Google,2026-09-14
lydia.collins462@gmail.com,2026-07-22,active,Google,2026-09-24
joy.martin390@gmail.com,2026-08-13,active,Referral,2026-09-05
naomi.king818@hotmail.com,2026-08-14,active,Facebook,2026-09-24
michael.bailey913@gmail.com,2026-07-05,active,Facebook,2026-09-23
luke.parker785@hotmail.com,2026-07-07,active,Podcast,2026-09-15
daniel.evans594@gmail.com,2026-09-18,active,Instagram,2026-09-24
peter.rogers438@icloud.com,2026-08-18,unsubscribed,Instagram,2026-09-02
matthew.parker739@gmail.com,2026-07-19,active,X,2026-09-13
james.morris921@icloud.com,2026-08-20,active,Instagram,2026-09-02
grace.baker145@gmail.com,2026-08-21,active,Facebook,
claire.bailey299@gmail.com,2026-08-20,active,Instagram,2026-09-07
laura.williams477@icloud.com,2026-08-30,active,Facebook,2026-09-23
ellie.bailey968@gmail.com,2026-07-18,active,Instagram,2026-09-24
joy.bailey395@yahoo.com,2026-07-03,active,Instagram,2026-07-17
john.lewis982@yahoo.com,2026-07-18,active,Instagram,2026-09-03
ethan.turner482@yahoo.com,2026-09-25,active,Instagram,2026-09-26
paul.reed580@icloud.com,2026-07-07,unsubscribed,Instagram,2026-09-11
hope.parker639@protonmail.com,2026-08-10,active,X,2026-09-08
ellie.turner779@gmail.com,2026-08-11,active,Referral,2026-09-24
paul.king678@icloud.com,2026-09-12,unsubscribed,Referral,2026-09-13
anna.davis856@yahoo.com,2026-08-26,active,Instagram,2026-08-31
hope.young218@protonmail.com,2026-08-18,active,Referral,2026-09-05
naomi.hill86@gmail.com,2026-09-04,unsubscribed,Referral,
laura.morgan590@gmail.com,2026-08-13,active,Facebook,2026-09-23
kate.rogers574@protonmail.com,2026-07-18,active,Direct,2026-09-17
claire.green98@protonmail.com,2026-07-05,active,Referral,2026-07-21
isaac.nelson391@gmail.com,2026-09-21,active,Podcast,2026-09-28
james.cook873@icloud.com,2026-08-12,active,Google,2026-09-01
faith.murphy54@gmail.com,2026-08-11,active,Referral,2026-09-16
ruth.anderson251@icloud.com,2026-08-10,active,Google,2026-09-28
emily.allen216@gmail.com,2026-07-21,unsubscribed,Referral,
michael.martin318@yahoo.com,2026-09-18,active,Direct,2026-09-22
laura.parker934@gmail.com,2026-08-29,active,Referral,
esther.parker857@gmail.com,2026-08-24,active,Referral,2026-09-03
leah.lewis269@yahoo.com,2026-07-06,active,Google,2026-09-02
daniel.hill389@gmail.com,2026-07-24,unsubscribed,Google,
mark.walker860@outlook.com,2026-08-07,active,Facebook,2026-08-09
james.king478@gmail.com,2026-07-04,unsubscribed,Instagram,2026-09-13
faith.baker276@outlook.com,2026-09-19,active,Instagram,2026-09-24
john.walker285@hotmail.com,2026-08-07,active,Facebook,
zoe.green692@gmail.com,2026-08-14,active,Facebook,2026-09-22
ben.turner649@protonmail.com,2026-08-22,active,Instagram,2026-09-02
ellie.clark198@gmail.com,2026-07-29,active,Facebook,2026-08-30
hope.moore281@gmail.com,2026-09-18,active,Referral,2026-09-19
chloe.edwards498@gmail.com,2026-09-07,active,Direct,2026-09-10
joy.king964@protonmail.com,2026-08-23,active,Direct,2026-09-23
michael.wilson423@hotmail.com,2026-09-06,active,Direct,2026-09-14
laura.allen655@yahoo.com,2026-09-06,active,Facebook,2026-09-26
aaron.rogers491@outlook.com,2026-07-21,active,Google,2026-09-01
hope.anderson583@gmail.com,2026-08-07,active,X,
leah.stewart425@gmail.com,2026-08-10,active,Instagram,2026-09-07
daniel.carter508@gmail.com,2026-07-09,active,Google,2026-09-09
daniel.young848@gmail.com,2026-07-20,active,Instagram,2026-09-09
caleb.johnson452@gmail.com,2026-08-10,active,Instagram,2026-09-28
abigail.baker847@gmail.com,2026-09-20,active,Referral,
sarah.johnson609@protonmail.com,2026-09-02,active,Google,2026-09-14
megan.rogers510@icloud.com,2026-07-15,active,Google,2026-09-03
ben.mitchell389@outlook.com,2026-07-17,active,X,2026-08-29
ben.clark524@gmail.com,2026-09-06,active,Podcast,2026-09-25
  tim.campbell175@gmail.com ,2026-07-08,active,Instagram,2026-09-25
aaron.smith332@gmail.com,2026-09-25,active,Instagram,2026-09-27
mary.carter72@gmail.com,2026-08-28,active,Referral,2026-09-14
naomi.taylor967@hotmail.com,2026-07-21,active,Instagram,2026-09-27
paul.clark60@gmail.com,2026-07-09,active,Referral,2026-09-07
caleb.edwards31@icloud.com,2026-07-03,active,Referral,2026-07-14
,,,,
laura.green489@hotmail.com,2026-09-23,active,Instagram,2026-09-28
noah.miller474@gmail.com,2026-09-18,active,Facebook,2026-09-23
sarah.murphy255@gmail.com,2026-08-21,active,Instagram,2026-09-16
megan.wright408@gmail.com,2026-07-12,active,Instagram,2026-09-10
caleb.lewis178@gmail.com,2026-09-05,active,Direct,2026-09-24
julia.moore461@hotmail.com,2026-08-11,active,Facebook,2026-09-02
emily.murphy439@gmail.com,2026-09-23,active,Referral,2026-09-25
laura.cook862@gmail.com,2026-07-02,active,Instagram,2026-08-09
megan.green322@gmail.com,2026-08-14,active,Google,2026-09-18
ethan.bell551@hotmail.com,2026-09-13,active,Direct,2026-09-15
emily.roberts635@hotmail.com,2026-08-24,active,Instagram,2026-09-07
john.bell207@gmail.com,2026-08-13,active,Referral,2026-09-08
caleb.cooper347@gmail.com,2026-09-12,active,Referral,2026-09-15
david.allen230@gmail.com,2026-09-17,active,Referral,2026-09-22
peter.davis29@outlook.com,2026-08-11,active,Instagram,2026-09-11
david.edwards112@protonmail.com,2026-09-18,active,Google,2026-09-26
peter.peterson255@gmail.com,2026-09-06,active,Facebook,
luke.clark600@hotmail.com,2026-08-16,active,Referral,2026-09-02
joy.roberts140@gmail.com,2026-09-25,active,Podcast,2026-09-25
claire.johnson349@yahoo.com,2026-07-18,active,Referral,2026-09-03
ethan.davis225@gmail.com,2026-09-24,active,X,2026-09-26
ben.cook783@protonmail.com,2026-08-24,active,Instagram,2026-09-21
joshua.campbell716@gmail.com,2026-07-11,active,Direct,
lydia.hall311@gmail.com,2026-07-13,active,Google,
paul.turner991@yahoo.com,2026-08-16,active,Referral,2026-09-24
luke.lee148@hotmail.com,2026-07-26,active,Facebook,2026-08-26
claire.davis444@gmail.com,2026-08-31,active,Referral,2026-09-13
abigail.reed678@icloud.com,2026-09-05,active,Google,2026-09-27
noah.taylor377@gmail.com,2026-08-11,active,Facebook,2026-09-07
sam.lewis884@hotmail.com,2026-07-06,active,Referral,2026-09-25
julia.miller61@yahoo.com,2026-09-10,active,Instagram,2026-09-22
faith.wright910@gmail.com,2026-08-07,active,Google,2026-08-31
james.anderson919@outlook.com,2026-07-15,active,Referral,
lydia.johnson488@protonmail.com,2026-08-21,active,Referral,
luke.johnson5@hotmail.com,2026-08-27,active,Instagram,2026-09-11
caleb.rogers383@gmail.com,2026-09-12,active,Direct,
hannah.davis555@gmail.com,2026-07-28,active,Instagram,2026-09-18
matthew.wright843@outlook.com,2026-07-15,active,Referral,2026-09-07
rachel.walker183@gmail.com,2026-08-24,active,Instagram,2026-09-17
ellie.phillips258@outlook.com,2026-09-24,active,Instagram,2026-09-26
joy.lee855@protonmail.com,2026-09-27,active,X,2026-09-28
david.carter177@outlook.com,2026-07-09,unsubscribed,Podcast,2026-08-31
anna.young606@protonmail.com,2026-07-02,active,X,
megan.davis463@outlook.com,2026-09-19,active,Instagram,2026-09-28
tim.miller323@gmail.com,2026-08-11,active,Instagram,
leah.moore922@gmail.com,2026-07-04,active,Referral,2026-09-17
claire.bailey113@hotmail.com,2026-09-04,active,Referral,2026-09-27
,,,,
claire.murphy651@yahoo.com,2026-09-10,active,Instagram,2026-09-23
zoe.murphy778@gmail.com,2026-07-10,active,Referral,2026-08-30
sarah.clark972@hotmail.com,2026-09-28,active,Instagram,2026-09-28
daniel.miller826@gmail.com,2026-07-09,active,Podcast,2026-09-25
olivia.lewis840@gmail.com,2026-07-04,active,Referral,2026-09-03
sarah.johnson152@hotmail.com,2026-09-07,active,Instagram,2026-09-09
emily.davis436@gmail.com,2026-08-06,active,Instagram,2026-08-22
seth.rogers403@outlook.com,2026-07-14,active,Google,2026-09-02
luke.morgan833@gmail.com,2026-07-26,active,Direct,2026-09-22
hope.bailey564@gmail.com,2026-07-18,active,Instagram,2026-09-28
chloe.cooper87@icloud.com,2026-09-01,active,Instagram,2026-09-27
claire.williams327@yahoo.com,2026-09-14,active,Referral,2026-09-23
ruth.martin430@gmail.com,2026-08-05,active,Referral,2026-09-26
john.mitchell228@gmail.com,2026-09-18,active,Referral,2026-09-20
ellie.peterson815@gmail.com,2026-07-11,active,Instagram,2026-07-17
seth.evans785@gmail.com,2026-07-13,active,Podcast,2026-09-28
Paul.moore22@yahoo.com,2026-08-04,active,Direct,2026-09-20
seth.lewis562@outlook.com,2026-08-30,unsubscribed,Direct,2026-09-25
julia.green665@outlook.com,2026-07-01,unsubscribed,Instagram,
joy.murphy19@gmail.com,2026-08-09,active,Referral,2026-09-07
chloe.nelson491@gmail.com,2026-08-19,active,Referral,2026-09-12
Seth.lee300@gmail.com,2026-07-27,active,Instagram,2026-09-23
luke.bailey309@gmail.com,2026-09-22,active,Instagram,2026-09-22
kate.cooper333@yahoo.com,2026-08-28,active,Referral,2026-09-04
megan.allen579@protonmail.com,2026-07-31,active,Google,2026-09-03
claire.anderson103@protonmail.com,2026-09-23,active,Referral,2026-09-24
caleb.lee360@protonmail.com,2026-08-31,active,Instagram,2026-09-01
mark.davis120@gmail.com,2026-08-11,active,X,2026-08-16
naomi.nelson650@protonmail.com,2026-07-21,unsubscribed,Instagram,
paul.parker105@protonmail.com,2026-09-15,active,Instagram,2026-09-19
hope.davis399@gmail.com,2026-07-27,active,Facebook,2026-09-21
hannah.johnson415@outlook.com,2026-09-13,unsubscribed,Instagram,
Peter.hill721@protonmail.com,2026-07-01,active,Podcast,2026-08-31
kate.mitchell597@hotmail.com,2026-09-03,active,Direct,2026-09-17
naomi.martin992@yahoo.com,2026-09-19,active,Instagram,2026-09-25
josiah.young331@yahoo.com,2026-09-12,active,Podcast,
naomi.bailey954@gmail.com,2026-07-31,active,Referral,2026-08-13
nathan.martin844@gmail.com,2026-09-09,active,Podcast,2026-09-10
paul.collins310@gmail.com,2026-09-25,active,Referral,2026-09-28
jacob.williams65@gmail.com,2026-09-02,active,Facebook,2026-09-13
andrew.walker132@hotmail.com,2026-08-10,active,Instagram,2026-09-06
tim.collins378@outlook.com,2026-08-23,active,Referral,2026-09-16
noah.adams62@yahoo.com,2026-07-05,active,Facebook,
andrew.nelson114@gmail.com,2026-09-04,active,Podcast,2026-09-10
eli.morgan545@icloud.com,2026-08-08,active,X,2026-09-20
claire.miller957@protonmail.com,2026-07-15,active,Instagram,2026-09-16
eli.clark488@gmail.com,2026-07-08,unsubscribed,Referral,2026-09-24
isaac.wright652@gmail.com,2026-08-02,active,Instagram,2026-09-01
ben.clark42@gmail.com,2026-07-03,active,Google,2026-09-09
emily.young617@gmail.com,2026-09-23,unsubscribed,Instagram,
ruth.lewis357@gmail.com,2026-07-27,unsubscribed,Facebook,
claire.peterson415@gmail.com,2026-08-27,active,Facebook,2026-09-23
abigail.miller145@yahoo.com,2026-08-29,active,Referral,2026-09-01
david.garcia857@outlook.com,2026-08-27,active,Google,2026-09-05
megan.stewart163@gmail.com,2026-08-06,active,Facebook,2026-08-11
chloe.miller488@hotmail.com,2026-09-11,active,Instagram,2026-09-21
kate.bailey812@yahoo.com,2026-08-06,active,Podcast,2026-09-25
joshua.baker213@gmail.com,2026-07-31,active,Facebook,2026-09-10
luke.allen564@gmail.com,2026-07-10,active,Instagram,2026-08-05
hannah.allen415@outlook.com,2026-07-18,active,Facebook,2026-09-23
peter.campbell209@gmail.com,2026-08-06,unsubscribed,Google,2026-09-25
grace.morris945@gmail.com,2026-07-29,active,Facebook,2026-09-20
paul.adams371@gmail.com,2026-08-04,active,Google,2026-08-26
olivia.smith173@outlook.com,2026-07-01,active,Instagram,2026-09-12
nathan.garcia110@gmail.com,2026-07-28,active,Facebook,
faith.collins512@gmail.com,2026-08-29,active,Instagram,
claire.taylor225@gmail.com,2026-08-03,active,Referral,2026-09-17
ben.bell999@outlook.com,2026-07-24,unsubscribed,Direct,2026-09-09
sam.king908@gmail.com,2026-08-09,active,Facebook,
leah.parker391@yahoo.com,2026-07-30,active,Referral,2026-09-21
jacob.murphy832@gmail.com,2026-07-15,active,Instagram,2026-08-31
faith.walker536@gmail.com,2026-08-29,active,Facebook,2026-09-08
faith.nelson856@gmail.com,2026-07-20,active,Google,2026-09-01
zoe.morris640@gmail.com,2026-09-22,active,Podcast,2026-09-26
tim.nelson803@outlook.com,2026-08-05,active,Instagram,2026-09-08
rachel.mitchell418@gmail.com,2026-08-19,active,Facebook,2026-09-27
naomi.baker104@gmail.com,2026-09-10,active,Direct,2026-09-18
Laura.adams594@icloud.com,2026-09-01,active,Facebook,2026-09-10
josiah.smith396@protonmail.com,2026-08-06,active,Podcast,2026-09-24
david.phillips424@gmail.com,2026-09-10,active,Instagram,2026-09-14
caleb.brown650@gmail.com,2026-07-20,active,Instagram,2026-08-09
nathan.thomas735@outlook.com,2026-08-29,active,Instagram,2026-08-30
ethan.young63@gmail.com,2026-07-30,active,Instagram,2026-09-15
mary.morris721@icloud.com,2026-09-22,active,Instagram,2026-09-28
olivia.lee680@outlook.com,2026-09-08,active,Google,2026-09-24
kate.allen194@gmail.com,2026-09-06,active,Facebook,2026-09-19
kate.miller363@yahoo.com,2026-07-21,active,Instagram,2026-09-20
sarah.roberts511@gmail.com,2026-07-27,active,Referral,2026-09-27
emily.hall225@gmail.com,2026-08-15,active,Facebook,2026-09-18
grace.reed154@outlook.com,2026-09-17,active,Instagram,2026-09-27
anna.turner474@hotmail.com,2026-09-12,active,Instagram,2026-09-24
leah.martin289@hotmail.com,2026-08-11,active,Direct,2026-09-04
tim.campbell175@gmail.com,2026-07-08,active,Instagram,2026-09-25
james.williams596@outlook.com,2026-09-05,active,Google,2026-09-17
matthew.collins229@outlook.com,2026-07-26,active,Facebook,2026-09-20
hope.williams682@gmail.com,2026-08-03,active,Instagram,2026-09-13
leah.wright92@gmail.com,2026-07-18,active,Direct,2026-09-11
zoe.allen495@gmail.com,2026-09-17,active,Podcast,2026-09-19
olivia.cooper148@outlook.com,2026-09-27,active,Instagram,2026-09-28
isaac.johnson356@hotmail.com,2026-09-11,active,Direct,2026-09-18
hannah.allen26@yahoo.com,2026-08-29,active,Instagram,
david.walker792@yahoo.com,2026-08-02,active,Referral,
grace.smith683@outlook.com,2026-08-11,active,Facebook,2026-08-19
luke.thomas865@icloud.com,2026-09-25,active,Instagram,2026-09-26
joshua.stewart472@gmail.com,2026-07-09,active,Referral,2026-09-24
anna.bell241@gmail.com,2026-08-05,active,Facebook,
daniel.morgan168@gmail.com,2026-07-21,active,Facebook,2026-09-15
joshua.nelson554@yahoo.com,2026-09-12,active,Direct,2026-09-22
mary.anderson870@hotmail.com,2026-09-04,active,Referral,
ben.scott477@hotmail.com,2026-07-04,active,Facebook,2026-08-28
rachel.adams60@hotmail.com,2026-07-08,active,Facebook,2026-08-20
michael.parker607@gmail.com,2026-07-14,active,Podcast,2026-09-07
eli.moore985@gmail.com,2026-09-24,active,Facebook,2026-09-27
matthew.bell707@icloud.com,2026-08-10,active,Google,2026-09-13
peter.reed156@yahoo.com,2026-08-29,active,Podcast,2026-09-05
abigail.garcia154@gmail.com,2026-07-03,active,Facebook,2026-09-20
peter.clark211@hotmail.com,2026-09-15,active,Podcast,2026-09-27
mary.smith309@gmail.com,2026-09-10,active,Referral,2026-09-18
andrew.morris310@gmail.com,2026-08-18,active,Facebook,2026-09-27
ellie.smith322@gmail.com,2026-09-05,active,Podcast,2026-09-16
nathan.rogers421@gmail.com,2026-08-13,active,Referral,2026-09-27
tim.wilson859@icloud.com,2026-09-27,active,Facebook,2026-09-27
tim.nelson119@gmail.com,2026-08-15,active,Facebook,2026-09-05
joy.king874@gmail.com,2026-07-20,active,Instagram,2026-09-06
naomi.green172@outlook.com,2026-08-12,active,Referral,2026-09-21
hannah.roberts110@yahoo.com,2026-07-16,active,Instagram,2026-08-22
joy.rogers920@gmail.com,2026-07-23,active,X,2026-09-19
aaron.campbell75@hotmail.com,2026-07-16,active,Facebook,2026-09-09
grace.thomas845@gmail.com,2026-08-18,active,Google,2026-09-23
jacob.cooper310@gmail.com,2026-09-14,active,Google,2026-09-21
peter.miller976@gmail.com,2026-09-24,active,Instagram,2026-09-25
sarah.scott60@outlook.com,2026-09-18,active,Direct,2026-09-24
eli.wilson96@outlook.com,2026-07-10,active,Referral,2026-08-25
jacob.nelson409@gmail.com,2026-09-27,active,Instagram,2026-09-28
peter.peterson276@protonmail.com,2026-09-06,active,Podcast,2026-09-26
tim.evans444@hotmail.com,2026-09-08,active,Direct,2026-09-15
claire.cooper932@outlook.com,2026-07-08,active,Instagram,2026-09-27
mark.cook661@gmail.com,2026-07-26,active,Google,2026-09-28
laura.cook695@gmail.com,2026-07-06,active,Facebook,2026-08-16
peter.lewis825@protonmail.com,2026-07-02,active,Instagram,2026-09-19
olivia.parker10@hotmail.com,2026-08-11,active,Instagram,2026-09-27
,,,,
hope.reed322@gmail.com,2026-09-26,active,X,2026-09-28
abigail.cook507@yahoo.com,2026-08-10,active,Instagram,2026-09-12
mark.hill278@gmail.com,2026-07-25,active,Instagram,2026-09-25
ben.clark854@protonmail.com,2026-09-15,active,Direct,2026-09-18
ben.rogers723@yahoo.com,2026-08-16,active,Facebook,2026-09-20
anna.campbell132@gmail.com,2026-08-29,unsubscribed,Instagram,
joshua.phillips645@hotmail.com,2026-09-14,active,Facebook,2026-09-16
ruth.phillips656@protonmail.com,2026-08-21,unsubscribed,Facebook,
james.baker950@gmail.com,2026-07-30,unsubscribed,Instagram,
ruth.evans778@yahoo.com,2026-09-23,active,Podcast,
james.taylor586@gmail.com,2026-08-27,active,Direct,2026-09-23
andrew.cook693@protonmail.com,2026-08-07,active,Instagram,2026-08-12
paul.cook92@gmail.com,2026-07-30,unsubscribed,Instagram,2026-09-18
noah.bailey846@hotmail.com,2026-09-12,active,Instagram,2026-09-15
claire.clark643@gmail.com,2026-08-13,active,Google,
faith.morgan412@gmail.com,2026-08-08,active,Facebook,
david.roberts62@gmail.com,2026-07-02,active,Podcast,2026-09-04
seth.morris718@gmail.com,2026-09-18,active,Instagram,2026-09-22
john.davis611@yahoo.com,2026-08-03,active,Direct,2026-08-14
james.evans873@outlook.com,2026-07-31,active,Instagram,2026-09-21
rachel.roberts725@gmail.com,2026-07-14,unsubscribed,Google,2026-08-31
faith.edwards901@hotmail.com,2026-08-31,active,Facebook,2026-09-10
matthew.parker775@hotmail.com,2026-07-04,active,Referral,2026-09-02
esther.campbell928@outlook.com,2026-08-25,active,Direct,2026-09-09
mark.miller699@gmail.com,2026-07-01,active,Instagram,2026-09-15
hannah.roberts638@protonmail.com,2026-08-03,active,Referral,
jacob.walker722@gmail.com,2026-08-08,active,Facebook,2026-09-18
noah.moore39@gmail.com,2026-07-21,active,Facebook,2026-08-25
anna.davis134@gmail.com,2026-07-09,active,Instagram,2026-09-10
seth.walker49@gmail.com,2026-09-04,active,Referral,2026-09-27
kate.reed503@gmail.com,2026-08-06,active,Google,2026-08-15
naomi.moore343@gmail.com,2026-09-24,active,Google,2026-09-28
rachel.collins311@gmail.com,2026-08-26,active,Instagram,2026-09-20
noah.thomas452@gmail.com,2026-08-17,active,Instagram,2026-09-05
aaron.anderson656@gmail.com,2026-08-01,active,Google,2026-09-16
james.bell28@protonmail.com,2026-09-06,active,Instagram,2026-09-10
ellie.clark861@icloud.com,2026-09-01,active,Instagram,2026-09-06
matthew.jones571@icloud.com,2026-09-08,active,Instagram,2026-09-09
david.bailey438@icloud.com,2026-07-07,active,Facebook,2026-08-08
sam.wright135@hotmail.com,2026-07-25,unsubscribed,Facebook,
eli.anderson194@gmail.com,2026-07-21,active,Facebook,
daniel.lewis649@gmail.com,2026-09-04,active,Facebook,2026-09-20
abigail.johnson122@yahoo.com,2026-07-05,active,Facebook,2026-09-10
caleb.allen970@gmail.com,2026-08-27,active,Referral,2026-09-08
faith.nelson177@gmail.com,2026-07-21,active,Instagram,2026-09-28
emily.garcia688@yahoo.com,2026-08-11,active,Facebook,2026-08-31
hope.king136@gmail.com,2026-09-08,active,Facebook,2026-09-19
olivia.phillips325@icloud.com,2026-07-08,active,Google,2026-09-27
zoe.green700@gmail.com,2026-07-14,unsubscribed,Referral,2026-08-04
lydia.collins58@gmail.com,2026-08-19,active,Instagram,2026-09-12
isaac.bell442@gmail.com,2026-08-29,active,Podcast,2026-08-31
daniel.allen364@gmail.com,2026-09-07,active,Referral,2026-09-17
ruth.scott396@gmail.com,2026-07-02,active,Facebook,2026-09-26
leah.garcia806@gmail.com,2026-07-03,active,Referral,2026-09-11
olivia.jones968@gmail.com,2026-08-20,active,Instagram,2026-09-08
sarah.cook251@gmail.com,2026-07-23,active,Podcast,
james.murphy957@gmail.com,2026-08-19,active,Referral,2026-09-22
olivia.parker205@icloud.com,2026-07-09,active,Referral,2026-08-03
chloe.rogers12@gmail.com,2026-07-29,active,Google,2026-08-16
abigail.davis150@gmail.com,2026-07-20,active,Instagram,2026-08-06
noah.murphy216@hotmail.com,2026-08-10,active,Google,2026-09-13
james.johnson818@outlook.com,2026-07-21,active,Google,2026-09-23
daniel.wilson798@gmail.com,2026-07-20,active,Direct,2026-09-16
laura.clark736@outlook.com,2026-08-12,active,Referral,2026-09-08
noah.scott369@icloud.com,2026-08-24,active,Facebook,2026-09-28
matthew.garcia472@gmail.com,2026-08-03,unsubscribed,Instagram,2026-08-12
matthew.murphy242@gmail.com,2026-08-14,active,Direct,2026-09-19
Ben.davis328@gmail.com,2026-08-10,active,Facebook,2026-08-15
joshua.bell551@icloud.com,2026-07-01,active,Podcast,2026-09-23
andrew.miller129@gmail.com,2026-09-02,unsubscribed,Facebook,
Paul.Reed755@Protonmail.Com,2026-07-20,active,Facebook,2026-09-18
eli.reed274@gmail.com,2026-09-28,active,Direct,2026-09-28
emily.allen812@gmail.com,2026-09-16,active,Facebook,2026-09-20
ben.rogers329@protonmail.com,2026-09-17,active,Facebook,2026-09-20
josiah.peterson814@protonmail.com,2026-09-15,active,Facebook,2026-09-20
paul.collins499@gmail.com,2026-08-04,active,Instagram,2026-09-02
noah.moore973@gmail.com,2026-09-17,active,Direct,
jacob.taylor911@gmail.com,2026-08-19,active,Facebook,2026-09-19
emily.king323@yahoo.com,2026-09-13,active,Instagram,2026-09-17
sam.mitchell746@icloud.com,2026-07-10,active,Facebook,2026-08-30
jacob.rogers124@yahoo.com,2026-08-07,active,Google,2026-09-17
mary.king858@protonmail.com,2026-09-21,active,Facebook,2026-09-25
paul.allen504@gmail.com,2026-07-26,active,Facebook,2026-09-18
claire.williams130@icloud.com,2026-08-27,active,Facebook,2026-09-24
joy.wilson533@icloud.com,2026-07-28,active,Instagram,2026-09-06
zoe.brown537@gmail.com,2026-09-20,unsubscribed,Instagram,2026-09-28
john.mitchell752@icloud.com,2026-07-04,active,Referral,2026-09-22
esther.turner133@hotmail.com,2026-09-24,active,Instagram,2026-09-27
joy.reed306@protonmail.com,2026-07-21,active,Google,2026-09-10
tim.davis527@gmail.com,2026-07-17,active,Direct,2026-09-25
daniel.lewis626@gmail.com,2026-07-19,unsubscribed,Instagram,
megan.morris711@gmail.com,2026-08-17,unsubscribed,Instagram,
seth.young472@gmail.com,2026-09-05,unsubscribed,Facebook,
sam.adams47@gmail.com,2026-08-03,active,Google,2026-09-12
kate.turner123@gmail.com,2026-09-12,active,Facebook,2026-09-13
sam.hill902@outlook.com,2026-08-01,active,Referral,2026-09-05
joshua.thomas306@gmail.com,2026-09-26,active,Instagram,2026-09-27
jacob.phillips750@gmail.com,2026-07-11,active,Referral,2026-09-05
joy.bell976@gmail.com,2026-09-17,active,Direct,2026-09-17
seth.roberts324@hotmail.com,2026-09-13,active,Google,2026-09-15
daniel.collins859@protonmail.com,2026-07-10,active,Google,2026-09-27
ellie.morris769@gmail.com,2026-08-13,active,Google,2026-09-13
josiah.evans242@gmail.com,2026-08-31,active,Podcast,2026-09-28
esther.carter453@protonmail.com,2026-07-21,active,Referral,2026-08-07
lydia.davis4@gmail.com,2026-09-04,active,Facebook,2026-09-25
hope.morgan153@gmail.com,2026-09-21,active,Instagram,2026-09-23
seth.wilson336@yahoo.com,2026-08-06,active,Podcast,2026-09-12
josiah.bell599@outlook.com,2026-09-26,active,Instagram,
joshua.baker969@hotmail.com,2026-07-22,active,Direct,2026-08-27
megan.phillips403@hotmail.com,2026-09-04,active,Instagram,2026-09-23
naomi.moore974@gmail.com,2026-08-23,active,Referral,2026-09-22
laura.walker791@hotmail.com,2026-08-15,active,Instagram,
jacob.johnson749@icloud.com,2026-08-18,active,Podcast,2026-08-20
leah.stewart812@gmail.com,2026-07-14,active,Instagram,2026-09-03
seth.morris441@gmail.com,2026-08-29,active,Facebook,2026-09-10
joy.evans63@gmail.com,2026-07-06,active,Instagram,2026-07-21
tim.cook193@hotmail.com,2026-09-25,active,Instagram,2026-09-27
luke.moore560@hotmail.com,2026-07-11,active,Facebook,2026-08-11
ellie.smith485@icloud.com,2026-07-07,active,Google,2026-09-08
sarah.young470@protonmail.com,2026-07-26,active,X,2026-09-17
hope.brown844@hotmail.com,2026-07-26,active,Referral,
hannah.hill970@gmail.com,2026-09-01,active,Instagram,2026-09-15
andrew.bell48@icloud.com,2026-07-26,active,Instagram,2026-09-04
isaac.cook566@gmail.com,2026-09-14,active,Instagram,2026-09-22
emily.carter316@gmail.com,2026-08-10,active,Facebook,
EMILY.MILLER827@GMAIL.COM,2026-07-04,active,Instagram,2026-09-04
hannah.adams474@gmail.com,2026-07-29,active,Referral,2026-09-27
leah.anderson81@gmail.com,2026-07-08,active,Instagram,2026-09-07
leah.baker980@outlook.com,2026-08-24,active,X,2026-09-08
mary.stewart463@gmail.com,2026-08-06,active,X,2026-09-20
Mark.Stewart250@Icloud.Com,2026-08-25,active,Referral,2026-09-28
chloe.turner782@icloud.com,2026-08-06,unsubscribed,Referral,2026-09-17
