visitor_id,page,timestamp,utm_source,email
v_8001a480c8,/news/church-attendance-study,2026-06-30 20:11:42,instagram,
v_098d80a408,/,2026-06-30 20:45:52,instagram,
v_098d80a408,/,2026-06-30 21:30:52,,
v_098d80a408,/,2026-06-30 21:59:52,,
v_01980b670a,/news/new-space-telescope-images,2026-06-30 23:40:42,instagram,
v_3322219cf8,/news/church-attendance-study,2026-06-30 23:52:57,facebook,
v_23a872f802,/shadrachs-picks,2026-07-01 00:11:21,,
v_3322219cf8,/subscribe,2026-07-01 00:11:57,,ISAAC.TAYLOR434@PROTONMAIL.COM
v_3322219cf8,/,2026-07-01 00:15:57,,
v_23a872f802,/subscribe,2026-07-01 00:27:21,,leah.carter459@yahoo.com
v_6309c6ae01,/subscribe,2026-07-01 01:09:13,facebook,PETER.STEWART774@OUTLOOK.COM
v_569d3a387c,/,2026-07-01 01:29:54,,
v_098d80a408,/subscribe,2026-07-01 01:30:52,,mark.miller699@gmail.com
v_365095ea32,/about,2026-07-01 02:07:35,google,
v_0ce7ddd8b1,/shadrachs-picks,2026-07-01 02:10:26,facebook,
v_813d3eea9a,/news/what-is-happening-in-sudan,2026-07-01 02:13:39,podcast,
v_e197b9b65c,/,2026-07-01 02:19:56,google,
v_0ce7ddd8b1,/,2026-07-01 02:33:26,,
v_365095ea32,/,2026-07-01 02:33:35,,
v_0ce7ddd8b1,/news/what-is-happening-in-sudan,2026-07-01 02:34:26,,
v_9d9d97067d,/news/supreme-court-ruling-explained,2026-07-01 02:59:19,referral,
v_365095ea32,/news/midterm-primaries-recap,2026-07-01 03:04:35,,
v_813d3eea9a,/subscribe,2026-07-01 03:10:39,,peter.hill721@protonmail.com
v_8001a480c8,/subscribe,2026-07-01 03:40:42,,olivia.smith173@outlook.com
v_1da7f6a1f9,/news/ai-regulation-bill,2026-07-01 03:43:51,facebook,
v_fd2f8df98e,/news/housing-market-cooldown,2026-07-01 04:16:28,podcast,
v_845b7e29cb,/,2026-07-01 04:24:05,referral,
v_a9a16cf393,/subscribe,2026-07-01 04:58:05,google,
v_4221530e51,/,2026-07-01 05:32:52,facebook,
v_845b7e29cb,/subscribe,2026-07-01 06:14:05,,anna.turner77@gmail.com
v_3966053b8a,/about,2026-07-01 06:21:20,instagram,
v_5db465d437,/our-staff,2026-07-01 06:28:23,google,
v_0ce7ddd8b1,/subscribe,2026-07-01 06:36:26,,chloe.bell152@hotmail.com
v_01980b670a,/subscribe,2026-07-01 06:40:42,,mark.miller241@gmail.com
v_fd2f8df98e,/subscribe,2026-07-01 07:17:28,,josiah.adams677@gmail.com
v_365095ea32,/subscribe,2026-07-01 07:46:35,,joshua.thomas410@gmail.com
v_e197b9b65c,/subscribe,2026-07-01 08:13:56,,HANNAH.WILSON984@GMAIL.COM
v_e78413ccb1,/news/housing-market-cooldown,2026-07-01 08:53:54,,
v_612217f136,/,2026-07-01 09:07:09,,
v_2de944497a,/news/federal-budget-standoff,2026-07-01 09:15:48,facebook,
v_088bbf0ab5,/,2026-07-01 09:15:56,,
v_5462e8cff7,/news/midterm-primaries-recap,2026-07-01 09:27:47,,
v_f418338f47,/shadrachs-picks,2026-07-01 09:49:13,,
v_157e163062,/subscribe,2026-07-01 10:17:49,instagram,MICHAEL.BAKER11@GMAIL.COM
v_32453addab,/news/what-is-happening-in-sudan,2026-07-01 10:49:58,facebook,
v_371800c7aa,/news/new-space-telescope-images,2026-07-01 11:28:30,instagram,
v_9d9d97067d,/subscribe,2026-07-01 11:31:19,,grace.rogers569@gmail.com
v_e1346d0dff,/,2026-07-01 12:05:46,,
v_c53f7dd19b,/news/housing-market-cooldown,2026-07-01 12:15:12,referral,
v_c53f7dd19b,/beliefs,2026-07-01 12:32:12,,
v_45f6e4a2c2,/news/church-attendance-study,2026-07-01 12:52:49,instagram,
v_182e5bf10f,/news/new-space-telescope-images,2026-07-01 13:16:38,facebook,
v_45f6e4a2c2,/subscribe,2026-07-01 13:20:49,,
v_45f6e4a2c2,/subscribe,2026-07-01 13:21:49,,
v_46dd4c4a5c,/news/supreme-court-ruling-explained,2026-07-01 13:26:13,,
v_bd8057a0ba,/,2026-07-01 13:58:35,podcast,
v_45f6e4a2c2,/subscribe,2026-07-01 14:04:49,,matthew.thomas453@protonmail.com
v_4ef5857d2b,/shadrachs-picks,2026-07-01 14:05:27,facebook,
v_5f842927b8,/,2026-07-01 14:22:47,facebook,
v_9e87ef54ef,/,2026-07-01 14:31:58,,
v_4ef5857d2b,/shadrachs-picks,2026-07-01 14:36:27,,
v_dd893e6c56,/,2026-07-01 15:05:01,,
v_c25997d63e,/news/housing-market-cooldown,2026-07-01 15:58:23,,
v_32453addab,/subscribe,2026-07-01 16:39:58,,rachel.lee597@outlook.com
v_134434e4d8,/,2026-07-01 16:41:17,instagram,
v_2de944497a,/subscribe,2026-07-01 16:45:48,,eli.phillips121@icloud.com
v_5c3ed4ab63,/subscribe,2026-07-01 16:47:25,,
v_62da5fc3f7,/subscribe,2026-07-01 17:04:53,podcast,joshua.bell551@icloud.com
v_bd8057a0ba,/subscribe,2026-07-01 17:07:35,,naomi.martin156@icloud.com
v_371800c7aa,/subscribe,2026-07-01 18:30:30,,abigail.morgan841@icloud.com
v_b39f5a4b02,/,2026-07-01 19:23:26,facebook,
v_478578369c,/news/what-is-happening-in-sudan,2026-07-01 20:34:04,instagram,
v_c53f7dd19b,/subscribe,2026-07-01 20:40:12,,jacob.hill18@outlook.com
v_478578369c,/,2026-07-01 21:15:04,,
v_b39f5a4b02,/subscribe,2026-07-01 21:34:26,,joy.turner429@yahoo.com
v_182e5bf10f,/subscribe,2026-07-01 21:35:38,,joy.hall898@gmail.com
v_b33c28a23b,/subscribe,2026-07-01 22:07:50,podcast,aaron.collins131@gmail.com
v_134434e4d8,/subscribe,2026-07-01 22:32:17,,JOY.GARCIA98@GMAIL.COM
v_836193587c,/news/church-attendance-study,2026-07-01 22:45:53,instagram,
v_8b0e0cc883,/subscribe,2026-07-01 23:20:51,,
v_4ef5857d2b,/subscribe,2026-07-02 00:03:27,,lydia.hill22@gmail.com
v_83fcd51c86,/,2026-07-02 00:24:54,facebook,
v_32ee968b02,/news/world-series-preview,2026-07-02 00:44:53,podcast,
v_feaef65f9b,/shadrachs-picks,2026-07-02 01:12:38,podcast,
v_32ee968b02,/news/federal-budget-standoff,2026-07-02 01:16:53,,
v_bd54fc4849,/news/hurricane-season-update,2026-07-02 01:20:47,,
v_feaef65f9b,/news/what-is-happening-in-sudan,2026-07-02 01:42:38,,
v_96e9f4c17a,/news/housing-market-cooldown,2026-07-02 01:56:24,instagram,
v_96e9f4c17a,/news/housing-market-cooldown,2026-07-02 02:13:24,,
v_feaef65f9b,/,2026-07-02 02:15:38,,
v_96e9f4c17a,/beliefs,2026-07-02 02:35:24,,
v_feaef65f9b,/subscribe,2026-07-02 02:38:38,,joy.murphy870@hotmail.com
v_478578369c,/subscribe,2026-07-02 04:03:04,,peter.lewis825@protonmail.com
v_42fd9f0727,/,2026-07-02 04:13:00,facebook,
v_f2304b3743,/subscribe,2026-07-02 04:24:23,facebook,ruth.scott396@gmail.com
v_2d3e8060b3,/beliefs,2026-07-02 05:00:45,,
v_42fd9f0727,/subscribe,2026-07-02 06:13:00,,CLAIRE.MARTIN427@OUTLOOK.COM
v_382c549faa,/,2026-07-02 06:20:11,,
v_3650af02b1,/beliefs,2026-07-02 06:33:07,,
v_382c549faa,/news/midterm-primaries-recap,2026-07-02 06:53:55,google,
v_612217f136,/news/supreme-court-ruling-explained,2026-07-02 08:26:26,facebook,
v_64120a9bb7,/news/federal-budget-standoff,2026-07-02 09:06:32,,
v_32ee968b02,/subscribe,2026-07-02 09:06:53,,anna.evans672@gmail.com
v_96e9f4c17a,/subscribe,2026-07-02 09:28:24,,abigail.morgan665@gmail.com
v_3b6341b090,/,2026-07-02 09:53:15,,
v_1c7c8e4c58,/subscribe,2026-07-02 10:21:03,,
v_de9f0f5317,/subscribe,2026-07-02 11:12:02,,
v_cca89bc2db,/shadrachs-picks,2026-07-02 11:25:58,facebook,
v_32c6fd68cd,/subscribe,2026-07-02 12:00:16,,
v_6fae6598d1,/,2026-07-02 14:54:12,,
v_69ac1e07e9,/news/world-series-preview,2026-07-02 15:18:54,,
v_cca89bc2db,/subscribe,2026-07-02 16:52:58,,HANNAH.SCOTT525@HOTMAIL.COM
v_718dafaa69,/,2026-07-02 17:03:08,,
v_66cc874083,/subscribe,2026-07-02 18:07:30,google,KATE.EDWARDS924@GMAIL.COM
v_934a9668a5,/,2026-07-02 18:28:45,instagram,
v_934a9668a5,/,2026-07-02 18:53:45,,
v_c782cda77e,/subscribe,2026-07-02 19:55:12,facebook,lydia.stewart394@outlook.com
v_34583ff5ea,/beliefs,2026-07-02 20:24:37,google,
v_44ce9693fb,/subscribe,2026-07-02 21:14:07,,
v_2eb4dacdf8,/subscribe,2026-07-02 21:23:02,instagram,james.edwards332@outlook.com
v_87c995de1b,/news/ai-regulation-bill,2026-07-02 22:02:44,,
v_1620f0f342,/about,2026-07-02 22:06:14,,
v_bd3ac6ec00,/news/federal-budget-standoff,2026-07-02 22:13:38,,
v_fc8ed8c8de,/,2026-07-02 22:46:03,instagram,
v_934a9668a5,/subscribe,2026-07-02 22:57:45,,david.jones517@yahoo.com
v_8d2e5c1dca,/news/what-is-happening-in-sudan,2026-07-02 22:58:30,referral,
v_c45a0eba60,/,2026-07-02 23:02:13,facebook,
v_8d2e5c1dca,/news/hurricane-season-update,2026-07-02 23:19:30,,
v_e683458880,/subscribe,2026-07-03 00:17:53,instagram,LYDIA.ROGERS532@PROTONMAIL.COM
v_1040a80197,/,2026-07-03 00:21:13,,
v_bb34e4e68d,/news/federal-budget-standoff,2026-07-03 01:30:58,google,
v_11687fcdc3,/about,2026-07-03 02:08:31,instagram,
v_a283ff3a78,/,2026-07-03 02:36:25,facebook,
v_a283ff3a78,/news/ai-regulation-bill,2026-07-03 02:39:25,,
v_ddb0632b7f,/news/church-attendance-study,2026-07-03 03:00:19,facebook,
v_bb34e4e68d,/subscribe,2026-07-03 04:22:58,,ellie.cook764@gmail.com
v_010087bd2f,/subscribe,2026-07-03 04:38:19,,
v_ddb0632b7f,/subscribe,2026-07-03 04:52:19,,grace.martin534@protonmail.com
v_a283ff3a78,/subscribe,2026-07-03 05:00:25,,hannah.allen461@outlook.com
v_d35ae8aac6,/subscribe,2026-07-03 05:51:34,,
v_776c5d2b5c,/news/federal-budget-standoff,2026-07-03 05:54:34,facebook,
v_8b023edf11,/about,2026-07-03 06:07:32,,
v_abd8df5ccf,/news/supreme-court-ruling-explained,2026-07-03 06:18:16,referral,
v_6d441d3138,/news/what-is-happening-in-sudan,2026-07-03 06:21:04,twitter,
v_776c5d2b5c,/news/hurricane-season-update,2026-07-03 06:21:34,,
v_abd8df5ccf,/beliefs,2026-07-03 06:26:16,,
v_abd8df5ccf,/beliefs,2026-07-03 06:50:16,,
v_8d2e5c1dca,/subscribe,2026-07-03 07:26:30,,mark.thomas173@protonmail.com
v_c45a0eba60,/subscribe,2026-07-03 07:29:13,,eli.lewis223@icloud.com
v_845b7e29cb,/,2026-07-03 08:59:35,,
v_11687fcdc3,/subscribe,2026-07-03 09:02:31,,JOY.BAILEY395@YAHOO.COM
v_cf64b42436,/shadrachs-picks,2026-07-03 09:23:27,google,
v_b69bddcd3d,/,2026-07-03 09:48:59,instagram,
v_89d507c289,/news/church-attendance-study,2026-07-03 10:24:25,,
v_d1ad22d8a6,/,2026-07-03 10:35:14,google,
v_776c5d2b5c,/subscribe,2026-07-03 10:56:34,,ruth.murphy357@gmail.com
v_28b4880220,/subscribe,2026-07-03 11:45:30,instagram,DAVID.REED798@GMAIL.COM
v_9e87ef54ef,/,2026-07-03 12:42:35,facebook,
v_abd8df5ccf,/subscribe,2026-07-03 13:25:16,,kate.anderson684@gmail.com
v_6d441d3138,/subscribe,2026-07-03 13:34:04,,sam.hill29@icloud.com
v_3eeed20894,/news/hurricane-season-update,2026-07-03 14:19:57,,
v_446050d8a1,/subscribe,2026-07-03 15:03:03,,
v_f3915f2c02,/,2026-07-03 15:07:31,referral,
v_de9f0f5317,/subscribe,2026-07-03 16:20:11,,
v_603a8ea3a9,/news/ai-regulation-bill,2026-07-03 17:08:43,,
v_6309c6ae01,/,2026-07-03 17:13:14,,
v_d1ad22d8a6,/subscribe,2026-07-03 17:35:14,,ellie.hall329@gmail.com
v_d0bffe8dc3,/,2026-07-03 18:28:15,facebook,
v_4a925757f4,/,2026-07-03 18:37:49,facebook,
v_4a925757f4,/about,2026-07-03 18:39:49,,
v_90426ff7ef,/news/church-attendance-study,2026-07-03 18:41:50,,
v_4a925757f4,/about,2026-07-03 19:23:49,,
v_380436716c,/about,2026-07-03 19:47:36,google,
v_d84690f405,/,2026-07-03 19:52:48,instagram,
v_718dafaa69,/news/new-space-telescope-images,2026-07-03 20:23:58,facebook,
v_ea99c175d4,/news/federal-budget-standoff,2026-07-03 20:25:33,instagram,
v_4a925757f4,/subscribe,2026-07-03 21:24:49,,aaron.bailey647@gmail.com
v_eb8b2afe11,/,2026-07-03 21:27:35,referral,
v_72a1d8ee1f,/news/what-is-happening-in-sudan,2026-07-03 21:46:11,podcast,
v_f3915f2c02,/subscribe,2026-07-03 21:51:31,,leah.garcia806@gmail.com
v_eb8b2afe11,/news/ai-regulation-bill,2026-07-03 21:52:35,,
v_d84690f405,/subscribe,2026-07-03 21:57:48,,esther.mitchell620@gmail.com
v_eb8b2afe11,/news/world-series-preview,2026-07-03 22:05:35,,
v_48f285d1c8,/,2026-07-03 22:54:04,,
v_fcc82ea149,/,2026-07-03 23:37:25,,
v_2d2ad46514,/,2026-07-04 00:02:28,facebook,
v_eb8b2afe11,/subscribe,2026-07-04 00:25:35,,olivia.lewis840@gmail.com
v_4a6a58cfb6,/news/what-is-happening-in-sudan,2026-07-04 01:02:34,,
v_2e07f68e3f,/news/ai-regulation-bill,2026-07-04 01:12:14,instagram,
v_daabd14826,/subscribe,2026-07-04 02:08:21,google,DANIEL.ROBERTS197@GMAIL.COM
v_f3755ffbdf,/news/world-series-preview,2026-07-04 02:31:52,,
v_4e5e69ee12,/,2026-07-04 02:52:01,referral,
v_4e5e69ee12,/subscribe,2026-07-04 03:06:01,,michael.taylor198@gmail.com
v_72a1d8ee1f,/subscribe,2026-07-04 03:11:11,,faith.green262@yahoo.com
v_2d2ad46514,/subscribe,2026-07-04 03:27:28,,mark.cooper888@gmail.com
v_ea99c175d4,/subscribe,2026-07-04 03:34:33,,emily.miller827@gmail.com
v_2e07f68e3f,/subscribe,2026-07-04 04:08:14,,faith.clark5@yahoo.com
v_806eea1b0f,/news/church-attendance-study,2026-07-04 04:36:37,,
v_c3f3294961,/,2026-07-04 06:21:48,instagram,
v_14d2292722,/,2026-07-04 06:21:49,instagram,
v_c3f3294961,/,2026-07-04 07:06:48,,
v_c3f3294961,/news/what-is-happening-in-sudan,2026-07-04 07:22:48,,
v_8eb332dccf,/news/hurricane-season-update,2026-07-04 07:49:58,facebook,
v_1c7698a8b3,/subscribe,2026-07-04 08:26:18,instagram,
v_c5a4202021,/news/supreme-court-ruling-explained,2026-07-04 09:06:52,,
v_08c59dd8ee,/subscribe,2026-07-04 09:21:37,facebook,
v_0e075576aa,/,2026-07-04 09:46:59,,
v_26aa88bb6e,/news/church-attendance-study,2026-07-04 10:08:27,facebook,
v_c3f3294961,/subscribe,2026-07-04 11:30:48,,ESTHER.REED593@GMAIL.COM
v_58fafecff9,/,2026-07-04 11:41:40,,
v_d9c07cd04f,/shadrachs-picks,2026-07-04 13:30:55,referral,
v_26aa88bb6e,/subscribe,2026-07-04 13:44:27,,luke.roberts991@gmail.com
v_d9c07cd04f,/news/housing-market-cooldown,2026-07-04 13:52:55,,
v_c5a4202021,/subscribe,2026-07-04 13:55:52,,JOY.COLLINS239@GMAIL.COM
v_5078eb2da4,/news/world-series-preview,2026-07-04 13:58:04,referral,
v_5078eb2da4,/,2026-07-04 14:07:04,,
v_d9c07cd04f,/shadrachs-picks,2026-07-04 14:07:55,,
v_651468b50e,/about,2026-07-04 14:10:30,referral,
v_1c95768ef9,/subscribe,2026-07-04 14:14:07,google,ethan.wilson862@yahoo.com
v_651468b50e,/subscribe,2026-07-04 14:35:30,,NAOMI.ROGERS387@GMAIL.COM
v_651468b50e,/news/new-space-telescope-images,2026-07-04 14:38:30,,
v_5078eb2da4,/,2026-07-04 14:46:04,,
v_651468b50e,/,2026-07-04 14:49:30,,
v_836193587c,/news/new-space-telescope-images,2026-07-04 18:10:47,google,
v_410fd9f5e6,/,2026-07-04 18:29:16,podcast,
v_410fd9f5e6,/subscribe,2026-07-04 18:55:16,,
v_410fd9f5e6,/subscribe,2026-07-04 19:05:16,,JOHN.EVANS244@GMAIL.COM
v_220a114b3b,/,2026-07-04 19:39:41,,
v_d9c07cd04f,/subscribe,2026-07-04 19:45:55,,matthew.parker775@hotmail.com
v_f2db65a97c,/news/new-space-telescope-images,2026-07-04 20:12:28,google,
v_27bdb075a3,/subscribe,2026-07-04 21:04:05,instagram,james.king478@gmail.com
v_d6770c2c32,/news/ai-regulation-bill,2026-07-04 21:54:02,facebook,
v_2e07f68e3f,/,2026-07-04 22:13:29,,
v_73d7504532,/news/housing-market-cooldown,2026-07-04 22:16:01,facebook,
v_0e075576aa,/news/federal-budget-standoff,2026-07-04 22:39:29,facebook,
v_5078eb2da4,/subscribe,2026-07-04 22:41:04,,joy.campbell123@yahoo.com
v_cfdc32c944,/news/church-attendance-study,2026-07-05 00:12:27,,
v_eea702de9e,/news/hurricane-season-update,2026-07-05 00:35:36,instagram,
v_2872a63803,/,2026-07-05 00:50:30,,
v_c1dd660736,/news/midterm-primaries-recap,2026-07-05 00:50:58,google,
v_ecce83413d,/news/new-space-telescope-images,2026-07-05 01:29:18,google,
v_80a9e50ada,/news/world-series-preview,2026-07-05 01:34:59,referral,
v_80a9e50ada,/news/supreme-court-ruling-explained,2026-07-05 01:44:59,,
v_73d7504532,/subscribe,2026-07-05 01:56:01,,MICHAEL.BAILEY913@GMAIL.COM
v_80a9e50ada,/subscribe,2026-07-05 01:59:59,,
v_eea702de9e,/subscribe,2026-07-05 02:16:36,,mark.lee491@gmail.com
v_43dfdc9d4e,/news/hurricane-season-update,2026-07-05 02:58:01,,
v_f2db65a97c,/subscribe,2026-07-05 03:26:28,,josiah.carter270@protonmail.com
v_2c509c08f0,/news/federal-budget-standoff,2026-07-05 03:38:14,instagram,
v_2c509c08f0,/news/ai-regulation-bill,2026-07-05 03:40:14,,
v_8d959cbf84,/,2026-07-05 04:26:54,facebook,
v_4538079655,/,2026-07-05 04:30:38,instagram,
v_deb091fb5c,/,2026-07-05 05:31:06,,
v_d6770c2c32,/subscribe,2026-07-05 05:37:02,,zoe.evans779@gmail.com
v_09f56a5e9b,/news/what-is-happening-in-sudan,2026-07-05 05:51:26,,
v_2102667026,/about,2026-07-05 06:07:29,,
v_8d959cbf84,/subscribe,2026-07-05 06:10:54,,josiah.campbell457@outlook.com
v_ad95380998,/,2026-07-05 07:56:34,instagram,
v_f32232eb5d,/shadrachs-picks,2026-07-05 09:43:43,,
v_ea215b83ed,/news/church-attendance-study,2026-07-05 10:08:20,facebook,
v_80a9e50ada,/subscribe,2026-07-05 10:09:59,,emily.brown565@outlook.com
v_ad95380998,/subscribe,2026-07-05 10:19:34,,matthew.murphy532@protonmail.com
v_2c509c08f0,/subscribe,2026-07-05 10:40:14,,kate.phillips383@gmail.com
v_b33c28a23b,/news/world-series-preview,2026-07-05 10:50:07,,
v_45974fd8f8,/shadrachs-picks,2026-07-05 13:13:44,,
v_dd73dedb02,/,2026-07-05 13:13:52,instagram,
v_12648a27ad,/news/supreme-court-ruling-explained,2026-07-05 13:46:24,,
v_10df09cb49,/subscribe,2026-07-05 14:45:21,facebook,isaac.martin295@gmail.com
v_5deab3a8f4,/subscribe,2026-07-05 15:13:32,,
v_a751e8e247,/,2026-07-05 16:07:09,referral,
v_c668715ff4,/news/federal-budget-standoff,2026-07-05 16:12:46,,
v_45974fd8f8,/subscribe,2026-07-05 16:23:44,,daniel.murphy857@gmail.com
v_6d2f6b9c37,/shadrachs-picks,2026-07-05 17:16:27,,
v_365095ea32,/,2026-07-05 17:26:36,,
v_356fb4b9e4,/subscribe,2026-07-05 17:51:32,facebook,
v_e4a0691503,/,2026-07-05 18:04:38,facebook,
v_6d2f6b9c37,/subscribe,2026-07-05 18:36:27,,ethan.allen271@hotmail.com
v_cd03cb9d8c,/news/church-attendance-study,2026-07-05 19:36:30,,
v_a751e8e247,/subscribe,2026-07-05 20:00:09,,noah.morgan873@gmail.com
v_cdd302bf39,/beliefs,2026-07-05 20:42:15,instagram,
v_3aa032e623,/subscribe,2026-07-05 21:38:27,,
v_22dbb5da70,/subscribe,2026-07-05 22:44:24,facebook,abigail.johnson122@yahoo.com
v_47a1c2ee79,/beliefs,2026-07-05 23:50:40,google,
v_fb8663676a,/shadrachs-picks,2026-07-06 00:18:56,referral,
v_fb8663676a,/news/hurricane-season-update,2026-07-06 00:27:56,,
v_d0c7587a77,/,2026-07-06 00:33:38,instagram,
v_e197b9b65c,/news/hurricane-season-update,2026-07-06 01:01:03,,
v_d0c7587a77,/news/midterm-primaries-recap,2026-07-06 01:17:38,,
v_aad6d0d0e1,/subscribe,2026-07-06 02:42:09,google,peter.nelson269@gmail.com
v_4367f39263,/,2026-07-06 02:50:31,facebook,
v_2509d980d7,/news/supreme-court-ruling-explained,2026-07-06 02:56:30,google,
v_2509d980d7,/,2026-07-06 03:36:30,,
v_0ffa7cc13d,/shadrachs-picks,2026-07-06 03:48:49,instagram,
v_2509d980d7,/subscribe,2026-07-06 04:03:30,,leah.lee970@outlook.com
v_0ffa7cc13d,/,2026-07-06 04:13:49,,
v_0ffa7cc13d,/subscribe,2026-07-06 04:33:49,,
v_0ffa7cc13d,/subscribe,2026-07-06 04:35:49,,paul.garcia942@gmail.com
v_892cce233d,/subscribe,2026-07-06 04:38:03,google,leah.lewis269@yahoo.com
v_4e8cb2f403,/news/midterm-primaries-recap,2026-07-06 05:13:01,google,
v_beb9d2d1b9,/news/new-space-telescope-images,2026-07-06 06:12:14,,
v_d0c7587a77,/subscribe,2026-07-06 06:16:38,,ELLIE.ADAMS345@GMAIL.COM
v_a8392fb68a,/subscribe,2026-07-06 06:18:16,instagram,tim.evans474@yahoo.com
v_8a1b853ba7,/,2026-07-06 07:22:30,instagram,
v_c2f101ee0d,/,2026-07-06 07:40:13,facebook,
v_db898789b6,/news/federal-budget-standoff,2026-07-06 08:14:09,,
v_f29d782979,/news/supreme-court-ruling-explained,2026-07-06 08:16:01,instagram,
v_679eeb0c84,/shadrachs-picks,2026-07-06 09:13:00,referral,
v_679eeb0c84,/subscribe,2026-07-06 09:35:00,,julia.cooper665@gmail.com
v_ee1ab927fd,/news/ai-regulation-bill,2026-07-06 09:58:18,,
v_fb8663676a,/subscribe,2026-07-06 10:18:56,,sam.lewis884@hotmail.com
v_3d523ae5e4,/subscribe,2026-07-06 10:34:43,facebook,EMILY.BAILEY975@GMAIL.COM
v_654c54987c,/subscribe,2026-07-06 10:36:58,facebook,jacob.johnson38@gmail.com
v_d84690f405,/,2026-07-06 11:19:27,,
v_d02f4ffe59,/subscribe,2026-07-06 11:26:23,google,
v_612217f136,/subscribe,2026-07-06 12:41:11,google,
v_e2a969a223,/news/housing-market-cooldown,2026-07-06 13:37:06,facebook,
v_bbf25a5d72,/news/ai-regulation-bill,2026-07-06 14:44:42,,
v_6d441d3138,/news/church-attendance-study,2026-07-06 15:09:18,,
v_24da061904,/about,2026-07-06 15:20:44,facebook,
v_8483b92b77,/news/ai-regulation-bill,2026-07-06 16:33:17,facebook,
v_01980b670a,/subscribe,2026-07-06 17:01:12,,
v_9a4eab990c,/news/supreme-court-ruling-explained,2026-07-06 17:57:30,instagram,
v_688ab07e4a,/,2026-07-06 18:20:55,,
v_1f5507bb83,/news/federal-budget-standoff,2026-07-06 20:06:41,podcast,
v_88f394befc,/news/federal-budget-standoff,2026-07-06 20:39:58,,
v_b65d8284a0,/subscribe,2026-07-06 21:26:30,facebook,emily.hill821@protonmail.com
v_15e3aa19bf,/news/church-attendance-study,2026-07-06 23:03:06,podcast,
v_15e3aa19bf,/subscribe,2026-07-06 23:34:06,,
v_5353afe86f,/subscribe,2026-07-06 23:50:35,,
v_6788cd8198,/news/supreme-court-ruling-explained,2026-07-07 00:07:49,referral,
v_6788cd8198,/news/federal-budget-standoff,2026-07-07 00:12:49,,
v_3d523ae5e4,/beliefs,2026-07-07 00:51:44,,
v_2df4ed781d,/,2026-07-07 01:39:37,,
v_6d441d3138,/news/new-space-telescope-images,2026-07-07 01:51:18,,
v_a751e8e247,/shadrachs-picks,2026-07-07 02:12:01,,
v_9a4eab990c,/subscribe,2026-07-07 03:05:30,,leah.parker994@outlook.com
v_1f5507bb83,/subscribe,2026-07-07 03:18:41,,megan.nelson752@gmail.com
v_72a1d8ee1f,/beliefs,2026-07-07 03:24:15,,
v_5cb34c5565,/about,2026-07-07 04:07:47,instagram,
v_f3f8f6bd2c,/,2026-07-07 04:16:22,instagram,
v_0366f0ada4,/news/federal-budget-standoff,2026-07-07 04:18:11,google,
v_0366f0ada4,/subscribe,2026-07-07 04:27:11,,ben.martin972@yahoo.com
v_0366f0ada4,/subscribe,2026-07-07 04:37:11,,
v_6788cd8198,/subscribe,2026-07-07 04:38:49,,joshua.baker106@gmail.com
v_7d17790eaa,/subscribe,2026-07-07 04:39:23,,
v_a835ddb182,/news/housing-market-cooldown,2026-07-07 04:44:55,instagram,
v_e171487e80,/,2026-07-07 05:17:01,google,
v_b89e1e1157,/shadrachs-picks,2026-07-07 05:39:22,instagram,
v_7ab0cf836f,/beliefs,2026-07-07 05:57:21,instagram,
v_e868abea98,/news/what-is-happening-in-sudan,2026-07-07 06:03:37,facebook,
v_b89e1e1157,/,2026-07-07 06:23:22,,
v_0ce7ddd8b1,/news/midterm-primaries-recap,2026-07-07 06:30:57,,
v_b89e1e1157,/news/supreme-court-ruling-explained,2026-07-07 06:40:22,,
v_15e3aa19bf,/subscribe,2026-07-07 06:41:06,,luke.parker785@hotmail.com
v_7acc332cf2,/subscribe,2026-07-07 06:59:08,,
v_1103b0d08d,/,2026-07-07 07:03:58,google,
v_d0fc3d8802,/news/church-attendance-study,2026-07-07 07:05:32,twitter,
v_e259eb0c9f,/subscribe,2026-07-07 07:17:17,facebook,david.bailey438@icloud.com
v_5cb34c5565,/subscribe,2026-07-07 08:07:47,,JOSIAH.COLLINS314@GMAIL.COM
v_964e233728,/,2026-07-07 08:28:57,,
v_4925232131,/news/midterm-primaries-recap,2026-07-07 09:05:08,,
v_3d523ae5e4,/news/federal-budget-standoff,2026-07-07 09:27:09,,
v_9d9d97067d,/,2026-07-07 10:35:57,,
v_7329d38448,/about,2026-07-07 10:37:21,,
v_31499bda40,/subscribe,2026-07-07 10:38:48,facebook,joshua.morgan268@icloud.com
v_594b6b2737,/news/what-is-happening-in-sudan,2026-07-07 10:42:37,,
v_7329d38448,/,2026-07-07 11:09:21,,
v_abb475e24a,/about,2026-07-07 11:14:13,instagram,
v_42ae3367eb,/,2026-07-07 11:21:31,,
v_22dbb5da70,/,2026-07-07 11:34:59,,
v_b89e1e1157,/subscribe,2026-07-07 11:36:22,,sam.allen171@icloud.com
v_7534986b3d,/subscribe,2026-07-07 11:54:08,facebook,tim.brown362@gmail.com
v_beb9d2d1b9,/shadrachs-picks,2026-07-07 12:12:21,,
v_ca961e670e,/,2026-07-07 12:15:42,instagram,
v_e868abea98,/subscribe,2026-07-07 12:17:37,,JOSHUA.MORRIS621@GMAIL.COM
v_f3f8f6bd2c,/subscribe,2026-07-07 12:29:22,,MEGAN.ROGERS547@GMAIL.COM
v_ca961e670e,/news/church-attendance-study,2026-07-07 12:42:42,,
v_ca961e670e,/,2026-07-07 12:43:42,,
v_ca961e670e,/subscribe,2026-07-07 12:47:42,,paul.reed580@icloud.com
v_3d523ae5e4,/news/supreme-court-ruling-explained,2026-07-07 13:20:24,,
v_7329d38448,/subscribe,2026-07-07 14:19:21,,laura.clark557@icloud.com
v_1103b0d08d,/subscribe,2026-07-07 15:39:58,,sarah.campbell83@gmail.com
v_d0fc3d8802,/subscribe,2026-07-07 15:53:32,,sarah.wright230@protonmail.com
v_9b3fd26252,/news/supreme-court-ruling-explained,2026-07-07 15:53:48,instagram,
v_9b3fd26252,/news/federal-budget-standoff,2026-07-07 15:56:48,,
v_46dd4c4a5c,/news/housing-market-cooldown,2026-07-07 16:18:47,instagram,
v_9b3fd26252,/beliefs,2026-07-07 16:33:48,,
v_95d117e728,/,2026-07-07 17:00:09,instagram,
v_9b3fd26252,/subscribe,2026-07-07 17:20:48,,HANNAH.YOUNG890@GMAIL.COM
v_0ab8c5dc8f,/,2026-07-07 17:21:47,google,
v_4d2862e24f,/our-staff,2026-07-07 17:40:34,,
v_4e8cb2f403,/beliefs,2026-07-07 18:47:06,facebook,
v_7f5c736cb2,/news/hurricane-season-update,2026-07-07 18:55:03,,
v_bb79e6936e,/news/federal-budget-standoff,2026-07-07 19:02:26,google,
v_0c568b4e30,/news/ai-regulation-bill,2026-07-07 19:19:55,facebook,
v_0c568b4e30,/news/housing-market-cooldown,2026-07-07 19:59:55,,
v_67ceed0c78,/news/new-space-telescope-images,2026-07-07 20:21:58,facebook,
v_67ceed0c78,/about,2026-07-07 20:29:58,,
v_fd7650c10d,/news/new-space-telescope-images,2026-07-07 20:38:18,instagram,
v_67ceed0c78,/,2026-07-07 20:45:58,,
v_abd8df5ccf,/subscribe,2026-07-07 21:49:29,,
v_6d964f9e32,/,2026-07-07 21:58:24,instagram,
v_9060069a4d,/about,2026-07-07 22:27:43,instagram,
v_6d964f9e32,/about,2026-07-07 22:29:24,,
v_9060069a4d,/,2026-07-07 23:06:43,,
v_0c568b4e30,/subscribe,2026-07-08 01:30:55,,laura.murphy900@gmail.com
v_b89e1e1157,/subscribe,2026-07-08 03:21:51,,
v_bae8bff794,/,2026-07-08 03:43:37,google,
v_6d964f9e32,/subscribe,2026-07-08 04:05:24,,julia.jones92@gmail.com
v_3966053b8a,/news/federal-budget-standoff,2026-07-08 04:26:59,,
v_bb79e6936e,/subscribe,2026-07-08 04:37:26,,hannah.jones411@outlook.com
v_67ceed0c78,/subscribe,2026-07-08 04:53:58,,matthew.lewis975@gmail.com
v_31499bda40,/news/world-series-preview,2026-07-08 05:06:27,,
v_0886873037,/news/supreme-court-ruling-explained,2026-07-08 05:08:30,instagram,
v_0886873037,/news/world-series-preview,2026-07-08 05:11:30,,
v_0886873037,/,2026-07-08 05:14:30,,
v_d02f4ffe59,/,2026-07-08 06:06:17,,
v_654c54987c,/,2026-07-08 06:07:13,,
v_9060069a4d,/subscribe,2026-07-08 07:10:43,,tim.campbell175@gmail.com
v_afb13c3161,/news/midterm-primaries-recap,2026-07-08 07:18:45,,
v_8b0e0cc883,/news/supreme-court-ruling-explained,2026-07-08 07:28:08,google,
v_f2f87bdb86,/,2026-07-08 08:29:05,instagram,
v_f2f87bdb86,/,2026-07-08 09:07:05,,
v_69dc6179d7,/subscribe,2026-07-08 09:15:56,google,
v_f2f87bdb86,/news/federal-budget-standoff,2026-07-08 09:39:05,,
v_f2f87bdb86,/subscribe,2026-07-08 10:31:05,,paul.clark833@gmail.com
v_5db4b40863,/,2026-07-08 11:28:43,instagram,
v_0886873037,/subscribe,2026-07-08 11:34:30,,leah.anderson81@gmail.com
v_ec8e991743,/shadrachs-picks,2026-07-08 11:36:19,google,
v_5db4b40863,/subscribe,2026-07-08 11:49:43,,
v_ec8e991743,/,2026-07-08 12:16:19,,
v_3db8fd0b4d,/news/what-is-happening-in-sudan,2026-07-08 12:23:37,facebook,
v_ec8e991743,/subscribe,2026-07-08 12:34:19,,RUTH.PETERSON275@GMAIL.COM
v_3db8fd0b4d,/news/midterm-primaries-recap,2026-07-08 12:50:37,,
v_3db8fd0b4d,/subscribe,2026-07-08 12:56:37,,ellie.lee489@icloud.com
v_b5ce764b01,/,2026-07-08 13:02:43,facebook,
v_964e233728,/shadrachs-picks,2026-07-08 13:24:02,,
v_1a89cddcca,/subscribe,2026-07-08 13:35:07,,
v_660e82ea05,/news/new-space-telescope-images,2026-07-08 13:43:35,google,
v_29d8a6e8e3,/news/church-attendance-study,2026-07-08 14:00:39,instagram,
v_594b6b2737,/,2026-07-08 14:09:12,instagram,
v_78f2bb0672,/,2026-07-08 14:23:54,facebook,
v_2d3e8060b3,/news/federal-budget-standoff,2026-07-08 14:27:09,,
v_3d536a76dc,/subscribe,2026-07-08 14:36:42,podcast,caleb.wilson44@yahoo.com
v_fcc82ea149,/news/hurricane-season-update,2026-07-08 14:40:07,google,
v_9efac5b9fe,/subscribe,2026-07-08 15:09:57,referral,andrew.garcia73@outlook.com
v_b03152db03,/subscribe,2026-07-08 15:51:24,podcast,luke.wilson482@yahoo.com
v_d6770c2c32,/news/ai-regulation-bill,2026-07-08 15:54:55,,
v_676217f2c0,/,2026-07-08 16:08:27,facebook,
v_676217f2c0,/news/hurricane-season-update,2026-07-08 16:37:27,,
v_676217f2c0,/subscribe,2026-07-08 16:46:27,,
v_676217f2c0,/subscribe,2026-07-08 17:21:27,,rachel.adams60@hotmail.com
v_370b235d5e,/,2026-07-08 17:23:18,google,
v_f5d932ff0a,/,2026-07-08 17:46:33,referral,
v_f5d932ff0a,/subscribe,2026-07-08 17:53:33,,
v_5db4b40863,/subscribe,2026-07-08 17:55:43,,john.cook234@gmail.com
v_f5d932ff0a,/news/ai-regulation-bill,2026-07-08 18:38:33,,
v_fd2f8df98e,/news/what-is-happening-in-sudan,2026-07-08 20:01:14,,
v_56596eda5f,/news/hurricane-season-update,2026-07-08 20:32:57,instagram,
v_5141cd5a81,/subscribe,2026-07-08 21:02:41,facebook,sam.parker340@gmail.com
v_56596eda5f,/,2026-07-08 21:10:57,,
v_2b4e7e2830,/about,2026-07-08 21:33:09,facebook,
v_a53e05dc12,/news/midterm-primaries-recap,2026-07-08 21:34:16,facebook,
v_2b4e7e2830,/news/church-attendance-study,2026-07-08 21:47:09,,
v_aa33f78f3c,/subscribe,2026-07-08 21:59:47,,
v_01765887d7,/,2026-07-08 22:03:21,,
v_a53e05dc12,/subscribe,2026-07-08 22:09:16,,josiah.scott242@yahoo.com
v_c976a9aa05,/beliefs,2026-07-08 22:27:20,,
v_f5d932ff0a,/subscribe,2026-07-08 22:28:33,,michael.martin845@yahoo.com
v_b206c6c096,/subscribe,2026-07-08 22:32:12,twitter,noah.wright261@hotmail.com
v_3d523ae5e4,/,2026-07-08 22:57:09,,
v_29b5dafb39,/shadrachs-picks,2026-07-09 00:06:46,,
v_01980b670a,/our-staff,2026-07-09 00:27:37,,
v_13b29a49ea,/news/hurricane-season-update,2026-07-09 01:05:13,,
v_13b29a49ea,/beliefs,2026-07-09 01:09:13,,
v_13b29a49ea,/subscribe,2026-07-09 01:36:13,,
v_0c8c678ebf,/about,2026-07-09 01:40:52,facebook,
v_ea99c175d4,/news/new-space-telescope-images,2026-07-09 02:16:19,,
v_42070bae46,/,2026-07-09 02:42:38,facebook,
v_56596eda5f,/subscribe,2026-07-09 02:52:57,,chloe.anderson830@protonmail.com
v_80a9e50ada,/,2026-07-09 03:09:27,,
v_0c8c678ebf,/subscribe,2026-07-09 03:39:52,,megan.morris663@icloud.com
v_157e163062,/,2026-07-09 06:07:04,,
v_f2461b0ae9,/subscribe,2026-07-09 06:25:07,instagram,zoe.garcia660@icloud.com
v_2b4e7e2830,/subscribe,2026-07-09 06:29:09,,grace.parker972@gmail.com
v_ca961e670e,/shadrachs-picks,2026-07-09 06:50:30,,
v_143ce48fed,/news/what-is-happening-in-sudan,2026-07-09 06:58:57,,
v_13b29a49ea,/subscribe,2026-07-09 07:35:13,,abigail.parker970@gmail.com
v_eea702de9e,/about,2026-07-09 07:46:17,,
v_27c8934f60,/subscribe,2026-07-09 08:24:09,,tim.bell575@gmail.com
v_8e5ed95f5a,/,2026-07-09 09:14:01,facebook,
v_819dc5b0a6,/subscribe,2026-07-09 09:25:57,google,sam.scott985@yahoo.com
v_8e5ed95f5a,/,2026-07-09 09:41:01,,
v_8e5ed95f5a,/news/what-is-happening-in-sudan,2026-07-09 09:56:01,,
v_18441c0b8c,/,2026-07-09 10:01:52,,
v_78157322bb,/news/federal-budget-standoff,2026-07-09 11:40:17,instagram,
v_2b40d13c9c,/,2026-07-09 12:08:40,,
v_0e52497f37,/subscribe,2026-07-09 12:11:19,facebook,sarah.scott4@yahoo.com
v_a1c7df0419,/news/federal-budget-standoff,2026-07-09 12:17:00,referral,
v_bf856dfd0d,/news/church-attendance-study,2026-07-09 12:18:28,,
v_b2b8685a28,/,2026-07-09 12:23:52,google,
v_4444390ade,/subscribe,2026-07-09 12:34:02,podcast,david.carter177@outlook.com
v_a1c7df0419,/,2026-07-09 12:40:00,,
v_a1c7df0419,/subscribe,2026-07-09 13:04:00,,olivia.parker205@icloud.com
v_ec33d7f4be,/subscribe,2026-07-09 13:21:27,referral,joshua.stewart472@gmail.com
v_78157322bb,/news/church-attendance-study,2026-07-09 14:22:35,,
v_5c3ed4ab63,/news/supreme-court-ruling-explained,2026-07-09 14:31:23,facebook,
v_b32d42ac6a,/news/housing-market-cooldown,2026-07-09 15:18:29,,
v_d6770c2c32,/shadrachs-picks,2026-07-09 15:29:08,,
v_67bc375cd8,/news/world-series-preview,2026-07-09 15:43:57,facebook,
v_74dd996e3c,/subscribe,2026-07-09 15:49:25,instagram,anna.clark989@yahoo.com
v_e538eb19eb,/subscribe,2026-07-09 15:50:27,facebook,
v_abd8df5ccf,/,2026-07-09 16:00:05,,
v_67bc375cd8,/subscribe,2026-07-09 16:12:57,,
v_03d8a1f646,/subscribe,2026-07-09 16:24:59,facebook,eli.scott714@gmail.com
v_5ae9ebbcc7,/news/hurricane-season-update,2026-07-09 17:00:22,referral,
v_b0f1d25369,/subscribe,2026-07-09 17:02:59,google,
v_67bc375cd8,/subscribe,2026-07-09 17:56:57,,SETH.HALL181@GMAIL.COM
v_8e5ed95f5a,/subscribe,2026-07-09 18:08:01,,hope.moore904@outlook.com
v_5ae9ebbcc7,/subscribe,2026-07-09 19:00:22,,MICHAEL.HILL514@ICLOUD.COM
v_99a3818ad6,/news/midterm-primaries-recap,2026-07-09 19:46:05,,
v_212dfff78a,/news/hurricane-season-update,2026-07-09 20:40:43,google,
v_603a8ea3a9,/,2026-07-09 20:57:43,,
v_30739d1c5d,/about,2026-07-09 21:04:04,,
v_212dfff78a,/news/ai-regulation-bill,2026-07-09 21:09:43,,
v_8c61a4330b,/subscribe,2026-07-09 22:26:22,instagram,TIM.GREEN433@GMAIL.COM
v_83aed09cef,/,2026-07-09 23:41:09,podcast,
v_83aed09cef,/,2026-07-09 23:56:09,,
v_e48d211fc3,/,2026-07-10 01:04:40,facebook,
v_5ae9ebbcc7,/our-staff,2026-07-10 01:05:02,,
v_03d22b0b24,/subscribe,2026-07-10 01:08:51,google,grace.anderson781@gmail.com
v_becebb83c3,/our-staff,2026-07-10 01:10:45,instagram,
v_56596eda5f,/beliefs,2026-07-10 01:16:26,,
v_e48d211fc3,/beliefs,2026-07-10 01:16:40,,
v_d6770c2c32,/,2026-07-10 01:27:57,,
v_ddb59828db,/news/world-series-preview,2026-07-10 01:28:23,,
v_d327040122,/,2026-07-10 01:34:14,facebook,
v_e48d211fc3,/subscribe,2026-07-10 01:53:40,,chloe.clark627@gmail.com
v_36fc76336e,/beliefs,2026-07-10 02:27:22,instagram,
v_56596eda5f,/about,2026-07-10 03:36:23,,
v_ac1e098c89,/news/new-space-telescope-images,2026-07-10 03:57:06,instagram,
v_ac1e098c89,/,2026-07-10 04:10:06,,
v_ac1e098c89,/news/world-series-preview,2026-07-10 04:34:06,,
v_212dfff78a,/subscribe,2026-07-10 04:44:43,,joy.miller735@hotmail.com
v_30d2343100,/news/ai-regulation-bill,2026-07-10 05:34:32,,
v_f98911dd6d,/,2026-07-10 07:23:16,,
v_3966053b8a,/,2026-07-10 08:27:04,,
v_6309c6ae01,/about,2026-07-10 08:35:21,,
v_be004b6a7d,/news/church-attendance-study,2026-07-10 08:36:00,instagram,
v_d3ed841b5f,/about,2026-07-10 08:43:51,,
v_892cce233d,/,2026-07-10 08:51:22,,
v_83aed09cef,/subscribe,2026-07-10 08:52:09,,ELLIE.TURNER468@PROTONMAIL.COM
v_ef08f5c358,/news/supreme-court-ruling-explained,2026-07-10 08:55:47,,
v_53db86a0e8,/,2026-07-10 08:56:31,,
v_220a114b3b,/,2026-07-10 09:11:16,google,
v_be004b6a7d,/subscribe,2026-07-10 09:20:00,,GRACE.BAILEY714@PROTONMAIL.COM
v_66ebb57671,/news/what-is-happening-in-sudan,2026-07-10 09:55:04,instagram,
v_a8ae21d91a,/subscribe,2026-07-10 10:19:09,facebook,abigail.mitchell216@gmail.com
v_ac1e098c89,/subscribe,2026-07-10 10:34:06,,ben.peterson582@gmail.com
v_883434d49d,/news/church-attendance-study,2026-07-10 10:53:01,google,
v_883434d49d,/subscribe,2026-07-10 11:31:01,,
v_883434d49d,/news/midterm-primaries-recap,2026-07-10 12:03:01,,
v_d8a9562e56,/shadrachs-picks,2026-07-10 12:03:58,instagram,
v_b6750d8260,/,2026-07-10 12:27:39,google,
v_734d2626e4,/,2026-07-10 13:37:44,instagram,
v_883434d49d,/subscribe,2026-07-10 13:42:01,,daniel.collins859@protonmail.com
v_e18afa3ab6,/about,2026-07-10 13:50:35,google,
v_a701a3352d,/,2026-07-10 13:52:49,,
v_128f3999d7,/news/midterm-primaries-recap,2026-07-10 14:47:15,instagram,
v_eb931e11f7,/news/ai-regulation-bill,2026-07-10 15:03:57,referral,
v_a01f2ef982,/news/federal-budget-standoff,2026-07-10 15:28:47,facebook,
v_a01f2ef982,/,2026-07-10 15:30:47,,
v_eb931e11f7,/news/housing-market-cooldown,2026-07-10 15:31:57,,
v_c8f6e29bbe,/,2026-07-10 15:47:19,instagram,
v_c8f6e29bbe,/subscribe,2026-07-10 15:50:19,,
v_182e5bf10f,/news/federal-budget-standoff,2026-07-10 16:25:12,,
v_a01f2ef982,/subscribe,2026-07-10 16:29:47,,claire.garcia160@yahoo.com
v_962439b8eb,/about,2026-07-10 16:34:52,facebook,
v_ac776d78d5,/,2026-07-10 16:36:45,google,
v_23c9f9aa5b,/news/church-attendance-study,2026-07-10 17:38:03,instagram,
v_d8a9562e56,/subscribe,2026-07-10 17:39:58,,joy.lee458@gmail.com
v_23c9f9aa5b,/our-staff,2026-07-10 18:20:03,,
v_128f3999d7,/subscribe,2026-07-10 18:33:15,,laura.green874@gmail.com
v_a6994398bf,/,2026-07-10 18:45:18,facebook,
v_455cd01811,/subscribe,2026-07-10 19:05:36,,
v_1c7c8e4c58,/news/hurricane-season-update,2026-07-10 19:37:49,instagram,
v_c8f6e29bbe,/subscribe,2026-07-10 20:22:19,,nathan.collins385@gmail.com
v_2d4801c259,/,2026-07-10 21:40:24,instagram,
v_85821100c8,/news/hurricane-season-update,2026-07-10 21:41:32,google,
v_272dcffb24,/news/hurricane-season-update,2026-07-10 21:55:29,facebook,
v_ea215b83ed,/news/midterm-primaries-recap,2026-07-10 22:20:06,,
v_23c9f9aa5b,/subscribe,2026-07-10 22:39:03,,sam.king944@gmail.com
v_eb931e11f7,/subscribe,2026-07-10 23:50:57,,nathan.parker131@icloud.com
v_a6994398bf,/subscribe,2026-07-10 23:54:18,,LAURA.BAILEY777@GMAIL.COM
v_fac13094c8,/,2026-07-11 02:14:14,,
v_1c56080ea8,/subscribe,2026-07-11 02:20:29,,
v_ae4850c85c,/news/federal-budget-standoff,2026-07-11 02:39:58,,
v_128f3999d7,/,2026-07-11 02:46:31,,
v_72a1d8ee1f,/news/hurricane-season-update,2026-07-11 03:03:34,,
v_2102667026,/,2026-07-11 04:22:16,facebook,
v_984f2540ec,/news/hurricane-season-update,2026-07-11 05:02:37,podcast,
v_4df7bb53be,/news/midterm-primaries-recap,2026-07-11 05:38:19,google,
v_6907ed970b,/news/midterm-primaries-recap,2026-07-11 06:00:53,,
v_2d4801c259,/subscribe,2026-07-11 06:12:24,,zoe.anderson869@icloud.com
v_84b713dbd6,/news/ai-regulation-bill,2026-07-11 06:14:25,,
v_9e87ef54ef,/subscribe,2026-07-11 06:35:42,,
v_4df7bb53be,/subscribe,2026-07-11 07:29:19,,daniel.lee882@icloud.com
v_333ae21619,/news/hurricane-season-update,2026-07-11 07:56:12,google,
v_6d441d3138,/news/housing-market-cooldown,2026-07-11 08:35:24,,
v_22dbb5da70,/news/new-space-telescope-images,2026-07-11 08:43:53,,
v_1adcf53186,/,2026-07-11 09:41:21,facebook,
v_f32232eb5d,/news/world-series-preview,2026-07-11 10:27:40,,
v_6f33da70b7,/news/ai-regulation-bill,2026-07-11 10:59:36,,
v_ddf8e9f728,/news/housing-market-cooldown,2026-07-11 11:49:27,,
v_79da2e96af,/news/new-space-telescope-images,2026-07-11 13:02:07,instagram,
v_be004b6a7d,/news/housing-market-cooldown,2026-07-11 13:13:51,,
v_79da2e96af,/beliefs,2026-07-11 13:16:07,,
v_a751e8e247,/,2026-07-11 13:39:30,,
v_72746e27e1,/news/church-attendance-study,2026-07-11 14:23:55,,
v_984f2540ec,/subscribe,2026-07-11 14:26:37,,sam.carter642@hotmail.com
v_afa95007ac,/news/midterm-primaries-recap,2026-07-11 14:28:21,facebook,
v_977f93a857,/,2026-07-11 16:05:41,facebook,
v_292d736564,/news/midterm-primaries-recap,2026-07-11 16:16:03,,
v_292d736564,/subscribe,2026-07-11 16:49:03,,
v_292d736564,/news/church-attendance-study,2026-07-11 17:11:03,,
v_79da2e96af,/subscribe,2026-07-11 18:03:07,,matthew.adams401@gmail.com
v_292d736564,/subscribe,2026-07-11 18:24:03,,joshua.campbell716@gmail.com
v_962439b8eb,/shadrachs-picks,2026-07-11 18:35:59,,
v_1b36799123,/subscribe,2026-07-11 18:48:27,twitter,ruth.johnson566@icloud.com
v_2d2bb9c989,/news/new-space-telescope-images,2026-07-11 18:56:46,instagram,
v_589a3ff3c6,/news/hurricane-season-update,2026-07-11 19:36:08,,
v_afa95007ac,/subscribe,2026-07-11 19:45:21,,caleb.moore480@gmail.com
v_2773ca3640,/shadrachs-picks,2026-07-11 19:50:13,instagram,
v_1b6ab74ad9,/,2026-07-11 20:01:39,,
v_6dde113454,/news/housing-market-cooldown,2026-07-11 20:06:15,facebook,
v_56760e83bf,/news/hurricane-season-update,2026-07-11 20:25:24,,
v_d6770c2c32,/beliefs,2026-07-11 20:56:59,,
v_8c61a4330b,/subscribe,2026-07-11 21:04:41,,
v_c69b9b47b0,/shadrachs-picks,2026-07-11 21:25:55,google,
v_bb3cd71d4f,/shadrachs-picks,2026-07-11 21:54:14,facebook,
v_2d2bb9c989,/subscribe,2026-07-11 22:20:46,,MARY.MITCHELL179@GMAIL.COM
v_019ac32c2d,/subscribe,2026-07-11 22:42:55,facebook,
v_3c8bfb8a5a,/,2026-07-11 22:45:43,google,
v_14f92eb18d,/news/midterm-primaries-recap,2026-07-11 23:40:03,google,
v_a22c28b898,/news/what-is-happening-in-sudan,2026-07-11 23:48:39,facebook,
v_14f92eb18d,/news/federal-budget-standoff,2026-07-11 23:50:03,,
v_643bbadae3,/news/federal-budget-standoff,2026-07-12 00:07:57,,
v_d4341bb47c,/news/church-attendance-study,2026-07-12 00:27:13,,
v_4735891b80,/news/supreme-court-ruling-explained,2026-07-12 00:32:53,facebook,
v_4735891b80,/,2026-07-12 01:16:53,,
v_14f92eb18d,/subscribe,2026-07-12 01:34:03,,JOHN.JONES346@YAHOO.COM
v_4735891b80,/news/federal-budget-standoff,2026-07-12 01:52:53,,
v_56760e83bf,/subscribe,2026-07-12 02:01:24,,hope.peterson127@gmail.com
v_bb3cd71d4f,/subscribe,2026-07-12 02:07:14,,kate.campbell116@hotmail.com
v_058e0e5e14,/news/housing-market-cooldown,2026-07-12 02:13:14,facebook,
v_058e0e5e14,/subscribe,2026-07-12 02:44:14,,mark.jones890@gmail.com
v_2773ca3640,/subscribe,2026-07-12 03:09:13,,megan.wright408@gmail.com
v_56596eda5f,/news/world-series-preview,2026-07-12 03:58:57,,
v_0a92680567,/,2026-07-12 04:49:41,,
v_2102667026,/,2026-07-12 06:55:55,,
v_a22c28b898,/subscribe,2026-07-12 07:22:39,,michael.walker750@protonmail.com
v_56596eda5f,/our-staff,2026-07-12 07:30:13,,
v_4735891b80,/subscribe,2026-07-12 08:13:53,,ben.anderson807@gmail.com
v_3d536a76dc,/,2026-07-12 09:06:12,,
v_dd1004be79,/subscribe,2026-07-12 09:19:28,,
v_f34d779ad6,/subscribe,2026-07-12 10:03:16,,
v_f646c8d593,/,2026-07-12 11:08:42,facebook,
v_6d0fcdcd8e,/subscribe,2026-07-12 11:45:37,,
v_892cce233d,/news/federal-budget-standoff,2026-07-12 11:59:54,,
v_4a6a58cfb6,/shadrachs-picks,2026-07-12 12:00:56,instagram,
v_c161594c88,/news/what-is-happening-in-sudan,2026-07-12 12:08:24,,
v_c161594c88,/news/world-series-preview,2026-07-12 12:48:24,,
v_c161594c88,/subscribe,2026-07-12 14:55:24,,paul.hall843@hotmail.com
v_ec8931c39f,/news/new-space-telescope-images,2026-07-12 16:41:20,google,
v_a8ae21d91a,/news/federal-budget-standoff,2026-07-12 17:06:42,,
v_ec8931c39f,/,2026-07-12 17:14:20,,
v_654c54987c,/subscribe,2026-07-12 17:27:04,,
v_ec8931c39f,/beliefs,2026-07-12 17:37:20,,
v_fd6299dace,/about,2026-07-12 18:12:17,facebook,
v_be83ea911d,/subscribe,2026-07-12 19:04:40,facebook,
v_84b713dbd6,/news/hurricane-season-update,2026-07-12 19:42:14,,
v_ec8931c39f,/subscribe,2026-07-12 19:57:20,,NAOMI.JOHNSON765@GMAIL.COM
v_1804725ec0,/about,2026-07-12 20:15:21,instagram,
v_3c8bfb8a5a,/,2026-07-12 20:33:30,instagram,
v_f8a5a12575,/shadrachs-picks,2026-07-12 21:10:34,instagram,
v_f8a5a12575,/news/what-is-happening-in-sudan,2026-07-12 21:23:34,,
v_ee4d394325,/news/world-series-preview,2026-07-12 22:03:08,,
v_ef08f5c358,/news/supreme-court-ruling-explained,2026-07-12 22:33:35,facebook,
v_d6770c2c32,/news/supreme-court-ruling-explained,2026-07-12 22:42:15,,
v_22dbb5da70,/subscribe,2026-07-12 23:35:04,,
v_f8a5a12575,/subscribe,2026-07-12 23:37:34,,RACHEL.HALL846@HOTMAIL.COM
v_7534986b3d,/news/hurricane-season-update,2026-07-13 00:25:03,,
v_3d55e1d787,/,2026-07-13 00:30:25,instagram,
v_3d55e1d787,/news/church-attendance-study,2026-07-13 00:50:25,,
v_3d55e1d787,/news/ai-regulation-bill,2026-07-13 00:53:25,,
v_a9a16cf393,/subscribe,2026-07-13 01:14:37,,
v_fd6299dace,/subscribe,2026-07-13 01:39:17,,zoe.bell623@gmail.com
v_f1f70c089b,/news/housing-market-cooldown,2026-07-13 01:39:21,podcast,
v_447801e09d,/about,2026-07-13 01:41:31,instagram,
v_d7659e5a7e,/shadrachs-picks,2026-07-13 01:54:55,instagram,
v_e2141317a2,/news/church-attendance-study,2026-07-13 02:17:46,instagram,
v_51850c7ddf,/subscribe,2026-07-13 02:25:24,,
v_016a47b357,/news/midterm-primaries-recap,2026-07-13 02:38:25,podcast,
v_e2141317a2,/news/federal-budget-standoff,2026-07-13 02:56:46,,
v_133d78eb4a,/news/what-is-happening-in-sudan,2026-07-13 03:08:54,,
v_016a47b357,/,2026-07-13 03:12:25,,
v_260d0ee3b1,/news/what-is-happening-in-sudan,2026-07-13 03:45:18,podcast,
v_016a47b357,/beliefs,2026-07-13 03:54:25,,
v_260d0ee3b1,/news/federal-budget-standoff,2026-07-13 04:11:18,,
v_52fb268ff2,/,2026-07-13 04:21:22,instagram,
v_cb45a06023,/,2026-07-13 04:35:15,,
v_1a89cddcca,/news/housing-market-cooldown,2026-07-13 05:41:34,google,
v_3d55e1d787,/subscribe,2026-07-13 05:51:25,,hannah.anderson111@outlook.com
v_ca961e670e,/,2026-07-13 05:51:31,,
v_1804725ec0,/subscribe,2026-07-13 05:53:21,,hannah.davis812@gmail.com
v_e5232496a9,/,2026-07-13 05:55:44,,
v_842a8032b1,/subscribe,2026-07-13 06:07:58,instagram,ruth.murphy27@icloud.com
v_52fb268ff2,/subscribe,2026-07-13 06:17:22,,michael.moore857@gmail.com
v_8039a167d3,/,2026-07-13 06:42:20,facebook,
v_3650af02b1,/subscribe,2026-07-13 06:45:02,google,
v_480f1229f3,/about,2026-07-13 07:15:52,podcast,
v_8039a167d3,/about,2026-07-13 07:16:20,,
v_cb45a06023,/subscribe,2026-07-13 07:40:15,,sarah.walker888@protonmail.com
v_64e094a087,/,2026-07-13 07:49:58,facebook,
v_480f1229f3,/our-staff,2026-07-13 07:56:52,,
v_480f1229f3,/news/housing-market-cooldown,2026-07-13 08:15:52,,
v_260d0ee3b1,/subscribe,2026-07-13 09:00:18,,rachel.stewart302@icloud.com
v_9808905073,/,2026-07-13 09:29:45,google,
v_f1f70c089b,/subscribe,2026-07-13 09:37:21,,james.reed256@yahoo.com
v_9808905073,/subscribe,2026-07-13 09:47:45,,
v_e2141317a2,/subscribe,2026-07-13 09:55:46,,naomi.edwards986@protonmail.com
v_9808905073,/subscribe,2026-07-13 10:26:45,,
v_8750310d08,/shadrachs-picks,2026-07-13 10:59:39,referral,
v_13c555e504,/shadrachs-picks,2026-07-13 11:01:17,facebook,
v_016a47b357,/subscribe,2026-07-13 11:10:25,,SETH.EVANS785@GMAIL.COM
v_8750310d08,/,2026-07-13 11:11:39,,
v_70c637cd10,/news/housing-market-cooldown,2026-07-13 11:20:56,,
v_13c555e504,/subscribe,2026-07-13 11:31:17,,
v_13c555e504,/,2026-07-13 11:49:17,,
v_480f1229f3,/subscribe,2026-07-13 12:19:52,,mark.baker43@outlook.com
v_3d523ae5e4,/about,2026-07-13 12:35:10,,
v_c080970980,/subscribe,2026-07-13 13:45:45,instagram,hannah.green413@gmail.com
v_f313796c76,/,2026-07-13 14:20:17,instagram,
v_9bc1b2e823,/news/ai-regulation-bill,2026-07-13 14:25:16,referral,
v_8750310d08,/subscribe,2026-07-13 15:02:39,,MARK.REED878@GMAIL.COM
v_776c5d2b5c,/,2026-07-13 15:06:34,,
v_9bc1b2e823,/news/midterm-primaries-recap,2026-07-13 15:09:16,,
v_8039a167d3,/subscribe,2026-07-13 16:34:20,,eli.brown446@protonmail.com
v_7a1e3cee1e,/news/what-is-happening-in-sudan,2026-07-13 16:46:38,podcast,
v_13c555e504,/subscribe,2026-07-13 17:37:17,,nathan.cooper673@outlook.com
v_276c839529,/,2026-07-13 18:21:47,podcast,
v_9808905073,/subscribe,2026-07-13 18:28:45,,lydia.hall311@gmail.com
v_276c839529,/,2026-07-13 18:33:47,,
v_8750310d08,/news/ai-regulation-bill,2026-07-13 20:08:14,,
v_0ab8c5dc8f,/subscribe,2026-07-13 20:21:52,,
v_194736c582,/,2026-07-13 20:45:40,,
v_937d51cc4e,/,2026-07-13 21:49:15,instagram,
v_e3bd699269,/news/federal-budget-standoff,2026-07-13 22:49:05,referral,
v_9bc1b2e823,/subscribe,2026-07-13 23:14:16,,LEAH.STEWART227@GMAIL.COM
v_235c77b699,/about,2026-07-13 23:16:13,,
v_889e2c783b,/news/church-attendance-study,2026-07-13 23:26:47,facebook,
v_937d51cc4e,/subscribe,2026-07-14 00:04:15,,leah.stewart812@gmail.com
v_fcc82ea149,/subscribe,2026-07-14 00:18:29,,
v_2f5e616080,/subscribe,2026-07-14 00:57:18,podcast,ruth.walker861@gmail.com
v_35d9138665,/subscribe,2026-07-14 01:08:27,facebook,mark.rogers101@gmail.com
v_7a1e3cee1e,/subscribe,2026-07-14 01:10:38,,michael.parker486@gmail.com
v_776c5d2b5c,/,2026-07-14 01:14:57,,
v_b1aa42a088,/subscribe,2026-07-14 01:54:42,facebook,faith.bailey996@gmail.com
v_276c839529,/subscribe,2026-07-14 01:55:47,,michael.parker607@gmail.com
v_d02f4ffe59,/beliefs,2026-07-14 02:28:17,,
v_dd1004be79,/,2026-07-14 03:12:50,,
v_6156ac54e6,/news/new-space-telescope-images,2026-07-14 03:20:17,facebook,
v_f9de80f4ce,/,2026-07-14 03:32:27,google,
v_6156ac54e6,/news/supreme-court-ruling-explained,2026-07-14 03:46:17,,
v_048e04323d,/news/housing-market-cooldown,2026-07-14 04:01:22,google,
v_048e04323d,/news/new-space-telescope-images,2026-07-14 04:15:22,,
v_e3bd699269,/subscribe,2026-07-14 04:24:05,,ellie.king551@outlook.com
v_6156ac54e6,/,2026-07-14 04:27:17,,
v_fa41cee469,/,2026-07-14 04:46:29,,
v_22dbb5da70,/news/midterm-primaries-recap,2026-07-14 05:12:26,,
v_b142a7371e,/,2026-07-14 05:57:08,facebook,
v_e65c451400,/,2026-07-14 06:31:50,instagram,
v_6156ac54e6,/subscribe,2026-07-14 06:54:17,,abigail.lewis492@gmail.com
v_f9de80f4ce,/subscribe,2026-07-14 06:56:27,,peter.morris9@gmail.com
v_b072e2d267,/,2026-07-14 07:06:52,instagram,
v_b072e2d267,/subscribe,2026-07-14 07:11:52,,
v_e65c451400,/news/hurricane-season-update,2026-07-14 07:12:50,,
v_b39f5a4b02,/,2026-07-14 07:33:43,,
v_048e04323d,/subscribe,2026-07-14 08:03:22,,peter.parker666@gmail.com
v_ce490c21ee,/news/supreme-court-ruling-explained,2026-07-14 08:13:35,referral,
v_31260c774a,/news/hurricane-season-update,2026-07-14 08:16:08,facebook,
v_ce490c21ee,/,2026-07-14 08:42:35,,
v_ce490c21ee,/our-staff,2026-07-14 09:01:35,,
v_4e5e69ee12,/shadrachs-picks,2026-07-14 09:16:57,,
v_a05cd5a451,/shadrachs-picks,2026-07-14 09:28:31,facebook,
v_e65c451400,/subscribe,2026-07-14 09:40:50,,tim.morris310@hotmail.com
v_32178163b1,/,2026-07-14 09:45:45,,
v_34583ff5ea,/,2026-07-14 09:51:05,facebook,
v_a05cd5a451,/subscribe,2026-07-14 10:29:31,,joshua.moore821@hotmail.com
v_6ab422a09b,/news/midterm-primaries-recap,2026-07-14 10:45:16,,
v_144dc3b69b,/,2026-07-14 10:47:40,,
v_66db4d1987,/about,2026-07-14 11:29:12,instagram,
v_66db4d1987,/,2026-07-14 11:56:12,,
v_c7c69b0ade,/shadrachs-picks,2026-07-14 12:09:23,instagram,
v_48f285d1c8,/,2026-07-14 12:13:20,,
v_c7c69b0ade,/news/world-series-preview,2026-07-14 12:22:23,,
v_c7c69b0ade,/subscribe,2026-07-14 13:22:23,,sam.hill771@protonmail.com
v_66db4d1987,/subscribe,2026-07-14 13:33:12,,john.nelson503@gmail.com
v_3d55e1d787,/subscribe,2026-07-14 13:40:23,,
v_ce490c21ee,/subscribe,2026-07-14 13:47:35,,tim.morris191@outlook.com
v_1c7698a8b3,/news/supreme-court-ruling-explained,2026-07-14 13:55:25,,
v_6d441d3138,/news/hurricane-season-update,2026-07-14 14:18:06,,
v_be004b6a7d,/shadrachs-picks,2026-07-14 14:33:59,,
v_b072e2d267,/subscribe,2026-07-14 14:54:52,,kate.taylor502@gmail.com
v_080faabc6b,/our-staff,2026-07-14 15:13:05,,
v_02d33485f8,/news/ai-regulation-bill,2026-07-14 15:51:29,instagram,
v_7bb0f467a8,/shadrachs-picks,2026-07-14 16:05:14,google,
v_02d33485f8,/our-staff,2026-07-14 16:12:29,,
v_8b1e0cc168,/,2026-07-14 16:35:24,,
v_c05bfbc834,/news/new-space-telescope-images,2026-07-14 17:01:07,,
v_02d33485f8,/subscribe,2026-07-14 17:25:29,,james.turner896@icloud.com
v_6ab422a09b,/subscribe,2026-07-14 17:43:16,,abigail.anderson690@gmail.com
v_2f5e616080,/subscribe,2026-07-14 17:47:06,,
v_23445e3fc4,/news/housing-market-cooldown,2026-07-14 18:13:10,facebook,
v_a01f2ef982,/news/ai-regulation-bill,2026-07-14 18:27:12,,
v_e416cab932,/,2026-07-14 18:55:49,google,
v_e1f2ad9c7c,/shadrachs-picks,2026-07-14 19:02:42,google,
v_5a4274f08c,/subscribe,2026-07-14 19:17:02,google,seth.rogers403@outlook.com
v_014caa92c6,/shadrachs-picks,2026-07-14 19:23:43,,
v_5f37e76da6,/,2026-07-14 20:12:57,instagram,
v_5f37e76da6,/subscribe,2026-07-14 21:23:57,,DAVID.MURPHY437@GMAIL.COM
v_f47496409c,/news/what-is-happening-in-sudan,2026-07-14 21:52:03,referral,
v_f47496409c,/news/new-space-telescope-images,2026-07-14 22:08:03,,
v_f47496409c,/our-staff,2026-07-14 22:24:03,,
v_ce490c21ee,/,2026-07-14 22:29:19,,
v_cf2a4c344c,/news/what-is-happening-in-sudan,2026-07-14 22:31:21,instagram,
v_cf2a4c344c,/news/federal-budget-standoff,2026-07-14 22:42:21,,
v_f0d7994147,/subscribe,2026-07-14 23:03:31,referral,sarah.bailey421@gmail.com
v_f47496409c,/subscribe,2026-07-14 23:07:03,,ZOE.GREEN700@GMAIL.COM
v_d12a3f0f38,/shadrachs-picks,2026-07-14 23:30:00,referral,
v_faa1f0e5ef,/shadrachs-picks,2026-07-15 00:05:08,instagram,
v_d6770c2c32,/news/ai-regulation-bill,2026-07-15 00:54:32,,
v_b32d42ac6a,/,2026-07-15 00:58:30,,
v_a75ffe7d69,/,2026-07-15 01:36:45,facebook,
v_6ace693385,/subscribe,2026-07-15 02:01:47,,
v_ca021ce270,/news/hurricane-season-update,2026-07-15 02:02:18,google,
v_a75ffe7d69,/news/world-series-preview,2026-07-15 02:03:45,,
v_ca021ce270,/about,2026-07-15 02:04:18,,
v_faa1f0e5ef,/subscribe,2026-07-15 02:45:08,,JACOB.MURPHY832@GMAIL.COM
v_f85f3bbc54,/shadrachs-picks,2026-07-15 03:10:38,referral,
v_a38c9e1cfa,/news/ai-regulation-bill,2026-07-15 03:45:02,instagram,
v_87c995de1b,/our-staff,2026-07-15 03:51:50,instagram,
v_152ca424f8,/subscribe,2026-07-15 04:17:18,,
v_c402e3e159,/,2026-07-15 04:32:04,,
v_cf2a4c344c,/subscribe,2026-07-15 04:58:21,,leah.king797@gmail.com
v_f85f3bbc54,/subscribe,2026-07-15 05:42:38,,mark.clark117@protonmail.com
v_ca021ce270,/subscribe,2026-07-15 06:03:18,,TIM.MORGAN478@YAHOO.COM
v_d6770c2c32,/beliefs,2026-07-15 06:11:03,,
v_6c8498cf8c,/subscribe,2026-07-15 07:44:38,podcast,daniel.reed638@yahoo.com
v_7534986b3d,/news/church-attendance-study,2026-07-15 07:53:08,,
v_a75ffe7d69,/subscribe,2026-07-15 08:24:45,,ELLIE.CAMPBELL207@GMAIL.COM
v_21cbbf4cda,/subscribe,2026-07-15 08:56:40,,matthew.walker443@gmail.com
v_d12a3f0f38,/subscribe,2026-07-15 09:05:00,,JOHN.SCOTT597@ICLOUD.COM
v_25653aff31,/news/new-space-telescope-images,2026-07-15 09:29:26,instagram,
v_a38c9e1cfa,/subscribe,2026-07-15 09:42:02,,tim.rogers219@gmail.com
v_02606a8afc,/,2026-07-15 09:57:07,,
v_b8b9a852cd,/,2026-07-15 10:11:26,,
v_67ceed0c78,/news/what-is-happening-in-sudan,2026-07-15 12:20:53,,
v_ee4d394325,/news/federal-budget-standoff,2026-07-15 12:42:51,google,
v_2eb83033ec,/news/housing-market-cooldown,2026-07-15 13:21:36,instagram,
v_2eb83033ec,/,2026-07-15 13:26:36,,
v_5ae9ebbcc7,/news/midterm-primaries-recap,2026-07-15 13:40:20,,
v_6dde113454,/,2026-07-15 13:44:55,facebook,
v_7b1e37d577,/news/supreme-court-ruling-explained,2026-07-15 14:07:40,twitter,
v_02606a8afc,/subscribe,2026-07-15 14:19:07,,faith.lewis415@hotmail.com
v_7534986b3d,/subscribe,2026-07-15 15:01:31,,
v_b6750d8260,/news/ai-regulation-bill,2026-07-15 15:08:15,,
v_fc2d9e782e,/news/midterm-primaries-recap,2026-07-15 15:56:35,instagram,
v_7b1e37d577,/subscribe,2026-07-15 16:38:40,,michael.lewis405@outlook.com
v_2773ca3640,/,2026-07-15 16:46:56,,
v_9eed48f9c9,/news/midterm-primaries-recap,2026-07-15 16:58:44,,
v_f1f742ff7c,/news/ai-regulation-bill,2026-07-15 17:07:33,facebook,
v_b9205ba2d9,/subscribe,2026-07-15 17:16:15,,john.cook400@gmail.com
v_3d55e1d787,/news/housing-market-cooldown,2026-07-15 17:22:15,,
v_2eb83033ec,/subscribe,2026-07-15 17:29:36,,kate.wright861@gmail.com
v_25653aff31,/subscribe,2026-07-15 17:55:26,,claire.miller957@protonmail.com
v_26aa88bb6e,/,2026-07-15 18:25:06,,
v_2de944497a,/news/ai-regulation-bill,2026-07-15 18:34:31,,
v_b801dc2e25,/,2026-07-15 18:51:59,referral,
v_3d523ae5e4,/subscribe,2026-07-15 18:53:52,,
v_39325d6547,/beliefs,2026-07-15 18:58:32,instagram,
v_9a587f37aa,/,2026-07-15 21:11:44,,
v_d1f67d42bf,/shadrachs-picks,2026-07-15 22:00:43,google,
v_cfcbf698bf,/subscribe,2026-07-15 22:16:26,instagram,zoe.jones765@protonmail.com
v_d1f67d42bf,/,2026-07-15 22:18:43,,
v_d3d5b6bf2c,/news/supreme-court-ruling-explained,2026-07-15 22:46:09,,
v_d1f67d42bf,/news/midterm-primaries-recap,2026-07-15 22:48:43,,
v_fc2d9e782e,/subscribe,2026-07-15 23:09:35,,zoe.bailey978@protonmail.com
v_3371670765,/,2026-07-15 23:25:54,,
v_56596eda5f,/news/federal-budget-standoff,2026-07-16 00:58:59,,
v_8a1b853ba7,/,2026-07-16 01:02:45,,
v_292d736564,/,2026-07-16 01:11:16,,
v_45cc8bf647,/subscribe,2026-07-16 01:21:29,google,
v_da31f27020,/about,2026-07-16 01:26:49,instagram,
v_10df09cb49,/shadrachs-picks,2026-07-16 01:47:15,,
v_da31f27020,/beliefs,2026-07-16 01:52:49,,
v_128f3999d7,/,2026-07-16 02:35:12,,
v_642a0468ae,/news/what-is-happening-in-sudan,2026-07-16 02:45:09,instagram,
v_642a0468ae,/,2026-07-16 02:56:09,,
v_c2f101ee0d,/,2026-07-16 02:57:02,,
v_642a0468ae,/news/ai-regulation-bill,2026-07-16 03:00:09,,
v_adfea79d90,/subscribe,2026-07-16 03:14:37,instagram,mark.smith294@gmail.com
v_b801dc2e25,/subscribe,2026-07-16 03:40:59,,hannah.mitchell56@hotmail.com
v_b0f1d25369,/our-staff,2026-07-16 04:17:14,,
v_2773ca3640,/our-staff,2026-07-16 04:47:29,,
v_f3915f2c02,/news/church-attendance-study,2026-07-16 04:57:53,,
v_6d1a596801,/,2026-07-16 05:21:58,facebook,
v_d1f67d42bf,/subscribe,2026-07-16 06:45:43,,laura.king908@outlook.com
v_91b5ddd5c7,/,2026-07-16 06:58:51,instagram,
v_872c789019,/shadrachs-picks,2026-07-16 08:01:45,google,
v_b072e2d267,/subscribe,2026-07-16 08:18:21,,
v_6d1a596801,/subscribe,2026-07-16 08:53:58,,paul.hill284@gmail.com
v_bf4aaaea68,/,2026-07-16 09:00:26,google,
v_abd8df5ccf,/news/what-is-happening-in-sudan,2026-07-16 09:19:20,,
v_3d3ce13c1c,/subscribe,2026-07-16 09:27:45,,
v_5db4b40863,/news/ai-regulation-bill,2026-07-16 09:43:36,,
v_da31f27020,/subscribe,2026-07-16 09:54:49,,mark.phillips171@gmail.com
v_1adcf53186,/news/new-space-telescope-images,2026-07-16 10:20:57,facebook,
v_642a0468ae,/subscribe,2026-07-16 10:33:09,,laura.baker173@icloud.com
v_883434d49d,/,2026-07-16 11:51:51,,
v_2bc5cb365e,/beliefs,2026-07-16 11:56:21,instagram,
v_872c789019,/subscribe,2026-07-16 12:58:45,,anna.evans882@gmail.com
v_91b5ddd5c7,/subscribe,2026-07-16 13:41:51,,andrew.cooper420@gmail.com
v_bf50f07d73,/subscribe,2026-07-16 13:53:39,,
v_1d1a9dc682,/news/midterm-primaries-recap,2026-07-16 13:56:35,facebook,
v_a751e8e247,/news/midterm-primaries-recap,2026-07-16 14:06:06,,
v_56596eda5f,/,2026-07-16 14:09:25,,
v_a90a048e1e,/,2026-07-16 14:27:54,facebook,
v_7acc332cf2,/news/ai-regulation-bill,2026-07-16 15:15:56,,
v_1519100d16,/news/housing-market-cooldown,2026-07-16 15:59:13,instagram,
v_5bb82b07ed,/about,2026-07-16 16:05:29,google,
v_5bb82b07ed,/,2026-07-16 16:08:29,,
v_a75ffe7d69,/,2026-07-16 16:46:41,,
v_deb4ef5fcb,/news/new-space-telescope-images,2026-07-16 17:53:35,,
v_80f3931a75,/,2026-07-16 18:16:03,facebook,
v_362003165c,/,2026-07-16 18:24:15,,
v_1d233d65c1,/beliefs,2026-07-16 18:32:02,,
v_eec2e3c516,/beliefs,2026-07-16 18:36:26,facebook,
v_997354c358,/beliefs,2026-07-16 18:44:53,google,
v_9634f2b21e,/news/midterm-primaries-recap,2026-07-16 19:08:18,facebook,
v_9634f2b21e,/,2026-07-16 19:14:18,,
v_ac4c283c0a,/,2026-07-16 20:21:07,google,
v_dd73dedb02,/news/housing-market-cooldown,2026-07-16 20:29:54,,
v_3d523ae5e4,/about,2026-07-16 20:30:00,,
v_2f38ab3064,/news/hurricane-season-update,2026-07-16 20:41:45,podcast,
v_2f38ab3064,/subscribe,2026-07-16 21:03:45,,
v_2f38ab3064,/news/supreme-court-ruling-explained,2026-07-16 21:35:45,,
v_7534986b3d,/beliefs,2026-07-16 21:41:21,,
v_c37bf9c3d1,/shadrachs-picks,2026-07-16 22:26:51,instagram,
v_ac4c283c0a,/,2026-07-16 22:32:21,google,
v_02d33485f8,/about,2026-07-16 22:50:53,,
v_ad783b32d3,/,2026-07-16 22:51:31,,
v_b9068ddb46,/news/church-attendance-study,2026-07-16 22:59:48,podcast,
v_1519100d16,/subscribe,2026-07-16 23:02:13,,hannah.roberts110@yahoo.com
v_9634f2b21e,/subscribe,2026-07-16 23:51:18,,aaron.campbell75@hotmail.com
v_8750310d08,/,2026-07-16 23:52:07,,
v_5bb82b07ed,/subscribe,2026-07-17 00:44:29,,paul.clark968@gmail.com
v_ba38f3eb7e,/news/supreme-court-ruling-explained,2026-07-17 01:50:37,google,
v_6a664cb826,/about,2026-07-17 03:06:01,,
v_be004b6a7d,/about,2026-07-17 03:09:46,,
v_deb4ef5fcb,/subscribe,2026-07-17 03:18:35,,michael.walker63@gmail.com
v_608f043b33,/,2026-07-17 03:34:17,facebook,
v_b9068ddb46,/subscribe,2026-07-17 03:35:48,,abigail.cook681@gmail.com
v_21cbbf4cda,/subscribe,2026-07-17 03:53:09,,
v_f023360b4e,/news/what-is-happening-in-sudan,2026-07-17 04:12:09,instagram,
v_f023360b4e,/news/ai-regulation-bill,2026-07-17 04:27:09,,
v_f023360b4e,/subscribe,2026-07-17 04:31:09,,
v_a9c013073a,/,2026-07-17 04:49:25,,
v_2f38ab3064,/subscribe,2026-07-17 05:14:45,,kate.williams520@gmail.com
v_1b36799123,/subscribe,2026-07-17 05:19:16,,
v_017b416dbb,/news/hurricane-season-update,2026-07-17 05:29:27,facebook,
v_22dbb5da70,/,2026-07-17 05:34:30,,
v_7d17790eaa,/news/ai-regulation-bill,2026-07-17 05:39:36,facebook,
v_f660343d58,/news/federal-budget-standoff,2026-07-17 05:43:03,instagram,
v_9ad1922b14,/subscribe,2026-07-17 05:51:56,,
v_f023360b4e,/subscribe,2026-07-17 06:02:09,,FAITH.THOMAS605@ICLOUD.COM
v_f660343d58,/,2026-07-17 06:08:03,,
v_017b416dbb,/subscribe,2026-07-17 06:11:27,,
v_bbf25a5d72,/news/federal-budget-standoff,2026-07-17 06:28:51,,
v_72a1d8ee1f,/shadrachs-picks,2026-07-17 06:46:44,,
v_2b22fc177d,/news/federal-budget-standoff,2026-07-17 06:50:14,instagram,
v_017b416dbb,/,2026-07-17 06:54:27,,
v_ba38f3eb7e,/subscribe,2026-07-17 06:58:37,,esther.morgan263@gmail.com
v_2b22fc177d,/,2026-07-17 07:10:14,,
v_2b22fc177d,/news/world-series-preview,2026-07-17 07:12:14,,
v_6fae6598d1,/subscribe,2026-07-17 07:32:16,instagram,
v_2c6ed79df4,/shadrachs-picks,2026-07-17 07:37:04,,
v_2c6ed79df4,/subscribe,2026-07-17 07:45:04,,TIM.DAVIS527@GMAIL.COM
v_b0c8a0585e,/news/new-space-telescope-images,2026-07-17 07:57:04,podcast,
v_017b416dbb,/subscribe,2026-07-17 09:20:27,,kate.wright998@protonmail.com
v_b0c8a0585e,/subscribe,2026-07-17 09:51:04,,mary.davis133@gmail.com
v_2dd7dcf2fe,/news/world-series-preview,2026-07-17 10:13:06,podcast,
v_f660343d58,/subscribe,2026-07-17 10:25:03,,ESTHER.TAYLOR751@GMAIL.COM
v_3765155428,/,2026-07-17 10:26:13,,
v_016a47b357,/news/housing-market-cooldown,2026-07-17 10:51:58,,
v_f49b591cb9,/our-staff,2026-07-17 10:58:46,,
v_d7659e5a7e,/,2026-07-17 11:27:05,,
v_31a3409eeb,/news/church-attendance-study,2026-07-17 11:37:09,referral,
v_31a3409eeb,/beliefs,2026-07-17 12:14:09,,
v_56596eda5f,/about,2026-07-17 12:15:34,,
v_c768c7a80b,/news/midterm-primaries-recap,2026-07-17 12:50:43,facebook,
v_c768c7a80b,/news/supreme-court-ruling-explained,2026-07-17 13:09:43,,
v_7245986cc3,/news/midterm-primaries-recap,2026-07-17 13:22:47,instagram,
v_99a3818ad6,/news/what-is-happening-in-sudan,2026-07-17 13:26:56,google,
v_c3fb1496b7,/our-staff,2026-07-17 14:01:04,,
v_410fd9f5e6,/,2026-07-17 14:34:03,,
v_5f7fbe00d5,/news/world-series-preview,2026-07-17 14:36:36,referral,
v_2bc5cb365e,/news/housing-market-cooldown,2026-07-17 14:41:10,,
v_22b00f4e0e,/,2026-07-17 15:13:22,instagram,
v_2b22fc177d,/subscribe,2026-07-17 15:15:14,,claire.collins447@gmail.com
v_1804725ec0,/news/federal-budget-standoff,2026-07-17 15:24:52,,
v_c768c7a80b,/subscribe,2026-07-17 15:31:43,,HOPE.EVANS811@HOTMAIL.COM
v_22b00f4e0e,/about,2026-07-17 15:41:22,,
v_5f7fbe00d5,/subscribe,2026-07-17 15:53:36,,ruth.allen626@gmail.com
v_055e6880ac,/news/ai-regulation-bill,2026-07-17 16:03:19,google,
v_cddfc56b7e,/shadrachs-picks,2026-07-17 17:09:01,,
v_22b00f4e0e,/subscribe,2026-07-17 18:03:22,,ANNA.JOHNSON334@GMAIL.COM
v_31a3409eeb,/subscribe,2026-07-17 18:09:09,,grace.peterson274@gmail.com
v_412da65bb1,/shadrachs-picks,2026-07-17 18:30:03,podcast,
v_412da65bb1,/,2026-07-17 18:53:03,,
v_2dd7dcf2fe,/subscribe,2026-07-17 19:19:06,,chloe.evans711@gmail.com
v_010c322e3a,/,2026-07-17 21:38:06,instagram,
v_055e6880ac,/subscribe,2026-07-17 22:30:19,,JOSHUA.REED250@ICLOUD.COM
v_a3cf0923bb,/shadrachs-picks,2026-07-17 22:55:42,,
v_7245986cc3,/subscribe,2026-07-17 23:20:47,,seth.phillips926@gmail.com
v_412da65bb1,/subscribe,2026-07-18 00:33:03,,ellie.morgan137@gmail.com
v_be004b6a7d,/about,2026-07-18 00:58:47,,
v_8deb03e101,/news/new-space-telescope-images,2026-07-18 01:07:10,instagram,
v_747d80842b,/shadrachs-picks,2026-07-18 01:22:33,instagram,
v_c97fe48089,/,2026-07-18 01:26:10,,
v_b87948d305,/news/housing-market-cooldown,2026-07-18 02:11:26,referral,
v_b87948d305,/shadrachs-picks,2026-07-18 02:19:26,,
v_c768c7a80b,/,2026-07-18 02:24:27,,
v_b38e1f5330,/,2026-07-18 02:57:30,google,
v_845b7e29cb,/subscribe,2026-07-18 03:04:53,,
v_b38e1f5330,/,2026-07-18 03:09:30,,
v_73a63a4391,/about,2026-07-18 03:13:58,instagram,
v_98fefb99bf,/our-staff,2026-07-18 03:14:20,,
v_a97c64237f,/news/housing-market-cooldown,2026-07-18 03:38:24,,
v_016a47b357,/beliefs,2026-07-18 03:39:00,,
v_b38e1f5330,/news/housing-market-cooldown,2026-07-18 03:46:30,,
v_89f077b252,/news/church-attendance-study,2026-07-18 03:48:06,,
v_8deb03e101,/subscribe,2026-07-18 04:18:10,,hope.miller682@outlook.com
v_4a4644db02,/subscribe,2026-07-18 04:30:29,referral,claire.turner658@gmail.com
v_b38e1f5330,/subscribe,2026-07-18 04:31:30,,KATE.CARTER139@ICLOUD.COM
v_adfea79d90,/subscribe,2026-07-18 04:55:08,,
v_1b36799123,/,2026-07-18 04:55:56,,
v_66b8ed3d6f,/news/new-space-telescope-images,2026-07-18 05:32:53,instagram,
v_0e2ac6744d,/news/what-is-happening-in-sudan,2026-07-18 05:58:26,facebook,
v_0839db952d,/news/hurricane-season-update,2026-07-18 07:26:03,,
v_6788cd8198,/news/federal-budget-standoff,2026-07-18 07:30:23,,
v_0839db952d,/about,2026-07-18 07:32:03,,
v_6a7430ce8d,/,2026-07-18 07:44:50,referral,
v_0839db952d,/about,2026-07-18 08:13:03,,
v_66b8ed3d6f,/subscribe,2026-07-18 09:01:53,,ELLIE.BAILEY968@GMAIL.COM
v_29d8a6e8e3,/news/housing-market-cooldown,2026-07-18 09:28:23,,
v_0839db952d,/subscribe,2026-07-18 09:32:03,,leah.wright92@gmail.com
v_0e2ac6744d,/subscribe,2026-07-18 09:40:26,,laura.hill737@gmail.com
v_b87948d305,/subscribe,2026-07-18 11:08:26,,emily.king394@protonmail.com
v_0ab98ec1aa,/news/ai-regulation-bill,2026-07-18 11:08:57,instagram,
v_8162264889,/,2026-07-18 11:20:33,instagram,
v_8162264889,/news/hurricane-season-update,2026-07-18 11:58:33,,
v_28b4880220,/news/world-series-preview,2026-07-18 12:34:33,,
v_8162264889,/news/ai-regulation-bill,2026-07-18 12:35:33,,
v_6a7430ce8d,/subscribe,2026-07-18 12:36:50,,claire.johnson349@yahoo.com
v_977f93a857,/,2026-07-18 12:37:51,google,
v_32be9fd56a,/about,2026-07-18 12:41:00,,
v_dfeb8b8a5c,/news/world-series-preview,2026-07-18 12:42:17,facebook,
v_6ae53f4ec2,/news/supreme-court-ruling-explained,2026-07-18 12:52:12,facebook,
v_6ae53f4ec2,/subscribe,2026-07-18 13:07:12,,
v_0ab98ec1aa,/subscribe,2026-07-18 13:08:57,,tim.johnson222@hotmail.com
v_6ae53f4ec2,/subscribe,2026-07-18 13:18:12,,
v_dfeb8b8a5c,/news/new-space-telescope-images,2026-07-18 13:18:17,,
v_dfeb8b8a5c,/beliefs,2026-07-18 13:29:17,,
v_a1c7df0419,/,2026-07-18 13:45:14,,
v_50de35354f,/news/what-is-happening-in-sudan,2026-07-18 13:58:07,facebook,
v_6504919ad5,/,2026-07-18 14:00:30,facebook,
v_3d523ae5e4,/shadrachs-picks,2026-07-18 14:25:20,,
v_50de35354f,/,2026-07-18 14:27:07,,
v_36078ca361,/,2026-07-18 14:55:12,facebook,
v_0e2ac6744d,/news/ai-regulation-bill,2026-07-18 15:06:36,,
v_50de35354f,/subscribe,2026-07-18 15:27:07,,mary.johnson579@yahoo.com
v_28b4880220,/shadrachs-picks,2026-07-18 15:53:22,,
v_412da65bb1,/beliefs,2026-07-18 16:10:41,,
v_8162264889,/subscribe,2026-07-18 16:29:33,,PETER.BROWN814@GMAIL.COM
v_966469839e,/subscribe,2026-07-18 16:36:10,referral,abigail.murphy534@hotmail.com
v_fd2f8df98e,/beliefs,2026-07-18 16:42:57,,
v_f3c79976ce,/news/federal-budget-standoff,2026-07-18 18:25:36,referral,
v_ddad658406,/,2026-07-18 18:36:00,instagram,
v_4512f50685,/news/housing-market-cooldown,2026-07-18 18:46:28,facebook,
v_ddad658406,/,2026-07-18 19:16:00,,
v_dfeb8b8a5c,/subscribe,2026-07-18 19:17:17,,eli.morris473@icloud.com
v_ca961e670e,/,2026-07-18 20:20:59,,
v_6ae53f4ec2,/subscribe,2026-07-18 20:51:12,,hannah.allen415@outlook.com
v_ddad658406,/subscribe,2026-07-18 20:56:00,,megan.martin686@gmail.com
v_79da2e96af,/news/housing-market-cooldown,2026-07-18 21:32:14,,
v_bffbadf9c3,/news/new-space-telescope-images,2026-07-18 21:50:03,instagram,
v_f023360b4e,/beliefs,2026-07-18 21:51:39,,
v_bffbadf9c3,/,2026-07-18 21:53:03,,
v_bffbadf9c3,/,2026-07-18 22:17:03,,
v_cc590ba6a7,/news/supreme-court-ruling-explained,2026-07-18 22:29:04,instagram,
v_cc590ba6a7,/news/world-series-preview,2026-07-18 23:10:04,,
v_cc590ba6a7,/,2026-07-18 23:20:04,,
v_240a4807c5,/,2026-07-18 23:56:27,facebook,
v_cc590ba6a7,/subscribe,2026-07-19 00:34:04,,jacob.parker834@gmail.com
v_d26d460655,/news/hurricane-season-update,2026-07-19 00:48:56,,
v_76e966e0c6,/news/new-space-telescope-images,2026-07-19 01:28:54,facebook,
v_31260c774a,/,2026-07-19 01:29:59,google,
v_f428dcf9e1,/shadrachs-picks,2026-07-19 01:36:00,google,
v_f3c79976ce,/subscribe,2026-07-19 02:30:36,,lydia.parker437@hotmail.com
v_d02f4ffe59,/news/ai-regulation-bill,2026-07-19 03:57:34,,
v_644b9840c5,/,2026-07-19 04:03:26,,
v_c365b84643,/about,2026-07-19 06:14:40,,
v_bffbadf9c3,/subscribe,2026-07-19 06:32:03,,HANNAH.MORGAN780@GMAIL.COM
v_371800c7aa,/,2026-07-19 06:46:43,,
v_69ac1e07e9,/news/world-series-preview,2026-07-19 06:53:13,,
v_5b75b5f7dc,/shadrachs-picks,2026-07-19 07:29:35,google,
v_0df46d2de2,/,2026-07-19 07:49:41,instagram,
v_0df46d2de2,/news/federal-budget-standoff,2026-07-19 08:18:41,,
v_143ce48fed,/,2026-07-19 09:39:00,,
v_5b75b5f7dc,/subscribe,2026-07-19 10:12:35,,kate.hall556@outlook.com
v_e422fa172b,/news/midterm-primaries-recap,2026-07-19 10:13:35,,
v_f428dcf9e1,/subscribe,2026-07-19 11:04:00,,ellie.baker218@gmail.com
v_9badc16c8c,/news/hurricane-season-update,2026-07-19 11:09:00,facebook,
v_76e966e0c6,/subscribe,2026-07-19 11:27:54,,MEGAN.COOPER610@YAHOO.COM
v_9badc16c8c,/news/church-attendance-study,2026-07-19 11:45:00,,
v_9badc16c8c,/subscribe,2026-07-19 12:00:00,,claire.garcia230@gmail.com
v_a58fd4ad67,/news/federal-budget-standoff,2026-07-19 12:51:05,facebook,
v_6d441d3138,/news/hurricane-season-update,2026-07-19 13:24:02,,
v_4f8d32bd91,/news/hurricane-season-update,2026-07-19 13:27:21,,
v_9f6788154f,/news/what-is-happening-in-sudan,2026-07-19 13:38:16,,
v_22b00f4e0e,/news/world-series-preview,2026-07-19 13:39:33,,
v_4396b0a049,/shadrachs-picks,2026-07-19 14:14:02,instagram,
v_19799ee79e,/subscribe,2026-07-19 14:25:05,referral,daniel.turner268@hotmail.com
v_6e6ee0d12d,/,2026-07-19 14:42:06,facebook,
v_fac13094c8,/news/midterm-primaries-recap,2026-07-19 14:55:26,,
v_a58fd4ad67,/subscribe,2026-07-19 15:02:05,,caleb.wright996@gmail.com
v_4f1fd84bcd,/,2026-07-19 15:34:46,instagram,
v_4f1fd84bcd,/subscribe,2026-07-19 15:40:46,,
v_134434e4d8,/subscribe,2026-07-19 15:56:04,,
v_19799ee79e,/,2026-07-19 16:15:40,,
v_6e6ee0d12d,/subscribe,2026-07-19 16:22:06,,isaac.stewart53@gmail.com
v_0df46d2de2,/subscribe,2026-07-19 16:39:41,,eli.johnson684@gmail.com
v_f755dca680,/news/world-series-preview,2026-07-19 17:29:51,instagram,
v_779ce321be,/news/supreme-court-ruling-explained,2026-07-19 17:47:22,instagram,
v_779ce321be,/,2026-07-19 17:55:22,,
v_779ce321be,/about,2026-07-19 18:13:22,,
v_8e929934eb,/news/church-attendance-study,2026-07-19 18:39:10,facebook,
v_6973345951,/news/housing-market-cooldown,2026-07-19 18:55:55,instagram,
v_711f4a4223,/about,2026-07-19 19:17:02,instagram,
v_6973345951,/,2026-07-19 19:22:55,,
v_96e9f4c17a,/,2026-07-19 19:39:03,,
v_6973345951,/subscribe,2026-07-19 20:02:55,,
v_058e0e5e14,/,2026-07-19 20:17:28,,
v_4f1fd84bcd,/subscribe,2026-07-19 20:48:46,,anna.lee632@gmail.com
v_016a47b357,/news/new-space-telescope-images,2026-07-19 20:51:50,,
v_f755dca680,/subscribe,2026-07-19 21:41:51,,mary.collins143@yahoo.com
v_49e8fc6b1b,/,2026-07-19 21:46:27,,
v_c365b84643,/subscribe,2026-07-19 23:28:11,facebook,
v_a96563444d,/,2026-07-19 23:59:42,facebook,
v_4396b0a049,/subscribe,2026-07-20 00:03:02,,david.king140@outlook.com
v_66db4d1987,/subscribe,2026-07-20 00:03:12,,
v_0839db952d,/subscribe,2026-07-20 00:19:19,,
v_e1346d0dff,/news/ai-regulation-bill,2026-07-20 00:33:13,,
v_94508c91ca,/subscribe,2026-07-20 00:36:20,instagram,
v_711f4a4223,/subscribe,2026-07-20 00:41:02,,chloe.turner252@gmail.com
v_63cb4beb21,/shadrachs-picks,2026-07-20 01:03:29,,
v_6d441d3138,/about,2026-07-20 01:13:47,,
v_22b00f4e0e,/subscribe,2026-07-20 01:21:51,,
v_6973345951,/subscribe,2026-07-20 01:22:55,,claire.reed852@hotmail.com
v_8e929934eb,/subscribe,2026-07-20 01:43:10,,lydia.wilson913@icloud.com
v_7c8ecc63e1,/,2026-07-20 02:06:28,instagram,
v_779ce321be,/subscribe,2026-07-20 02:45:22,,ruth.jones940@gmail.com
v_6ad5045059,/news/world-series-preview,2026-07-20 02:58:28,facebook,
v_a7f16ca87b,/news/housing-market-cooldown,2026-07-20 03:06:37,instagram,
v_93a6213a5b,/,2026-07-20 03:46:09,,
v_28b4880220,/,2026-07-20 04:00:41,,
v_ab34ed9837,/,2026-07-20 04:10:23,instagram,
v_56596eda5f,/about,2026-07-20 04:38:48,,
v_47a1c2ee79,/beliefs,2026-07-20 06:06:05,,
v_d8966de096,/subscribe,2026-07-20 07:07:35,,
v_be004b6a7d,/subscribe,2026-07-20 07:41:02,,
v_29b5dafb39,/subscribe,2026-07-20 07:57:11,,
v_ab34ed9837,/subscribe,2026-07-20 07:59:23,,seth.scott45@gmail.com
v_2fd8ce087d,/,2026-07-20 08:19:58,,
v_ffa5c69a8b,/news/midterm-primaries-recap,2026-07-20 09:38:17,,
v_937d51cc4e,/,2026-07-20 09:46:00,,
v_7331a46d33,/,2026-07-20 10:37:26,,
v_a8e2b9fe46,/subscribe,2026-07-20 10:48:22,twitter,isaac.hill670@protonmail.com
v_7c8ecc63e1,/subscribe,2026-07-20 11:12:28,,paul.reed930@gmail.com
v_1b36799123,/news/housing-market-cooldown,2026-07-20 11:30:31,,
v_654c54987c,/news/what-is-happening-in-sudan,2026-07-20 11:39:13,,
v_a75ffe7d69,/about,2026-07-20 12:01:35,,
v_daee8a79ae,/,2026-07-20 12:30:13,google,
v_1d726b49c7,/,2026-07-20 13:22:37,,
v_9bdd4c9dbf,/,2026-07-20 13:57:41,google,
v_bb1004db22,/,2026-07-20 14:18:30,facebook,
v_bf33668527,/beliefs,2026-07-20 14:40:37,,
v_25d123a97c,/,2026-07-20 14:46:47,instagram,
v_fe28f8dbe6,/news/housing-market-cooldown,2026-07-20 15:12:06,google,
v_fe28f8dbe6,/beliefs,2026-07-20 15:26:06,,
v_984f2540ec,/news/ai-regulation-bill,2026-07-20 15:26:12,,
v_fe28f8dbe6,/subscribe,2026-07-20 15:31:06,,
v_0e85c427dc,/subscribe,2026-07-20 16:15:43,google,
v_a2bd5f0d51,/subscribe,2026-07-20 16:38:11,twitter,lydia.adams228@protonmail.com
v_8bb31ac236,/news/hurricane-season-update,2026-07-20 16:39:29,facebook,
v_2165c30c33,/news/church-attendance-study,2026-07-20 16:49:49,instagram,
v_771edab512,/subscribe,2026-07-20 16:57:39,,
v_5abc156a0e,/,2026-07-20 17:20:04,instagram,
v_2ed50695f7,/,2026-07-20 17:30:04,podcast,
v_2ed50695f7,/,2026-07-20 17:39:04,,
v_2ed50695f7,/,2026-07-20 17:54:04,,
v_5abc156a0e,/news/ai-regulation-bill,2026-07-20 18:03:04,,
v_5abc156a0e,/news/church-attendance-study,2026-07-20 18:18:04,,
v_9b5513aac6,/news/midterm-primaries-recap,2026-07-20 18:18:54,instagram,
v_b0ee0237c3,/news/midterm-primaries-recap,2026-07-20 18:33:12,referral,
v_5abc156a0e,/subscribe,2026-07-20 18:48:04,,noah.turner163@gmail.com
v_8bb31ac236,/subscribe,2026-07-20 19:24:29,,JACOB.ADAMS496@OUTLOOK.COM
v_fd2f8df98e,/shadrachs-picks,2026-07-20 20:01:55,,
v_b0ee0237c3,/subscribe,2026-07-20 20:26:12,,hope.evans567@gmail.com
v_6923f77245,/,2026-07-20 21:12:26,referral,
v_b9f9a9d0fc,/news/midterm-primaries-recap,2026-07-20 21:38:14,,
v_6923f77245,/,2026-07-20 21:51:26,,
v_6dde113454,/subscribe,2026-07-20 21:58:19,instagram,
v_2ed50695f7,/subscribe,2026-07-20 21:59:04,,mary.evans784@gmail.com
v_2165c30c33,/subscribe,2026-07-20 22:09:49,,chloe.clark129@hotmail.com
v_6923f77245,/beliefs,2026-07-20 22:18:26,,
v_8bb31ac236,/shadrachs-picks,2026-07-20 22:35:07,,
v_fe28f8dbe6,/subscribe,2026-07-20 23:02:06,,faith.nelson856@gmail.com
v_6923f77245,/subscribe,2026-07-20 23:41:26,,david.lewis961@icloud.com
v_4e8cb2f403,/subscribe,2026-07-21 00:01:59,,
v_f0ea06b329,/news/federal-budget-standoff,2026-07-21 00:09:02,facebook,
v_f0ea06b329,/subscribe,2026-07-21 00:21:02,,eli.anderson194@gmail.com
v_f0ea06b329,/,2026-07-21 00:23:02,,
v_293ffddab8,/,2026-07-21 00:43:11,,
v_aa26476b2a,/news/new-space-telescope-images,2026-07-21 00:50:57,,
v_f0ea06b329,/beliefs,2026-07-21 00:58:02,,
v_9b5513aac6,/subscribe,2026-07-21 01:00:54,,david.king231@gmail.com
v_85b4f6f73d,/subscribe,2026-07-21 01:43:05,facebook,luke.murphy231@protonmail.com
v_6923f77245,/,2026-07-21 03:02:03,,
v_d8fc42b941,/,2026-07-21 04:40:10,google,
v_a96563444d,/,2026-07-21 04:48:04,facebook,
v_32b2174a89,/subscribe,2026-07-21 05:14:38,podcast,anna.green632@gmail.com
v_05336cd4db,/news/hurricane-season-update,2026-07-21 05:20:44,instagram,
v_00aba104c8,/about,2026-07-21 05:33:04,referral,
v_44dc3024ee,/news/hurricane-season-update,2026-07-21 05:34:32,referral,
v_13e71cf593,/news/what-is-happening-in-sudan,2026-07-21 05:54:42,instagram,
v_f85f3bbc54,/beliefs,2026-07-21 06:19:05,,
v_4a6a58cfb6,/beliefs,2026-07-21 06:24:21,,
v_00aba104c8,/subscribe,2026-07-21 08:22:04,,caleb.nelson789@yahoo.com
v_44dc3024ee,/subscribe,2026-07-21 09:15:32,,caleb.phillips496@gmail.com
v_05336cd4db,/subscribe,2026-07-21 09:32:44,,naomi.taylor967@hotmail.com
v_78f2bb0672,/,2026-07-21 09:44:41,instagram,
v_ee4d394325,/news/world-series-preview,2026-07-21 09:55:13,,
v_70b0bdc51e,/news/new-space-telescope-images,2026-07-21 10:16:54,,
v_d40ab0ab1d,/news/supreme-court-ruling-explained,2026-07-21 10:30:33,instagram,
v_fa6f5b2a5f,/our-staff,2026-07-21 11:03:55,google,
v_b03b639d33,/news/what-is-happening-in-sudan,2026-07-21 11:20:12,facebook,
v_70b0bdc51e,/subscribe,2026-07-21 11:30:54,,SETH.YOUNG448@GMAIL.COM
v_28b4880220,/,2026-07-21 12:03:45,,
v_b458b8976a,/,2026-07-21 12:46:19,facebook,
v_13e71cf593,/subscribe,2026-07-21 13:29:42,,daniel.miller783@gmail.com
v_bf50f07d73,/,2026-07-21 13:40:43,instagram,
v_73f82ee578,/,2026-07-21 13:46:05,,
v_9312a661f2,/news/midterm-primaries-recap,2026-07-21 14:02:24,facebook,
v_73f82ee578,/news/supreme-court-ruling-explained,2026-07-21 14:18:05,,
v_9312a661f2,/subscribe,2026-07-21 14:21:24,,
v_a216905205,/,2026-07-21 14:49:30,facebook,
v_f0661e4a54,/subscribe,2026-07-21 15:13:54,instagram,
v_a216905205,/about,2026-07-21 15:23:30,,
v_2b4e7e2830,/about,2026-07-21 15:34:27,,
v_6d441d3138,/shadrachs-picks,2026-07-21 16:05:11,,
v_a216905205,/news/federal-budget-standoff,2026-07-21 16:07:30,,
v_bbf25a5d72,/subscribe,2026-07-21 16:19:01,,
v_b03b639d33,/subscribe,2026-07-21 16:21:12,,andrew.moore762@gmail.com
v_59c0a46013,/,2026-07-21 16:29:24,,
v_6ae53f4ec2,/,2026-07-21 16:46:25,,
v_38458fc902,/news/midterm-primaries-recap,2026-07-21 17:16:37,google,
v_016a47b357,/news/midterm-primaries-recap,2026-07-21 17:18:18,,
v_67bc375cd8,/news/world-series-preview,2026-07-21 18:00:26,,
v_a701a3352d,/,2026-07-21 18:51:07,google,
v_6d441d3138,/our-staff,2026-07-21 19:28:20,,
v_f2f3ad27a6,/news/new-space-telescope-images,2026-07-21 19:36:20,instagram,
v_f2f3ad27a6,/news/midterm-primaries-recap,2026-07-21 19:53:20,,
v_73f82ee578,/subscribe,2026-07-21 20:03:05,,emily.young114@gmail.com
v_4a2a9ba3e9,/news/new-space-telescope-images,2026-07-21 20:11:00,,
v_a22c28b898,/subscribe,2026-07-21 20:21:04,,
v_28b4880220,/news/new-space-telescope-images,2026-07-21 20:33:36,,
v_9312a661f2,/subscribe,2026-07-21 20:34:24,,olivia.smith308@gmail.com
v_4f29875ed4,/news/housing-market-cooldown,2026-07-21 20:44:23,twitter,
v_4f29875ed4,/beliefs,2026-07-21 20:53:23,,
v_4f29875ed4,/news/hurricane-season-update,2026-07-21 21:18:23,,
v_36d98144af,/news/ai-regulation-bill,2026-07-21 21:28:30,,
v_214698a10c,/shadrachs-picks,2026-07-21 21:29:14,instagram,
v_4908818a3b,/shadrachs-picks,2026-07-21 21:36:51,facebook,
v_f29d782979,/news/world-series-preview,2026-07-21 21:56:51,facebook,
v_2a69d0781b,/news/new-space-telescope-images,2026-07-21 22:00:26,twitter,
v_a216905205,/subscribe,2026-07-21 22:04:30,,daniel.morgan168@gmail.com
v_36d98144af,/news/federal-budget-standoff,2026-07-21 22:13:30,,
v_36d98144af,/,2026-07-21 22:36:30,,
v_e9c3ebd1e2,/,2026-07-21 23:19:12,google,
v_2c509c08f0,/subscribe,2026-07-22 00:01:24,,
v_9e69c9a596,/subscribe,2026-07-22 00:12:45,,seth.morgan190@gmail.com
v_e4387cf95a,/news/midterm-primaries-recap,2026-07-22 00:25:10,instagram,
v_38458fc902,/subscribe,2026-07-22 00:36:37,,olivia.turner796@outlook.com
v_84b713dbd6,/news/hurricane-season-update,2026-07-22 01:01:11,,
v_22b00f4e0e,/,2026-07-22 01:49:26,,
v_13459bfee8,/about,2026-07-22 01:52:49,instagram,
v_2a69d0781b,/subscribe,2026-07-22 02:16:26,,naomi.carter240@icloud.com
v_13459bfee8,/news/midterm-primaries-recap,2026-07-22 02:29:49,,
v_f773446cc4,/news/what-is-happening-in-sudan,2026-07-22 02:37:40,instagram,
v_5ae9ebbcc7,/news/church-attendance-study,2026-07-22 02:40:39,,
v_f773446cc4,/subscribe,2026-07-22 02:44:40,,
v_5b75b5f7dc,/news/housing-market-cooldown,2026-07-22 02:49:45,,
v_de83d62b14,/,2026-07-22 02:57:23,google,
v_419fb00a02,/,2026-07-22 03:00:57,google,
v_c53d909222,/news/ai-regulation-bill,2026-07-22 03:03:21,podcast,
v_f7b563b4ea,/subscribe,2026-07-22 03:18:16,facebook,nathan.nelson742@gmail.com
v_ed15729fa4,/shadrachs-picks,2026-07-22 03:34:03,podcast,
v_c53d909222,/subscribe,2026-07-22 03:36:21,,
v_128f3999d7,/,2026-07-22 03:41:07,,
v_22b00f4e0e,/our-staff,2026-07-22 04:10:29,,
v_ed15729fa4,/subscribe,2026-07-22 04:16:03,,
v_d90b90c363,/,2026-07-22 04:18:49,instagram,
v_e4387cf95a,/subscribe,2026-07-22 04:21:10,,ETHAN.KING747@GMAIL.COM
v_f2f3ad27a6,/subscribe,2026-07-22 04:22:20,,LAURA.REED979@ICLOUD.COM
v_d90b90c363,/,2026-07-22 04:31:49,,
v_ed15729fa4,/subscribe,2026-07-22 04:43:03,,
v_822fc7deea,/,2026-07-22 04:49:19,facebook,
v_b142a7371e,/subscribe,2026-07-22 04:49:22,google,
v_d90b90c363,/subscribe,2026-07-22 04:49:49,,david.young947@yahoo.com
v_822fc7deea,/news/ai-regulation-bill,2026-07-22 04:57:19,,
v_d90b90c363,/subscribe,2026-07-22 05:05:49,,
v_435aac79d7,/subscribe,2026-07-22 05:14:22,referral,seth.peterson452@icloud.com
v_7c29b6dd2d,/subscribe,2026-07-22 05:35:36,podcast,lydia.brown26@icloud.com
v_822fc7deea,/,2026-07-22 05:42:19,,
v_4f29875ed4,/subscribe,2026-07-22 06:00:23,,joshua.smith389@gmail.com
v_3d523ae5e4,/,2026-07-22 06:07:27,,
v_ed15729fa4,/subscribe,2026-07-22 06:19:03,,ellie.lee622@gmail.com
v_214698a10c,/subscribe,2026-07-22 06:21:14,,anna.johnson327@hotmail.com
v_9c7fd9d0ca,/news/ai-regulation-bill,2026-07-22 06:24:31,,
v_7b1e37d577,/news/hurricane-season-update,2026-07-22 06:32:45,,
v_36d98144af,/subscribe,2026-07-22 06:57:30,,PETER.SMITH844@GMAIL.COM
v_94508c91ca,/,2026-07-22 07:16:16,,
v_f773446cc4,/subscribe,2026-07-22 07:22:40,,RACHEL.SMITH236@GMAIL.COM
v_a751e8e247,/news/ai-regulation-bill,2026-07-22 07:32:35,,
v_69ac1e07e9,/,2026-07-22 08:02:06,instagram,
v_13459bfee8,/subscribe,2026-07-22 08:04:49,,rachel.johnson336@gmail.com
v_eb931e11f7,/news/housing-market-cooldown,2026-07-22 08:38:40,,
v_3d55e1d787,/beliefs,2026-07-22 08:42:18,,
v_f109cd97d4,/subscribe,2026-07-22 10:43:23,podcast,nathan.young944@hotmail.com
v_48f285d1c8,/subscribe,2026-07-22 10:52:25,instagram,
v_822fc7deea,/subscribe,2026-07-22 10:54:19,,hannah.davis253@yahoo.com
v_4c7b473c34,/about,2026-07-22 11:16:29,instagram,
v_4c7b473c34,/subscribe,2026-07-22 11:36:29,,
v_de83d62b14,/subscribe,2026-07-22 11:41:23,,john.allen459@yahoo.com
v_4c7b473c34,/beliefs,2026-07-22 11:49:29,,
v_c53d909222,/subscribe,2026-07-22 11:51:21,,olivia.morris629@gmail.com
v_1b6ab74ad9,/,2026-07-22 12:14:57,facebook,
v_4c7b473c34,/subscribe,2026-07-22 12:42:29,,hannah.davis778@protonmail.com
v_608f043b33,/news/what-is-happening-in-sudan,2026-07-22 13:15:26,,
v_4f1fd84bcd,/news/church-attendance-study,2026-07-22 13:33:37,,
v_3691cf7cd8,/subscribe,2026-07-22 13:44:48,facebook,emily.miller973@hotmail.com
v_872c789019,/,2026-07-22 13:46:28,,
v_957f3e61e8,/subscribe,2026-07-22 13:53:17,facebook,faith.king671@gmail.com
v_114f3bbc7d,/news/supreme-court-ruling-explained,2026-07-22 14:20:44,instagram,
v_22dbb5da70,/,2026-07-22 14:54:03,,
v_93ec10189b,/about,2026-07-22 15:15:23,google,
v_99a3818ad6,/,2026-07-22 15:32:42,facebook,
v_2f5e616080,/news/new-space-telescope-images,2026-07-22 16:24:09,,
v_da325bbd97,/news/federal-budget-standoff,2026-07-22 16:27:51,instagram,
v_2eb4dacdf8,/news/what-is-happening-in-sudan,2026-07-22 16:46:07,,
v_aaa2a17994,/news/church-attendance-study,2026-07-22 16:46:14,instagram,
v_da325bbd97,/,2026-07-22 16:48:51,,
v_da325bbd97,/subscribe,2026-07-22 16:50:51,,
v_210f245b3b,/news/world-series-preview,2026-07-22 17:08:06,google,
v_039ec83239,/about,2026-07-22 17:17:53,instagram,
v_f34ff6b369,/,2026-07-22 17:30:52,,
v_c1cccbfc9a,/news/midterm-primaries-recap,2026-07-22 17:35:21,,
v_aaa2a17994,/subscribe,2026-07-22 17:40:14,,noah.walker386@hotmail.com
v_f023360b4e,/,2026-07-22 18:43:00,,
v_9a587f37aa,/news/world-series-preview,2026-07-22 19:01:42,facebook,
v_b8a7664215,/,2026-07-22 19:40:39,facebook,
v_a751e8e247,/news/housing-market-cooldown,2026-07-22 19:42:21,,
v_87e396d495,/news/new-space-telescope-images,2026-07-22 19:55:42,facebook,
v_5b0355024e,/,2026-07-22 20:08:45,instagram,
v_8e5ed95f5a,/news/housing-market-cooldown,2026-07-22 20:51:52,,
v_42fd9f0727,/shadrachs-picks,2026-07-22 21:10:36,,
v_260d0ee3b1,/news/supreme-court-ruling-explained,2026-07-22 21:18:04,,
v_997354c358,/,2026-07-22 21:24:08,instagram,
v_114f3bbc7d,/subscribe,2026-07-22 21:38:44,,MARY.TURNER972@GMAIL.COM
v_5b0355024e,/subscribe,2026-07-22 21:38:45,,aaron.parker667@protonmail.com
v_a75ffe7d69,/,2026-07-22 21:43:49,,
v_da325bbd97,/subscribe,2026-07-22 22:37:51,,luke.cook789@outlook.com
v_22dbb5da70,/,2026-07-22 23:00:24,,
v_039ec83239,/subscribe,2026-07-22 23:04:53,,nathan.bell919@gmail.com
v_210f245b3b,/subscribe,2026-07-22 23:35:06,,LYDIA.COLLINS462@GMAIL.COM
v_bd3ac6ec00,/subscribe,2026-07-22 23:49:20,,
v_c3fb1496b7,/,2026-07-23 00:09:43,,
v_134434e4d8,/subscribe,2026-07-23 00:14:17,,
v_7245986cc3,/,2026-07-23 01:11:02,,
v_2b22fc177d,/news/hurricane-season-update,2026-07-23 01:41:28,,
v_e9d907696a,/news/ai-regulation-bill,2026-07-23 02:31:05,facebook,
v_2f8f528a7a,/,2026-07-23 02:50:42,referral,
v_6c774fafab,/shadrachs-picks,2026-07-23 02:51:14,instagram,
v_263141c027,/news/what-is-happening-in-sudan,2026-07-23 02:59:38,facebook,
v_2f5e616080,/news/hurricane-season-update,2026-07-23 03:06:22,,
v_6c774fafab,/news/supreme-court-ruling-explained,2026-07-23 03:29:14,,
v_f480f11471,/subscribe,2026-07-23 03:54:35,referral,daniel.roberts326@gmail.com
v_2e07f68e3f,/news/world-series-preview,2026-07-23 04:17:07,,
v_d9148e6b84,/,2026-07-23 04:22:46,google,
v_ea215b83ed,/news/housing-market-cooldown,2026-07-23 04:45:14,google,
v_92dc44d10e,/,2026-07-23 05:33:14,facebook,
v_6c774fafab,/subscribe,2026-07-23 05:43:14,,faith.young864@gmail.com
v_01765887d7,/shadrachs-picks,2026-07-23 06:28:32,,
v_22dbb5da70,/shadrachs-picks,2026-07-23 06:51:21,,
v_9e87ef54ef,/,2026-07-23 06:53:41,,
v_91a5f1e5cc,/news/midterm-primaries-recap,2026-07-23 07:38:07,google,
v_91a5f1e5cc,/news/new-space-telescope-images,2026-07-23 07:51:07,,
v_4b9c2ba719,/subscribe,2026-07-23 08:05:10,twitter,joy.rogers920@gmail.com
v_34f3b0d18b,/news/hurricane-season-update,2026-07-23 08:16:40,instagram,
v_91a5f1e5cc,/shadrachs-picks,2026-07-23 08:17:07,,
v_1969d8a9a6,/beliefs,2026-07-23 08:28:57,,
v_b92cab244e,/subscribe,2026-07-23 08:41:13,twitter,esther.allen276@outlook.com
v_34f3b0d18b,/about,2026-07-23 08:50:40,,
v_a3cf0923bb,/shadrachs-picks,2026-07-23 08:51:02,instagram,
v_34f3b0d18b,/,2026-07-23 09:08:40,,
v_d0bffe8dc3,/news/midterm-primaries-recap,2026-07-23 09:44:15,facebook,
v_016a47b357,/subscribe,2026-07-23 09:48:19,,
v_91a5f1e5cc,/subscribe,2026-07-23 09:49:07,,leah.stewart166@outlook.com
v_63d91e807c,/,2026-07-23 09:54:25,google,
v_57bad48486,/subscribe,2026-07-23 10:08:28,facebook,OLIVIA.TAYLOR405@GMAIL.COM
v_7f5c736cb2,/,2026-07-23 10:13:22,google,
v_8128a27af4,/news/hurricane-season-update,2026-07-23 10:25:28,,
v_44ce9693fb,/,2026-07-23 10:33:33,,
v_2f8f528a7a,/subscribe,2026-07-23 10:58:42,,daniel.parker918@gmail.com
v_e4387cf95a,/news/housing-market-cooldown,2026-07-23 11:23:35,,
v_317d29b75a,/news/new-space-telescope-images,2026-07-23 11:52:46,referral,
v_317d29b75a,/subscribe,2026-07-23 11:55:46,,
v_317d29b75a,/subscribe,2026-07-23 12:35:46,,
v_a03439409b,/subscribe,2026-07-23 13:01:28,instagram,eli.stewart237@hotmail.com
v_4396b0a049,/,2026-07-23 13:15:45,,
v_dd73dedb02,/,2026-07-23 14:05:44,,
v_34f3b0d18b,/subscribe,2026-07-23 14:06:40,,rachel.cooper418@gmail.com
v_89d507c289,/news/ai-regulation-bill,2026-07-23 14:33:59,,
v_7534986b3d,/,2026-07-23 14:49:45,,
v_ea215b83ed,/,2026-07-23 14:54:36,,
v_f3f8f6bd2c,/,2026-07-23 15:52:17,,
v_78157322bb,/,2026-07-23 16:26:32,,
v_87034bfefd,/subscribe,2026-07-23 16:30:55,,
v_6d507a9c67,/subscribe,2026-07-23 17:15:58,google,julia.hall771@outlook.com
v_3691cf7cd8,/news/supreme-court-ruling-explained,2026-07-23 17:45:57,,
v_2936ac3ecb,/,2026-07-23 18:13:38,referral,
v_ae4850c85c,/subscribe,2026-07-23 18:24:59,,
v_d02f4ffe59,/news/what-is-happening-in-sudan,2026-07-23 18:34:54,instagram,
v_8dd896e947,/subscribe,2026-07-23 19:03:19,instagram,faith.martin437@gmail.com
v_2936ac3ecb,/subscribe,2026-07-23 19:04:38,,david.king31@hotmail.com
v_63d91e807c,/subscribe,2026-07-23 19:07:25,,olivia.roberts119@gmail.com
v_272291192d,/subscribe,2026-07-23 19:14:27,,
v_8fad01554b,/,2026-07-23 19:50:10,instagram,
v_1c7c8e4c58,/,2026-07-23 19:56:21,facebook,
v_73f82ee578,/beliefs,2026-07-23 20:16:49,,
v_3231da2b1c,/,2026-07-23 20:41:06,,
v_954ed84aed,/about,2026-07-23 20:53:06,,
v_47a1c2ee79,/news/ai-regulation-bill,2026-07-23 21:08:59,,
v_317d29b75a,/subscribe,2026-07-23 21:10:46,,chloe.scott122@gmail.com
v_1620f0f342,/shadrachs-picks,2026-07-23 21:47:20,instagram,
v_ad8016fd7a,/news/housing-market-cooldown,2026-07-23 21:50:36,instagram,
v_ad8016fd7a,/,2026-07-23 21:51:36,,
v_c25997d63e,/,2026-07-23 22:09:31,instagram,
v_0fb40d515d,/shadrachs-picks,2026-07-23 22:24:16,facebook,
v_503f9c38fd,/news/what-is-happening-in-sudan,2026-07-23 23:15:19,facebook,
v_5b75b5f7dc,/news/what-is-happening-in-sudan,2026-07-23 23:16:47,,
v_46b7c2dbd7,/news/federal-budget-standoff,2026-07-23 23:32:27,facebook,
v_22b00f4e0e,/,2026-07-23 23:43:29,,
v_89f077b252,/,2026-07-24 00:03:02,,
v_46b7c2dbd7,/beliefs,2026-07-24 00:06:27,,
v_54675462af,/news/housing-market-cooldown,2026-07-24 00:20:30,facebook,
v_46b7c2dbd7,/news/supreme-court-ruling-explained,2026-07-24 00:29:27,,
v_54675462af,/,2026-07-24 00:52:30,,
v_54675462af,/subscribe,2026-07-24 01:05:30,,
v_424236f615,/about,2026-07-24 01:07:42,facebook,
v_2f5e616080,/,2026-07-24 01:20:35,,
v_1f3aa1762b,/about,2026-07-24 01:21:39,instagram,
v_1f3aa1762b,/subscribe,2026-07-24 01:31:39,,noah.cook289@gmail.com
v_1f3aa1762b,/,2026-07-24 01:33:39,,
v_f34ff6b369,/,2026-07-24 01:38:15,,
v_54675462af,/subscribe,2026-07-24 01:44:30,,megan.nelson114@gmail.com
v_9008f18189,/,2026-07-24 01:56:53,facebook,
v_b33c28a23b,/news/federal-budget-standoff,2026-07-24 02:02:11,,
v_1f3aa1762b,/subscribe,2026-07-24 02:07:39,,
v_7b1e37d577,/,2026-07-24 02:24:20,,
v_46b7c2dbd7,/subscribe,2026-07-24 02:35:27,,JOHN.KING73@ICLOUD.COM
v_83dcd39f0f,/,2026-07-24 02:40:48,referral,
v_240a4807c5,/about,2026-07-24 02:50:33,facebook,
v_ad8016fd7a,/subscribe,2026-07-24 02:58:36,,caleb.king448@gmail.com
v_b458b8976a,/shadrachs-picks,2026-07-24 03:05:18,google,
v_42bb8ee69a,/,2026-07-24 03:35:10,google,
v_9008f18189,/subscribe,2026-07-24 03:54:53,,faith.wilson321@gmail.com
v_424236f615,/subscribe,2026-07-24 04:10:42,,rachel.cook734@gmail.com
v_c2724ef726,/,2026-07-24 04:34:02,,
v_654c54987c,/subscribe,2026-07-24 04:40:48,,
v_c2724ef726,/news/housing-market-cooldown,2026-07-24 04:41:02,,
v_41554f835e,/news/housing-market-cooldown,2026-07-24 05:10:59,,
v_c2724ef726,/news/ai-regulation-bill,2026-07-24 05:11:02,,
v_6b7e47afab,/subscribe,2026-07-24 05:16:18,,
v_d0bffe8dc3,/beliefs,2026-07-24 05:16:51,,
v_c53d909222,/subscribe,2026-07-24 06:51:42,,
v_cc590ba6a7,/news/new-space-telescope-images,2026-07-24 07:17:38,,
v_22b00f4e0e,/,2026-07-24 07:51:37,,
v_6e196f3f11,/news/what-is-happening-in-sudan,2026-07-24 08:37:53,instagram,
v_76c6e3af88,/news/supreme-court-ruling-explained,2026-07-24 08:45:34,twitter,
v_66890abd3b,/subscribe,2026-07-24 09:02:29,google,MATTHEW.ALLEN513@GMAIL.COM
v_6f3d7aaa06,/news/midterm-primaries-recap,2026-07-24 09:16:10,instagram,
v_6e196f3f11,/subscribe,2026-07-24 09:29:53,,DANIEL.DAVIS537@GMAIL.COM
v_3371670765,/news/midterm-primaries-recap,2026-07-24 09:33:39,,
v_6f3d7aaa06,/news/housing-market-cooldown,2026-07-24 09:48:10,,
v_9e87ef54ef,/news/federal-budget-standoff,2026-07-24 09:48:33,,
v_22dbb5da70,/,2026-07-24 10:04:55,,
v_83dcd39f0f,/subscribe,2026-07-24 10:07:48,,laura.cooper884@gmail.com
v_cd03cb9d8c,/subscribe,2026-07-24 10:08:19,,
v_42bb8ee69a,/subscribe,2026-07-24 10:27:10,,daniel.hill389@gmail.com
v_c2724ef726,/subscribe,2026-07-24 10:35:02,,michael.baker714@icloud.com
v_954ed84aed,/news/new-space-telescope-images,2026-07-24 10:48:17,,
v_075391978b,/subscribe,2026-07-24 10:59:52,facebook,
v_5b75b5f7dc,/news/new-space-telescope-images,2026-07-24 11:20:43,,
v_5f6f1c401d,/news/ai-regulation-bill,2026-07-24 11:38:23,referral,
v_5f6f1c401d,/news/church-attendance-study,2026-07-24 11:40:23,,
v_5f6f1c401d,/subscribe,2026-07-24 11:51:23,,
v_8750310d08,/subscribe,2026-07-24 11:52:03,,
v_30f9034b9a,/about,2026-07-24 12:55:34,instagram,
v_8bb31ac236,/our-staff,2026-07-24 13:14:29,,
v_25d1ccb8f5,/,2026-07-24 13:23:48,instagram,
v_01980b670a,/news/ai-regulation-bill,2026-07-24 13:51:45,,
v_25d1ccb8f5,/subscribe,2026-07-24 13:52:48,,david.collins708@protonmail.com
v_03d8a1f646,/news/supreme-court-ruling-explained,2026-07-24 13:56:35,,
v_25d1ccb8f5,/,2026-07-24 14:01:48,,
v_6f3d7aaa06,/subscribe,2026-07-24 14:35:10,,PAUL.STEWART456@GMAIL.COM
v_bf50f07d73,/about,2026-07-24 15:02:40,,
v_b89e1e1157,/news/midterm-primaries-recap,2026-07-24 15:12:21,,
v_ec9881bd9c,/beliefs,2026-07-24 15:21:06,google,
v_c1421ddf8a,/subscribe,2026-07-24 16:06:56,instagram,olivia.king491@gmail.com
v_7d3ec24549,/news/supreme-court-ruling-explained,2026-07-24 16:10:19,instagram,
v_76c6e3af88,/subscribe,2026-07-24 16:14:34,,emily.walker903@outlook.com
v_7d3ec24549,/,2026-07-24 16:33:19,,
v_aa6fabe6f6,/news/what-is-happening-in-sudan,2026-07-24 17:10:59,facebook,
v_7d3ec24549,/,2026-07-24 17:14:19,,
v_e57da9fad6,/subscribe,2026-07-24 17:27:36,,michael.edwards537@gmail.com
v_aa6fabe6f6,/subscribe,2026-07-24 17:32:59,,
v_5dbf9997d2,/shadrachs-picks,2026-07-24 17:41:33,facebook,
v_c1cccbfc9a,/news/federal-budget-standoff,2026-07-24 17:59:12,,
v_30f9034b9a,/subscribe,2026-07-24 18:18:34,,anna.roberts929@protonmail.com
v_5f6f1c401d,/subscribe,2026-07-24 18:34:23,,nathan.king894@gmail.com
v_4f8d32bd91,/about,2026-07-24 18:57:01,instagram,
v_94133220dc,/,2026-07-24 19:55:45,,
v_dddbba485a,/subscribe,2026-07-24 20:29:17,,
v_14d25971ac,/shadrachs-picks,2026-07-24 20:59:40,instagram,
v_b15b9a236a,/news/ai-regulation-bill,2026-07-24 21:10:05,instagram,
v_14d25971ac,/about,2026-07-24 21:36:40,,
v_145c7593b8,/about,2026-07-24 22:27:47,,
v_145c7593b8,/subscribe,2026-07-24 22:35:47,,aaron.jones370@gmail.com
v_8c61a4330b,/news/housing-market-cooldown,2026-07-24 22:50:23,,
v_fc2c54f749,/news/ai-regulation-bill,2026-07-24 23:28:10,podcast,
v_7d3ec24549,/subscribe,2026-07-25 00:10:19,,joshua.wright981@gmail.com
v_022358b83d,/subscribe,2026-07-25 01:45:41,instagram,laura.reed618@icloud.com
v_aa6fabe6f6,/subscribe,2026-07-25 01:48:59,,sarah.carter581@icloud.com
v_fc2c54f749,/subscribe,2026-07-25 02:40:10,,isaac.brown929@protonmail.com
v_22b00f4e0e,/subscribe,2026-07-25 02:41:21,,
v_36ffd8541d,/news/new-space-telescope-images,2026-07-25 03:19:13,instagram,
v_14d25971ac,/subscribe,2026-07-25 03:24:40,,naomi.peterson348@gmail.com
v_5b75b5f7dc,/,2026-07-25 04:30:51,,
v_c2724ef726,/,2026-07-25 04:45:54,,
v_8ec1dd37cd,/subscribe,2026-07-25 04:53:20,podcast,LYDIA.PARKER4@GMAIL.COM
v_3ae87fa5c9,/news/supreme-court-ruling-explained,2026-07-25 05:12:28,referral,
v_4a925757f4,/news/new-space-telescope-images,2026-07-25 05:12:44,,
v_32be9fd56a,/,2026-07-25 05:19:05,google,
v_aaa2a17994,/,2026-07-25 05:34:54,,
v_4996f3f47a,/news/what-is-happening-in-sudan,2026-07-25 06:14:55,facebook,
v_51bc01802a,/,2026-07-25 06:32:50,facebook,
v_7d3ec24549,/news/new-space-telescope-images,2026-07-25 06:41:17,,
v_f9c7a723f9,/,2026-07-25 06:48:52,,
v_3ae87fa5c9,/subscribe,2026-07-25 07:56:28,,mark.thomas8@gmail.com
v_36ffd8541d,/subscribe,2026-07-25 07:57:13,,caleb.baker39@gmail.com
v_d6cc09ef0b,/news/church-attendance-study,2026-07-25 08:07:31,google,
v_d6770c2c32,/shadrachs-picks,2026-07-25 08:29:38,,
v_263141c027,/,2026-07-25 09:15:19,,
v_66b8ed3d6f,/subscribe,2026-07-25 10:10:53,,
v_67ceed0c78,/news/ai-regulation-bill,2026-07-25 10:19:22,,
v_9a2ddd467b,/subscribe,2026-07-25 10:22:48,,michael.peterson241@protonmail.com
v_14d25971ac,/,2026-07-25 10:24:50,,
v_836193587c,/,2026-07-25 11:32:16,google,
v_3d523ae5e4,/,2026-07-25 11:37:42,,
v_4996f3f47a,/subscribe,2026-07-25 12:07:55,,JOHN.HILL91@GMAIL.COM
v_1f92f7e6aa,/,2026-07-25 12:15:41,,
v_b6d68a35fb,/news/new-space-telescope-images,2026-07-25 13:40:09,,
v_d6cc09ef0b,/subscribe,2026-07-25 14:00:31,,ben.evans670@gmail.com
v_13c555e504,/,2026-07-25 15:01:29,,
v_f9c7a723f9,/subscribe,2026-07-25 15:02:52,,john.morris397@gmail.com
v_3d523ae5e4,/shadrachs-picks,2026-07-25 15:31:55,,
v_41554f835e,/subscribe,2026-07-25 17:00:35,,
v_f98911dd6d,/,2026-07-25 18:21:03,instagram,
v_923d667f1f,/,2026-07-25 18:50:48,instagram,
v_bbf25a5d72,/news/world-series-preview,2026-07-25 20:05:49,,
v_fbff09e5e6,/shadrachs-picks,2026-07-25 20:07:05,instagram,
v_087f16ff95,/,2026-07-25 20:07:06,referral,
v_0ac09065fe,/,2026-07-25 20:30:58,instagram,
v_2102667026,/subscribe,2026-07-25 21:11:28,,
v_3b3efa4b0c,/,2026-07-25 21:11:40,facebook,
v_b33c28a23b,/,2026-07-25 21:27:18,,
v_128f3999d7,/about,2026-07-25 22:57:24,,
v_3f2d7eef1c,/news/church-attendance-study,2026-07-25 23:20:23,facebook,
v_fac13094c8,/,2026-07-25 23:43:26,,
v_923d667f1f,/subscribe,2026-07-26 00:45:48,,laura.johnson494@gmail.com
v_deb4ef5fcb,/,2026-07-26 01:07:51,,
v_a244acff1a,/news/ai-regulation-bill,2026-07-26 01:14:26,referral,
v_3f2d7eef1c,/subscribe,2026-07-26 01:18:23,,luke.lee148@hotmail.com
v_16e31099a2,/,2026-07-26 01:52:40,google,
v_16e31099a2,/,2026-07-26 02:11:40,,
v_0bc1e0ac66,/news/housing-market-cooldown,2026-07-26 02:29:35,podcast,
v_fbff09e5e6,/subscribe,2026-07-26 02:42:05,,andrew.lee731@gmail.com
v_a751e8e247,/,2026-07-26 03:30:24,,
v_a244acff1a,/subscribe,2026-07-26 04:46:26,,anna.lewis785@gmail.com
v_56596eda5f,/subscribe,2026-07-26 04:51:21,,
v_087f16ff95,/subscribe,2026-07-26 05:03:06,,ruth.edwards869@gmail.com
v_0ac09065fe,/subscribe,2026-07-26 05:06:58,,isaac.smith957@gmail.com
v_6e196f3f11,/news/hurricane-season-update,2026-07-26 05:15:50,,
v_0bc1e0ac66,/subscribe,2026-07-26 05:16:35,,hannah.peterson62@gmail.com
v_22b00f4e0e,/news/supreme-court-ruling-explained,2026-07-26 05:20:56,,
v_9d9d97067d,/news/world-series-preview,2026-07-26 05:31:11,,
v_e542c8e9cd,/news/midterm-primaries-recap,2026-07-26 05:42:25,facebook,
v_9210679088,/shadrachs-picks,2026-07-26 05:47:26,referral,
v_1a89cddcca,/subscribe,2026-07-26 07:28:38,google,
v_311bfb1b56,/shadrachs-picks,2026-07-26 07:50:57,google,
v_16e31099a2,/subscribe,2026-07-26 08:56:40,,mark.cook661@gmail.com
v_a327657b61,/news/church-attendance-study,2026-07-26 08:59:55,facebook,
v_bb56cf01b5,/news/new-space-telescope-images,2026-07-26 09:12:18,instagram,
v_5b75b5f7dc,/news/new-space-telescope-images,2026-07-26 09:20:06,,
v_010087bd2f,/news/what-is-happening-in-sudan,2026-07-26 09:48:31,instagram,
v_6fae6598d1,/,2026-07-26 09:51:49,,
v_bb56cf01b5,/,2026-07-26 09:54:18,,
v_bb56cf01b5,/subscribe,2026-07-26 09:56:18,,
v_9a587f37aa,/,2026-07-26 09:56:19,facebook,
v_b723670dad,/news/new-space-telescope-images,2026-07-26 10:48:20,twitter,
v_b723670dad,/shadrachs-picks,2026-07-26 11:17:20,,
v_447801e09d,/subscribe,2026-07-26 11:46:03,facebook,
v_b723670dad,/subscribe,2026-07-26 11:54:20,,
v_56760e83bf,/our-staff,2026-07-26 12:04:26,,
v_df2611bd0f,/news/hurricane-season-update,2026-07-26 12:09:04,referral,
v_b723670dad,/subscribe,2026-07-26 13:14:20,,sarah.young470@protonmail.com
v_9210679088,/subscribe,2026-07-26 13:31:26,,leah.thomas457@gmail.com
v_7fd4ed9090,/,2026-07-26 13:33:13,facebook,
v_5abc156a0e,/,2026-07-26 13:36:13,,
v_0680c2a41c,/news/world-series-preview,2026-07-26 14:14:50,instagram,
v_0680c2a41c,/shadrachs-picks,2026-07-26 14:55:50,,
v_7f0af694e4,/shadrachs-picks,2026-07-26 15:06:12,,
v_7f0af694e4,/subscribe,2026-07-26 15:15:12,,matthew.miller970@icloud.com
v_7f0af694e4,/,2026-07-26 15:27:12,,
v_533bf1737c,/subscribe,2026-07-26 15:49:20,instagram,leah.baker555@gmail.com
v_72a1d8ee1f,/news/what-is-happening-in-sudan,2026-07-26 16:23:25,,
v_c53d909222,/subscribe,2026-07-26 16:54:33,,
v_0680c2a41c,/subscribe,2026-07-26 16:54:50,,ethan.allen495@gmail.com
v_defb7fd337,/news/federal-budget-standoff,2026-07-26 17:07:45,referral,
v_defb7fd337,/news/supreme-court-ruling-explained,2026-07-26 17:17:45,,
v_defb7fd337,/news/church-attendance-study,2026-07-26 17:29:45,,
v_bb56cf01b5,/subscribe,2026-07-26 17:30:18,,naomi.mitchell501@protonmail.com
v_df2611bd0f,/subscribe,2026-07-26 17:58:04,,joshua.green3@yahoo.com
v_c75556ce1d,/news/hurricane-season-update,2026-07-26 18:10:08,instagram,
v_fcc82ea149,/,2026-07-26 20:08:21,,
v_603a8ea3a9,/news/world-series-preview,2026-07-26 20:13:02,instagram,
v_3cb9ab1087,/about,2026-07-26 20:48:01,instagram,
v_3cb9ab1087,/,2026-07-26 20:55:01,,
v_3cb9ab1087,/subscribe,2026-07-26 21:16:01,,eli.campbell924@yahoo.com
v_3cb9ab1087,/about,2026-07-26 21:35:01,,
v_d3ed841b5f,/news/housing-market-cooldown,2026-07-26 21:38:28,,
v_c75556ce1d,/subscribe,2026-07-26 21:42:08,,TIM.REED831@GMAIL.COM
v_6fe5642f71,/news/midterm-primaries-recap,2026-07-26 21:42:22,instagram,
v_defb7fd337,/subscribe,2026-07-26 22:16:45,,sam.cook133@gmail.com
v_03467c0c42,/news/housing-market-cooldown,2026-07-26 22:26:20,twitter,
v_22dbb5da70,/,2026-07-26 22:54:17,,
v_3cb9ab1087,/subscribe,2026-07-26 23:44:03,,
v_f93f838681,/,2026-07-27 00:05:04,instagram,
v_2170613fe4,/news/what-is-happening-in-sudan,2026-07-27 00:16:38,referral,
v_cb2e251937,/news/world-series-preview,2026-07-27 00:37:46,referral,
v_22b00f4e0e,/news/new-space-telescope-images,2026-07-27 00:38:41,,
v_cb2e251937,/subscribe,2026-07-27 01:09:46,,
v_cb2e251937,/news/supreme-court-ruling-explained,2026-07-27 01:20:46,,
v_3d8516839d,/news/what-is-happening-in-sudan,2026-07-27 01:21:49,instagram,
v_3d8516839d,/,2026-07-27 01:31:49,,
v_03467c0c42,/subscribe,2026-07-27 01:43:20,,jacob.hill138@gmail.com
v_dfa434c6ad,/subscribe,2026-07-27 03:05:55,facebook,ruth.lewis357@gmail.com
v_9e905bd7e2,/subscribe,2026-07-27 03:11:15,google,peter.lee936@gmail.com
v_bcec2b6158,/news/what-is-happening-in-sudan,2026-07-27 03:15:36,instagram,
v_76a4f6705c,/news/federal-budget-standoff,2026-07-27 03:37:06,google,
v_b496b4b547,/news/supreme-court-ruling-explained,2026-07-27 03:56:28,,
v_a01f2ef982,/news/midterm-primaries-recap,2026-07-27 05:33:58,,
v_ab34ed9837,/news/midterm-primaries-recap,2026-07-27 05:35:51,,
v_fd7650c10d,/news/supreme-court-ruling-explained,2026-07-27 06:14:58,,
v_210f245b3b,/news/church-attendance-study,2026-07-27 06:48:33,,
v_6fe5642f71,/subscribe,2026-07-27 07:15:22,,andrew.smith326@gmail.com
v_3d8516839d,/subscribe,2026-07-27 07:35:49,,isaac.wright563@gmail.com
v_aece760187,/news/what-is-happening-in-sudan,2026-07-27 07:48:34,,
v_9008f18189,/news/housing-market-cooldown,2026-07-27 08:17:27,,
v_56e6a2326c,/subscribe,2026-07-27 08:29:08,,
v_0917c16058,/subscribe,2026-07-27 08:46:03,instagram,NOAH.EDWARDS544@GMAIL.COM
v_74414a9940,/beliefs,2026-07-27 09:22:20,facebook,
v_365095ea32,/news/federal-budget-standoff,2026-07-27 09:30:24,,
v_11be6c0e64,/,2026-07-27 09:36:13,instagram,
v_2170613fe4,/subscribe,2026-07-27 09:45:38,,mary.king827@yahoo.com
v_babb52b34f,/news/church-attendance-study,2026-07-27 09:51:27,instagram,
v_5e507165b6,/news/world-series-preview,2026-07-27 09:56:47,referral,
v_11be6c0e64,/shadrachs-picks,2026-07-27 10:04:13,,
v_087f16ff95,/news/midterm-primaries-recap,2026-07-27 10:06:05,,
v_11be6c0e64,/,2026-07-27 10:19:13,,
v_cb2e251937,/subscribe,2026-07-27 10:22:46,,mark.allen717@yahoo.com
v_6c8498cf8c,/news/new-space-telescope-images,2026-07-27 11:28:06,,
v_e4a0691503,/shadrachs-picks,2026-07-27 11:45:10,instagram,
v_bf33c46895,/news/midterm-primaries-recap,2026-07-27 11:54:22,referral,
v_c5510b04b8,/subscribe,2026-07-27 12:10:00,facebook,PETER.LEWIS771@OUTLOOK.COM
v_bf33c46895,/,2026-07-27 12:11:22,,
v_fd2f8df98e,/news/supreme-court-ruling-explained,2026-07-27 12:24:57,,
v_bf33c46895,/about,2026-07-27 12:35:22,,
v_6156ac54e6,/,2026-07-27 13:14:51,,
v_0ab98ec1aa,/about,2026-07-27 13:39:30,,
v_a4e2f87078,/,2026-07-27 13:49:38,facebook,
v_a4e2f87078,/news/church-attendance-study,2026-07-27 13:54:38,,
v_5e507165b6,/subscribe,2026-07-27 14:06:47,,ethan.taylor122@gmail.com
v_1cf26afa62,/news/hurricane-season-update,2026-07-27 14:23:25,referral,
v_1cf26afa62,/subscribe,2026-07-27 14:24:25,,
v_1804725ec0,/subscribe,2026-07-27 14:47:26,,
v_087f16ff95,/beliefs,2026-07-27 15:19:39,,
v_e4ffea090c,/shadrachs-picks,2026-07-27 16:21:56,twitter,
v_11be6c0e64,/subscribe,2026-07-27 16:27:13,,seth.lee300@gmail.com
v_ca961e670e,/news/what-is-happening-in-sudan,2026-07-27 16:28:38,,
v_405e131a2d,/news/what-is-happening-in-sudan,2026-07-27 16:38:35,twitter,
v_957f3e61e8,/,2026-07-27 16:49:23,,
v_bf33c46895,/subscribe,2026-07-27 18:04:22,,sarah.hall370@icloud.com
v_654c54987c,/,2026-07-27 18:09:32,,
v_08c59dd8ee,/news/church-attendance-study,2026-07-27 18:35:29,facebook,
v_d2b9c02ed0,/about,2026-07-27 18:39:25,google,
v_a4e2f87078,/subscribe,2026-07-27 19:10:38,,hope.davis399@gmail.com
v_1cf26afa62,/subscribe,2026-07-27 19:58:25,,seth.brown806@outlook.com
v_2f5e616080,/subscribe,2026-07-27 20:35:54,,
v_026c2c41cd,/,2026-07-27 21:55:33,facebook,
v_405e131a2d,/subscribe,2026-07-27 22:07:35,,noah.taylor800@gmail.com
v_e4ffea090c,/subscribe,2026-07-27 22:10:56,,noah.bailey254@protonmail.com
v_ea99c175d4,/news/federal-budget-standoff,2026-07-27 22:24:41,,
v_499daf6735,/news/housing-market-cooldown,2026-07-27 22:27:22,,
v_38458fc902,/,2026-07-27 22:30:26,,
v_ca961e670e,/subscribe,2026-07-27 22:37:28,,
v_992e14053d,/,2026-07-27 22:44:32,facebook,
v_499daf6735,/,2026-07-27 22:52:22,,
v_a4e2f87078,/,2026-07-27 23:01:00,,
v_58fd808f26,/about,2026-07-28 00:19:22,,
v_a4e2f87078,/subscribe,2026-07-28 00:21:46,,
v_58fd808f26,/,2026-07-28 00:50:22,,
v_6d964f9e32,/our-staff,2026-07-28 01:03:38,,
v_7d17790eaa,/news/midterm-primaries-recap,2026-07-28 01:29:20,,
v_992e14053d,/subscribe,2026-07-28 02:31:32,,anna.stewart857@outlook.com
v_499daf6735,/subscribe,2026-07-28 02:57:22,,RACHEL.SCOTT836@PROTONMAIL.COM
v_24da061904,/news/hurricane-season-update,2026-07-28 03:16:17,,
v_f98911dd6d,/subscribe,2026-07-28 04:21:08,,
v_cb8e8702a7,/news/supreme-court-ruling-explained,2026-07-28 04:37:16,google,
v_3001778917,/news/ai-regulation-bill,2026-07-28 04:43:22,instagram,
v_3001778917,/news/ai-regulation-bill,2026-07-28 05:22:22,,
v_3f9df59a3f,/news/midterm-primaries-recap,2026-07-28 05:23:33,google,
v_026c2c41cd,/subscribe,2026-07-28 05:42:33,,eli.mitchell678@outlook.com
v_3f9df59a3f,/,2026-07-28 05:44:33,,
v_410e6a3f15,/subscribe,2026-07-28 06:04:43,podcast,joy.clark136@gmail.com
v_3001778917,/subscribe,2026-07-28 06:07:22,,
v_3f9df59a3f,/news/housing-market-cooldown,2026-07-28 06:24:33,,
v_5aa4fb9858,/news/midterm-primaries-recap,2026-07-28 06:36:48,facebook,
v_6d441d3138,/,2026-07-28 06:50:32,,
v_2b40d13c9c,/news/federal-budget-standoff,2026-07-28 07:07:13,,
v_58c0513c08,/news/church-attendance-study,2026-07-28 07:44:12,referral,
v_da325bbd97,/,2026-07-28 07:52:37,,
v_72a1d8ee1f,/subscribe,2026-07-28 08:31:48,,
v_fb01d215b5,/about,2026-07-28 08:39:19,facebook,
v_fb01d215b5,/subscribe,2026-07-28 09:05:19,,
v_3001778917,/subscribe,2026-07-28 09:33:22,,emily.cooper93@gmail.com
v_fb01d215b5,/subscribe,2026-07-28 09:49:19,,
v_00d7613d4b,/news/ai-regulation-bill,2026-07-28 10:02:22,referral,
v_58fd808f26,/subscribe,2026-07-28 10:10:22,,aaron.taylor637@gmail.com
v_00d7613d4b,/subscribe,2026-07-28 10:27:22,,
v_00d7613d4b,/news/midterm-primaries-recap,2026-07-28 10:54:22,,
v_3d55e1d787,/news/housing-market-cooldown,2026-07-28 11:02:46,,
v_9b22ffb787,/news/world-series-preview,2026-07-28 11:05:32,,
v_5aa4fb9858,/subscribe,2026-07-28 11:38:48,,naomi.roberts44@gmail.com
v_1f92f7e6aa,/news/supreme-court-ruling-explained,2026-07-28 11:54:00,google,
v_3f9df59a3f,/subscribe,2026-07-28 12:03:33,,aaron.bell239@gmail.com
v_d4514bb8c9,/,2026-07-28 12:04:56,podcast,
v_aaf210eaef,/news/church-attendance-study,2026-07-28 12:40:52,,
v_d4514bb8c9,/news/ai-regulation-bill,2026-07-28 12:40:56,,
v_11726d5e57,/shadrachs-picks,2026-07-28 12:57:21,instagram,
v_fb01d215b5,/subscribe,2026-07-28 13:01:19,,julia.peterson232@gmail.com
v_058e0e5e14,/news/church-attendance-study,2026-07-28 13:29:08,,
v_11726d5e57,/news/church-attendance-study,2026-07-28 13:30:21,,
v_64ad340cd0,/,2026-07-28 13:38:16,instagram,
v_64ad340cd0,/about,2026-07-28 13:46:16,,
v_64ad340cd0,/news/world-series-preview,2026-07-28 14:04:16,,
v_00d7613d4b,/subscribe,2026-07-28 14:12:22,,chloe.stewart737@gmail.com
v_19799ee79e,/,2026-07-28 14:33:17,,
v_6a01eda89f,/shadrachs-picks,2026-07-28 14:52:56,,
v_d4514bb8c9,/subscribe,2026-07-28 15:00:56,,nathan.lee359@gmail.com
v_3eb01082cc,/,2026-07-28 15:24:42,,
v_11726d5e57,/subscribe,2026-07-28 16:40:21,,julia.taylor729@icloud.com
v_446050d8a1,/news/federal-budget-standoff,2026-07-28 16:48:03,,
v_58c0513c08,/subscribe,2026-07-28 16:50:12,,tim.reed330@gmail.com
v_97a67a3f68,/subscribe,2026-07-28 16:55:03,instagram,HANNAH.DAVIS555@GMAIL.COM
v_3650af02b1,/,2026-07-28 16:59:05,google,
v_fa1c9a9a57,/news/midterm-primaries-recap,2026-07-28 17:01:52,facebook,
v_3d523ae5e4,/shadrachs-picks,2026-07-28 17:04:08,,
v_184bc66ed6,/about,2026-07-28 17:12:11,instagram,
v_03d8a1f646,/,2026-07-28 17:18:24,,
v_32ee968b02,/,2026-07-28 17:18:44,,
v_fa1c9a9a57,/subscribe,2026-07-28 17:22:52,,michael.miller182@gmail.com
v_9b22ffb787,/subscribe,2026-07-28 17:26:32,,hope.carter220@hotmail.com
v_127cda9502,/news/housing-market-cooldown,2026-07-28 17:30:52,facebook,
v_503f9c38fd,/shadrachs-picks,2026-07-28 17:34:36,,
v_03d22b0b24,/our-staff,2026-07-28 17:45:59,,
v_127cda9502,/,2026-07-28 18:00:52,,
v_31fe8e9078,/,2026-07-28 18:03:31,podcast,
v_31fe8e9078,/,2026-07-28 18:33:31,,
v_184bc66ed6,/subscribe,2026-07-28 18:38:11,,noah.roberts449@protonmail.com
v_127cda9502,/subscribe,2026-07-28 18:45:52,,
v_3d523ae5e4,/news/church-attendance-study,2026-07-28 19:25:55,,
v_3ae87fa5c9,/shadrachs-picks,2026-07-28 19:29:19,,
v_4d5cc52d31,/subscribe,2026-07-28 19:31:04,facebook,rachel.baker441@gmail.com
v_2f38ab3064,/,2026-07-28 19:33:54,,
v_499041bf12,/news/church-attendance-study,2026-07-28 19:34:46,twitter,
v_64ad340cd0,/subscribe,2026-07-28 19:57:16,,daniel.anderson222@outlook.com
v_499041bf12,/shadrachs-picks,2026-07-28 20:07:46,,
v_499041bf12,/,2026-07-28 20:29:46,,
v_3ae87fa5c9,/,2026-07-28 20:35:18,,
v_505ccc1a60,/news/new-space-telescope-images,2026-07-28 20:56:45,facebook,
v_2658f684f7,/news/church-attendance-study,2026-07-28 21:00:34,facebook,
v_2658f684f7,/subscribe,2026-07-28 21:34:34,,
v_7b1ba7a0fd,/,2026-07-28 21:53:24,,
v_cc590ba6a7,/news/what-is-happening-in-sudan,2026-07-28 22:50:47,,
v_a751e8e247,/,2026-07-28 23:06:42,,
v_499041bf12,/subscribe,2026-07-28 23:25:46,,noah.lee496@gmail.com
v_fd8f8cf41a,/news/midterm-primaries-recap,2026-07-29 00:14:44,facebook,
v_31fe8e9078,/subscribe,2026-07-29 00:25:31,,aaron.green311@icloud.com
v_0105e5cbbd,/news/ai-regulation-bill,2026-07-29 00:46:40,referral,
v_0105e5cbbd,/news/hurricane-season-update,2026-07-29 00:47:40,,
v_7bb0f467a8,/,2026-07-29 01:03:22,,
v_e2a969a223,/news/housing-market-cooldown,2026-07-29 01:21:27,instagram,
v_43bc86f306,/about,2026-07-29 01:21:34,,
v_0105e5cbbd,/news/new-space-telescope-images,2026-07-29 01:21:40,,
v_0105e5cbbd,/subscribe,2026-07-29 01:21:40,,hannah.adams474@gmail.com
v_822fc7deea,/subscribe,2026-07-29 01:45:21,,
v_127cda9502,/subscribe,2026-07-29 02:15:52,,paul.clark920@icloud.com
v_fd8f8cf41a,/subscribe,2026-07-29 03:08:44,,jacob.mitchell347@gmail.com
v_95d117e728,/,2026-07-29 03:52:00,,
v_505ccc1a60,/subscribe,2026-07-29 03:52:45,,zoe.turner395@gmail.com
v_2658f684f7,/subscribe,2026-07-29 04:14:34,,abigail.anderson100@gmail.com
v_5dde7a9e46,/news/ai-regulation-bill,2026-07-29 04:22:01,referral,
v_76486e2c54,/news/ai-regulation-bill,2026-07-29 04:39:45,,
v_6c8498cf8c,/news/church-attendance-study,2026-07-29 04:59:31,,
v_620dfc1c26,/news/new-space-telescope-images,2026-07-29 05:19:59,,
v_a347261200,/news/church-attendance-study,2026-07-29 05:27:38,google,
v_c976a9aa05,/news/new-space-telescope-images,2026-07-29 05:34:58,,
v_a347261200,/subscribe,2026-07-29 06:01:38,,
v_a347261200,/,2026-07-29 06:30:38,,
v_1136331766,/news/world-series-preview,2026-07-29 06:34:44,instagram,
v_503f9c38fd,/subscribe,2026-07-29 06:48:00,instagram,
v_7b1ba7a0fd,/subscribe,2026-07-29 06:53:24,,esther.brown884@outlook.com
v_a347261200,/subscribe,2026-07-29 07:04:38,,claire.davis274@hotmail.com
v_3ebd6b745e,/,2026-07-29 07:16:36,instagram,
v_2de944497a,/subscribe,2026-07-29 07:24:14,,
v_3ebd6b745e,/about,2026-07-29 07:28:36,,
v_e323c9901b,/news/hurricane-season-update,2026-07-29 07:44:41,referral,
v_934a9668a5,/,2026-07-29 08:12:57,,
v_212dfff78a,/news/church-attendance-study,2026-07-29 08:25:09,,
v_c75556ce1d,/news/hurricane-season-update,2026-07-29 08:31:15,,
v_f29d782979,/news/hurricane-season-update,2026-07-29 08:32:27,instagram,
v_bd19aed95b,/,2026-07-29 09:02:42,,
v_6d441d3138,/beliefs,2026-07-29 09:10:03,,
v_1136331766,/subscribe,2026-07-29 11:05:44,,megan.lewis464@gmail.com
v_a8c4c643cb,/news/church-attendance-study,2026-07-29 11:22:15,instagram,
v_3d523ae5e4,/,2026-07-29 12:24:48,,
v_f34ff6b369,/news/midterm-primaries-recap,2026-07-29 12:28:39,facebook,
v_46b7c2dbd7,/,2026-07-29 12:37:31,,
v_3e6c62b057,/about,2026-07-29 12:45:57,instagram,
v_2c509c08f0,/,2026-07-29 13:22:48,,
v_5dde7a9e46,/subscribe,2026-07-29 13:29:01,,CALEB.BELL743@GMAIL.COM
v_6a664cb826,/,2026-07-29 13:38:29,,
v_845b7e29cb,/news/midterm-primaries-recap,2026-07-29 13:39:15,,
v_031207709c,/news/housing-market-cooldown,2026-07-29 13:42:17,instagram,
v_67ceed0c78,/news/federal-budget-standoff,2026-07-29 14:05:55,,
v_0dfcc495ce,/subscribe,2026-07-29 14:20:07,facebook,ellie.clark198@gmail.com
v_6d441d3138,/news/hurricane-season-update,2026-07-29 14:25:50,,
v_5bc8f433bb,/news/world-series-preview,2026-07-29 14:35:54,facebook,
v_3f4e60e9b1,/news/church-attendance-study,2026-07-29 14:58:59,,
v_4b804d8a2b,/,2026-07-29 15:18:44,google,
v_644b9840c5,/news/new-space-telescope-images,2026-07-29 15:37:36,instagram,
v_e323c9901b,/subscribe,2026-07-29 15:38:41,,julia.stewart252@protonmail.com
v_9634f2b21e,/news/ai-regulation-bill,2026-07-29 15:51:10,,
v_d63057fa5c,/news/federal-budget-standoff,2026-07-29 16:07:10,facebook,
v_d63057fa5c,/shadrachs-picks,2026-07-29 16:33:10,,
v_c952d2eab1,/shadrachs-picks,2026-07-29 16:49:26,facebook,
v_c952d2eab1,/shadrachs-picks,2026-07-29 17:08:26,,
v_bb56cf01b5,/,2026-07-29 17:11:50,,
v_3ebd6b745e,/subscribe,2026-07-29 17:13:36,,caleb.johnson17@gmail.com
v_a8c4c643cb,/subscribe,2026-07-29 18:18:15,,nathan.hall103@gmail.com
v_943b7ee7c5,/news/world-series-preview,2026-07-29 19:05:19,instagram,
v_3e6c62b057,/subscribe,2026-07-29 19:10:57,,kate.scott50@gmail.com
v_c72a7bbeb0,/subscribe,2026-07-29 19:29:49,instagram,
v_8001849cad,/news/what-is-happening-in-sudan,2026-07-29 19:34:27,facebook,
v_f023360b4e,/subscribe,2026-07-29 19:51:50,,
v_5b75b5f7dc,/news/ai-regulation-bill,2026-07-29 20:03:14,,
v_ab34ed9837,/,2026-07-29 22:02:55,,
v_51bc01802a,/beliefs,2026-07-29 22:22:09,,
v_d63057fa5c,/subscribe,2026-07-29 22:48:10,,ruth.morgan839@gmail.com
v_c952d2eab1,/subscribe,2026-07-29 23:12:26,,james.stewart472@gmail.com
v_19799ee79e,/shadrachs-picks,2026-07-29 23:47:13,,
v_72746e27e1,/news/federal-budget-standoff,2026-07-30 00:13:49,instagram,
v_937f506ef5,/,2026-07-30 00:22:40,facebook,
v_2c6ed79df4,/news/hurricane-season-update,2026-07-30 00:23:59,,
v_d6770c2c32,/news/ai-regulation-bill,2026-07-30 00:31:00,,
v_5e98bcc939,/news/new-space-telescope-images,2026-07-30 00:45:59,instagram,
v_8fe257449a,/news/housing-market-cooldown,2026-07-30 00:56:10,google,
v_3ae87fa5c9,/about,2026-07-30 01:06:25,,
v_943b7ee7c5,/subscribe,2026-07-30 01:30:19,,ethan.young63@gmail.com
v_bada8a06e1,/news/church-attendance-study,2026-07-30 01:38:10,facebook,
v_b072e2d267,/news/new-space-telescope-images,2026-07-30 02:17:53,,
v_73d7504532,/about,2026-07-30 02:43:53,,
v_8001849cad,/subscribe,2026-07-30 02:47:27,,mark.adams419@gmail.com
v_39325d6547,/about,2026-07-30 03:06:01,,
v_6156ac54e6,/news/supreme-court-ruling-explained,2026-07-30 04:12:01,,
v_2d2ad46514,/beliefs,2026-07-30 04:34:11,,
v_3e6c62b057,/subscribe,2026-07-30 04:43:45,,
v_455cd01811,/subscribe,2026-07-30 05:30:46,google,
v_b458b8976a,/news/housing-market-cooldown,2026-07-30 05:43:13,instagram,
v_dd08d914ac,/news/church-attendance-study,2026-07-30 05:54:08,google,
v_5e98bcc939,/subscribe,2026-07-30 06:09:59,,olivia.campbell580@outlook.com
v_365095ea32,/,2026-07-30 06:39:48,,
v_937f506ef5,/subscribe,2026-07-30 07:10:40,,john.clark11@gmail.com
v_d553db3e11,/news/world-series-preview,2026-07-30 07:26:49,referral,
v_d553db3e11,/subscribe,2026-07-30 07:54:49,,leah.parker391@yahoo.com
v_e323c9901b,/,2026-07-30 08:01:53,,
v_d553db3e11,/news/supreme-court-ruling-explained,2026-07-30 08:06:49,,
v_080faabc6b,/news/church-attendance-study,2026-07-30 09:03:20,,
v_a58e5d1e83,/subscribe,2026-07-30 09:19:36,instagram,
v_d4514bb8c9,/,2026-07-30 10:21:46,,
v_fc2d9e782e,/,2026-07-30 10:25:49,,
v_111c86a4aa,/subscribe,2026-07-30 10:29:58,google,naomi.scott371@gmail.com
v_2f5e616080,/beliefs,2026-07-30 10:30:43,,
v_29d8a6e8e3,/,2026-07-30 10:42:45,,
v_98fefb99bf,/,2026-07-30 12:01:21,,
v_806eea1b0f,/news/ai-regulation-bill,2026-07-30 12:14:39,,
v_28b4880220,/our-staff,2026-07-30 12:19:30,,
v_dd08d914ac,/subscribe,2026-07-30 12:23:08,,joy.williams119@gmail.com
v_b5ef12de2e,/news/what-is-happening-in-sudan,2026-07-30 12:40:44,,
v_f023360b4e,/news/housing-market-cooldown,2026-07-30 12:45:05,,
v_04e4ce7b98,/news/midterm-primaries-recap,2026-07-30 13:15:39,facebook,
v_05800f2f71,/news/housing-market-cooldown,2026-07-30 13:31:57,facebook,
v_04e4ce7b98,/beliefs,2026-07-30 13:38:39,,
v_43b9505363,/news/world-series-preview,2026-07-30 13:40:42,google,
v_05800f2f71,/,2026-07-30 13:42:57,,
v_b6d68a35fb,/,2026-07-30 13:59:40,,
v_05800f2f71,/subscribe,2026-07-30 14:31:57,,john.clark945@icloud.com
v_28b4880220,/,2026-07-30 15:08:17,,
v_eb8b2afe11,/,2026-07-30 15:21:07,,
v_08f344785a,/subscribe,2026-07-30 15:35:45,facebook,luke.martin315@icloud.com
v_6e196f3f11,/,2026-07-30 16:29:14,,
v_94133220dc,/subscribe,2026-07-30 16:53:08,google,
v_94508c91ca,/subscribe,2026-07-30 17:13:39,google,
v_e5232496a9,/,2026-07-30 17:31:40,,
v_001b24b641,/news/federal-budget-standoff,2026-07-30 17:35:33,,
v_93a6213a5b,/subscribe,2026-07-30 17:50:31,,
v_a8e2b9fe46,/news/ai-regulation-bill,2026-07-30 17:54:15,,
v_04e4ce7b98,/subscribe,2026-07-30 17:57:39,,aaron.carter368@icloud.com
v_272dcffb24,/,2026-07-30 18:34:13,,
v_001b24b641,/subscribe,2026-07-30 18:34:33,,leah.parker372@gmail.com
v_91ed8a93c3,/shadrachs-picks,2026-07-30 18:36:50,instagram,
v_c3fb1496b7,/subscribe,2026-07-30 18:42:09,,
v_262aace039,/news/what-is-happening-in-sudan,2026-07-30 19:17:35,instagram,
v_afd1a9577f,/,2026-07-30 19:23:17,twitter,
v_d6770c2c32,/news/midterm-primaries-recap,2026-07-30 19:27:58,,
v_afd1a9577f,/,2026-07-30 19:40:17,,
v_262aace039,/,2026-07-30 19:42:35,,
v_7229401156,/,2026-07-30 19:50:41,google,
v_ba38f3eb7e,/about,2026-07-30 20:03:30,,
v_7229401156,/subscribe,2026-07-30 20:03:41,,
v_7229401156,/news/ai-regulation-bill,2026-07-30 20:05:41,,
v_262aace039,/subscribe,2026-07-30 20:21:35,,mark.anderson705@gmail.com
v_de9f0f5317,/our-staff,2026-07-30 20:23:54,,
v_bf856dfd0d,/news/ai-regulation-bill,2026-07-30 20:33:57,,
v_5b75b5f7dc,/subscribe,2026-07-30 20:58:46,,
v_3d523ae5e4,/,2026-07-30 21:20:08,,
v_1191739379,/,2026-07-30 21:32:49,facebook,
v_6d964f9e32,/,2026-07-30 21:53:48,,
v_1191739379,/,2026-07-30 22:05:49,,
v_68c8c5d741,/news/supreme-court-ruling-explained,2026-07-30 22:08:23,referral,
v_1191739379,/subscribe,2026-07-30 22:10:49,,
v_2f8f528a7a,/news/federal-budget-standoff,2026-07-30 22:22:55,,
v_68c8c5d741,/news/housing-market-cooldown,2026-07-30 22:28:23,,
v_ca021ce270,/news/federal-budget-standoff,2026-07-30 23:23:29,,
v_7534986b3d,/subscribe,2026-07-30 23:52:47,,
v_b23ce63ed6,/shadrachs-picks,2026-07-31 00:17:14,instagram,
v_143ce48fed,/news/new-space-telescope-images,2026-07-31 00:21:01,google,
v_1191739379,/subscribe,2026-07-31 00:43:49,,kate.evans60@yahoo.com
v_7229401156,/subscribe,2026-07-31 01:22:41,,nathan.cooper961@gmail.com
v_ab34ed9837,/subscribe,2026-07-31 01:23:13,,
v_c6caf86ef6,/news/church-attendance-study,2026-07-31 02:35:24,google,
v_afd1a9577f,/subscribe,2026-07-31 03:11:17,,chloe.mitchell751@icloud.com
v_e259eb0c9f,/subscribe,2026-07-31 03:49:15,,
v_91ed8a93c3,/subscribe,2026-07-31 04:12:50,,matthew.green591@gmail.com
v_1f25d27480,/beliefs,2026-07-31 04:17:30,instagram,
v_b23ce63ed6,/subscribe,2026-07-31 04:41:14,,anna.miller165@gmail.com
v_093c24a483,/news/church-attendance-study,2026-07-31 05:10:25,referral,
v_7f5c736cb2,/subscribe,2026-07-31 05:46:03,facebook,
v_9d9d97067d,/beliefs,2026-07-31 05:53:28,,
v_d2148559bc,/news/new-space-telescope-images,2026-07-31 05:54:59,referral,
v_3d8516839d,/news/new-space-telescope-images,2026-07-31 06:11:01,,
v_d2148559bc,/,2026-07-31 06:28:59,,
v_01388e2717,/subscribe,2026-07-31 06:45:41,referral,naomi.bailey954@gmail.com
v_68c8c5d741,/subscribe,2026-07-31 06:55:23,,james.campbell539@gmail.com
v_5f4ac17c6b,/,2026-07-31 07:20:03,google,
v_5f4ac17c6b,/subscribe,2026-07-31 07:25:03,,
v_bef94737a7,/subscribe,2026-07-31 07:25:21,instagram,
v_e4387cf95a,/subscribe,2026-07-31 07:26:50,,
v_3f9df59a3f,/news/housing-market-cooldown,2026-07-31 07:30:09,,
v_5f4ac17c6b,/subscribe,2026-07-31 07:33:03,,
v_7fd4ed9090,/,2026-07-31 07:33:10,,
v_ddeb7b1b9c,/subscribe,2026-07-31 08:10:37,google,faith.morris553@hotmail.com
v_093c24a483,/subscribe,2026-07-31 08:17:25,,NAOMI.ADAMS748@GMAIL.COM
v_7534986b3d,/,2026-07-31 08:29:44,,
v_a4e2f87078,/beliefs,2026-07-31 08:39:44,,
v_c75556ce1d,/about,2026-07-31 09:02:07,,
v_0105e5cbbd,/,2026-07-31 09:19:43,,
v_d2b9c02ed0,/news/supreme-court-ruling-explained,2026-07-31 09:41:12,facebook,
v_b9f9a9d0fc,/news/church-attendance-study,2026-07-31 09:44:01,,
v_1f92f7e6aa,/subscribe,2026-07-31 10:03:39,,
v_821cf47dc8,/subscribe,2026-07-31 11:01:29,google,NAOMI.MOORE644@GMAIL.COM
v_9dd1472288,/news/supreme-court-ruling-explained,2026-07-31 11:02:30,,
v_4396b0a049,/beliefs,2026-07-31 11:24:36,,
v_1c7c8e4c58,/subscribe,2026-07-31 11:50:33,facebook,
v_94aa69f112,/,2026-07-31 11:50:59,facebook,
v_94aa69f112,/subscribe,2026-07-31 12:09:59,,JOSHUA.BAKER213@GMAIL.COM
v_4396b0a049,/,2026-07-31 12:16:49,,
v_58c0513c08,/,2026-07-31 12:32:29,,
v_3e6c62b057,/news/ai-regulation-bill,2026-07-31 12:46:29,,
v_51516147e7,/,2026-07-31 12:49:02,facebook,
v_4cae44a35e,/,2026-07-31 14:01:51,google,
v_5b75b5f7dc,/news/midterm-primaries-recap,2026-07-31 14:04:49,,
v_3e6c62b057,/news/hurricane-season-update,2026-07-31 14:23:12,,
v_d2148559bc,/subscribe,2026-07-31 14:23:59,,zoe.king426@gmail.com
v_3d55e1d787,/subscribe,2026-07-31 14:28:10,,
v_10c651198d,/news/world-series-preview,2026-07-31 14:36:30,google,
v_73f82ee578,/news/housing-market-cooldown,2026-07-31 14:38:35,,
v_10c651198d,/,2026-07-31 14:43:30,,
v_c7878ec0a5,/subscribe,2026-07-31 15:10:29,google,MEGAN.ALLEN579@PROTONMAIL.COM
v_10c651198d,/,2026-07-31 15:20:30,,
v_5f4ac17c6b,/subscribe,2026-07-31 15:59:03,,megan.johnson433@hotmail.com
v_e4a0691503,/subscribe,2026-07-31 16:37:31,,
v_10c651198d,/subscribe,2026-07-31 17:47:30,,joshua.clark120@gmail.com
v_4354256820,/news/ai-regulation-bill,2026-07-31 18:19:16,,
v_3d55e1d787,/,2026-07-31 18:19:49,,
v_087f16ff95,/,2026-07-31 18:24:50,,
v_ea99c175d4,/,2026-07-31 18:48:25,,
v_8359c0d1fd,/,2026-07-31 18:50:08,facebook,
v_72a1d8ee1f,/about,2026-07-31 18:50:24,,
v_4354256820,/news/church-attendance-study,2026-07-31 19:01:16,,
v_b6706073b2,/,2026-07-31 20:39:41,google,
v_4cae44a35e,/subscribe,2026-07-31 20:52:51,,caleb.evans388@gmail.com
v_aa21c21077,/news/federal-budget-standoff,2026-07-31 21:21:22,,
v_7a70632331,/,2026-07-31 21:23:07,instagram,
v_4354256820,/subscribe,2026-07-31 21:24:16,,luke.bell421@gmail.com
v_d2148559bc,/news/what-is-happening-in-sudan,2026-07-31 21:29:39,,
v_5abc156a0e,/,2026-07-31 22:49:19,,
v_6a3b2d6143,/news/midterm-primaries-recap,2026-07-31 23:17:32,instagram,
v_d0ab406a93,/subscribe,2026-07-31 23:40:22,twitter,caleb.hall284@icloud.com
v_e77d7874ae,/news/housing-market-cooldown,2026-08-01 00:03:56,facebook,
v_333ae21619,/subscribe,2026-08-01 00:19:20,facebook,
v_e77d7874ae,/,2026-08-01 00:27:56,,
v_a751e8e247,/shadrachs-picks,2026-08-01 00:43:10,,
v_776c5d2b5c,/,2026-08-01 00:46:15,,
v_e77d7874ae,/news/supreme-court-ruling-explained,2026-08-01 01:12:56,,
v_cf35bb6e4d,/subscribe,2026-08-01 01:16:59,instagram,andrew.cooper429@gmail.com
v_00b1747102,/shadrachs-picks,2026-08-01 01:23:53,,
v_821cf47dc8,/,2026-08-01 01:49:57,,
v_9095c11297,/subscribe,2026-08-01 02:05:20,google,AARON.ANDERSON656@GMAIL.COM
v_d7ada45176,/shadrachs-picks,2026-08-01 02:07:17,,
v_19799ee79e,/beliefs,2026-08-01 02:18:00,,
v_da26900cf6,/news/ai-regulation-bill,2026-08-01 02:45:09,instagram,
v_f3c78e3f2c,/,2026-08-01 02:47:28,,
v_e77d7874ae,/subscribe,2026-08-01 02:48:56,,zoe.rogers667@protonmail.com
v_38458fc902,/,2026-08-01 02:56:43,,
v_c2724ef726,/news/midterm-primaries-recap,2026-08-01 03:05:32,,
v_b142021511,/subscribe,2026-08-01 03:12:14,google,zoe.edwards140@gmail.com
v_d7ada45176,/subscribe,2026-08-01 03:16:17,,leah.bell636@gmail.com
v_e797baa104,/news/supreme-court-ruling-explained,2026-08-01 03:46:45,twitter,
v_56596eda5f,/,2026-08-01 04:40:43,,
v_6904d702d6,/news/federal-budget-standoff,2026-08-01 04:42:46,google,
v_b6706073b2,/subscribe,2026-08-01 05:12:41,,jacob.parker668@gmail.com
v_b0ee0237c3,/news/ai-regulation-bill,2026-08-01 06:01:42,,
v_7b1ba7a0fd,/,2026-08-01 06:14:29,,
v_ee1cde6dee,/beliefs,2026-08-01 06:19:04,facebook,
v_7d17790eaa,/news/ai-regulation-bill,2026-08-01 06:30:12,facebook,
v_97214a1314,/news/hurricane-season-update,2026-08-01 06:55:06,instagram,
v_fd2f8df98e,/about,2026-08-01 07:12:30,,
v_6843c9d6b2,/news/what-is-happening-in-sudan,2026-08-01 07:14:42,facebook,
v_0ac09065fe,/news/what-is-happening-in-sudan,2026-08-01 07:24:47,,
v_97214a1314,/news/housing-market-cooldown,2026-08-01 07:25:06,,
v_776c5d2b5c,/news/midterm-primaries-recap,2026-08-01 07:43:40,,
v_6843c9d6b2,/subscribe,2026-08-01 07:43:42,,nathan.bailey172@icloud.com
v_596df3be97,/shadrachs-picks,2026-08-01 07:56:17,referral,
v_97214a1314,/subscribe,2026-08-01 08:00:06,,anna.mitchell960@gmail.com
v_97214a1314,/news/midterm-primaries-recap,2026-08-01 08:02:06,,
v_480f1229f3,/news/new-space-telescope-images,2026-08-01 08:06:36,,
v_b072e2d267,/news/new-space-telescope-images,2026-08-01 08:11:43,,
v_596df3be97,/news/world-series-preview,2026-08-01 08:35:17,,
v_ae12275181,/about,2026-08-01 08:41:35,instagram,
v_1a23411cac,/,2026-08-01 08:52:56,instagram,
v_596df3be97,/news/world-series-preview,2026-08-01 09:03:17,,
v_1a23411cac,/,2026-08-01 09:10:56,,
v_9ecb124beb,/news/housing-market-cooldown,2026-08-01 09:14:46,,
v_dd96040627,/news/federal-budget-standoff,2026-08-01 09:47:04,facebook,
v_dd96040627,/beliefs,2026-08-01 09:56:04,,
v_f8982d9299,/news/supreme-court-ruling-explained,2026-08-01 10:17:33,,
v_696937524e,/subscribe,2026-08-01 10:21:05,podcast,tim.collins632@gmail.com
v_ae12275181,/subscribe,2026-08-01 10:35:35,,julia.parker995@gmail.com
v_596df3be97,/subscribe,2026-08-01 10:42:17,,mary.morris445@protonmail.com
v_53c32f9c88,/,2026-08-01 11:27:16,instagram,
v_53c32f9c88,/subscribe,2026-08-01 11:46:16,,
v_53c32f9c88,/subscribe,2026-08-01 12:10:16,,hannah.clark649@yahoo.com
v_53c32f9c88,/,2026-08-01 12:12:16,,
v_e797baa104,/subscribe,2026-08-01 12:14:45,,hannah.mitchell138@gmail.com
v_a03439409b,/shadrachs-picks,2026-08-01 12:14:53,,
v_28b4880220,/subscribe,2026-08-01 13:09:52,,
v_19799ee79e,/,2026-08-01 13:35:06,,
v_2eb83033ec,/shadrachs-picks,2026-08-01 13:50:46,,
v_1a23411cac,/subscribe,2026-08-01 13:58:56,,FAITH.TAYLOR61@HOTMAIL.COM
v_2eb83033ec,/news/new-space-telescope-images,2026-08-01 14:05:52,,
v_3ae87fa5c9,/,2026-08-01 14:07:10,,
v_6d441d3138,/about,2026-08-01 14:40:52,,
v_22b00f4e0e,/news/housing-market-cooldown,2026-08-01 14:43:32,,
v_f9ab589a1d,/,2026-08-01 14:46:53,referral,
v_f9ab589a1d,/,2026-08-01 14:52:53,,
v_3f9df59a3f,/beliefs,2026-08-01 15:50:49,,
v_779ce321be,/about,2026-08-01 15:55:18,,
v_b15b9a236a,/subscribe,2026-08-01 15:59:55,facebook,
v_017b416dbb,/,2026-08-01 16:23:15,,
v_410fd9f5e6,/about,2026-08-01 16:27:42,,
v_3f9df59a3f,/,2026-08-01 16:38:00,,
v_6420bd5e86,/shadrachs-picks,2026-08-01 16:42:22,referral,
v_bbf25a5d72,/news/midterm-primaries-recap,2026-08-01 17:04:17,,
v_8c61a4330b,/shadrachs-picks,2026-08-01 17:09:40,,
v_ad8016fd7a,/,2026-08-01 17:18:13,,
v_c2f101ee0d,/our-staff,2026-08-01 17:20:26,google,
v_6420bd5e86,/subscribe,2026-08-01 17:34:22,,matthew.evans579@gmail.com
v_08f344785a,/news/new-space-telescope-images,2026-08-01 18:00:04,,
v_4e5e69ee12,/,2026-08-01 18:36:19,,
v_3d132cf075,/subscribe,2026-08-01 18:48:48,facebook,peter.thomas806@protonmail.com
v_21a3b855a3,/news/church-attendance-study,2026-08-01 19:28:08,,
v_d6770c2c32,/about,2026-08-01 19:30:53,,
v_4c7acb2090,/subscribe,2026-08-01 19:32:53,,
v_dd96040627,/subscribe,2026-08-01 19:33:04,,caleb.evans302@gmail.com
v_134434e4d8,/,2026-08-01 20:20:13,,
v_4cae44a35e,/subscribe,2026-08-01 20:26:12,,
v_09813b671f,/subscribe,2026-08-01 20:30:19,google,john.parker61@icloud.com
v_5cb34c5565,/about,2026-08-01 20:37:53,,
v_fbff09e5e6,/about,2026-08-01 21:25:26,,
v_1a23411cac,/shadrachs-picks,2026-08-01 21:34:51,,
v_86b4fd9e39,/news/supreme-court-ruling-explained,2026-08-01 21:39:51,google,
v_2c6ed79df4,/our-staff,2026-08-01 21:51:22,,
v_a4e2f87078,/subscribe,2026-08-01 21:59:04,,
v_86b4fd9e39,/subscribe,2026-08-01 22:02:51,,laura.adams651@hotmail.com
v_86b4fd9e39,/,2026-08-01 22:10:51,,
v_86b4fd9e39,/,2026-08-01 22:22:51,,
v_c48692878d,/news/ai-regulation-bill,2026-08-01 23:19:06,instagram,
v_c48692878d,/subscribe,2026-08-01 23:35:06,,
v_4b69f5fa5d,/shadrachs-picks,2026-08-02 00:03:41,google,
v_7bb96aa62f,/,2026-08-02 00:11:31,instagram,
v_f9ab589a1d,/subscribe,2026-08-02 00:29:53,,matthew.cook108@gmail.com
v_7bb96aa62f,/news/ai-regulation-bill,2026-08-02 00:49:31,,
v_480f1229f3,/,2026-08-02 01:17:12,,
v_d327040122,/,2026-08-02 01:25:45,,
v_7c6c631ac2,/about,2026-08-02 01:58:17,referral,
v_10df09cb49,/beliefs,2026-08-02 02:35:34,,
v_7c6c631ac2,/news/housing-market-cooldown,2026-08-02 02:40:17,,
v_46eccd2728,/,2026-08-02 02:48:41,,
v_7c6c631ac2,/,2026-08-02 02:57:17,,
v_03d8a1f646,/,2026-08-02 02:58:47,,
v_d81c0b5379,/about,2026-08-02 03:32:33,facebook,
v_c48692878d,/subscribe,2026-08-02 03:38:06,,NAOMI.ROGERS864@ICLOUD.COM
v_4a925757f4,/news/housing-market-cooldown,2026-08-02 04:02:14,,
v_1bcf010719,/,2026-08-02 04:03:57,,
v_9cb3c68281,/news/midterm-primaries-recap,2026-08-02 04:06:23,instagram,
v_d81c0b5379,/,2026-08-02 04:08:33,,
v_9cb3c68281,/news/what-is-happening-in-sudan,2026-08-02 04:30:23,,
v_7bb96aa62f,/subscribe,2026-08-02 04:38:31,,julia.young30@gmail.com
v_d81c0b5379,/,2026-08-02 04:48:33,,
v_2170613fe4,/news/new-space-telescope-images,2026-08-02 04:55:09,,
v_bada8a06e1,/,2026-08-02 05:00:46,,
v_9cb3c68281,/our-staff,2026-08-02 05:01:23,,
v_937f506ef5,/subscribe,2026-08-02 06:00:47,,
v_9cb3c68281,/subscribe,2026-08-02 06:23:23,,jacob.stewart365@gmail.com
v_127cda9502,/subscribe,2026-08-02 06:48:30,,
v_f023360b4e,/beliefs,2026-08-02 06:58:01,,
v_03d8a1f646,/news/housing-market-cooldown,2026-08-02 08:02:55,,
v_362003165c,/news/world-series-preview,2026-08-02 08:14:53,,
v_7c6c631ac2,/subscribe,2026-08-02 08:37:17,,faith.edwards893@gmail.com
v_1bc528f149,/subscribe,2026-08-02 09:12:45,podcast,lydia.brown905@icloud.com
v_4722f5807a,/,2026-08-02 09:13:43,instagram,
v_9b4af8d4ef,/news/housing-market-cooldown,2026-08-02 09:29:23,,
v_8ba4a7af9e,/news/supreme-court-ruling-explained,2026-08-02 09:41:18,twitter,
v_4722f5807a,/subscribe,2026-08-02 09:42:43,,LEAH.WILLIAMS560@GMAIL.COM
v_3d523ae5e4,/about,2026-08-02 10:08:30,,
v_bb53c71f41,/,2026-08-02 10:31:11,,
v_6b27e53812,/news/world-series-preview,2026-08-02 10:46:49,instagram,
v_6b46948d4a,/,2026-08-02 11:06:38,google,
v_6ca9418445,/news/supreme-court-ruling-explained,2026-08-02 11:08:47,instagram,
v_6b46948d4a,/,2026-08-02 11:23:38,,
v_6ca9418445,/subscribe,2026-08-02 11:39:47,,
v_6ca9418445,/news/midterm-primaries-recap,2026-08-02 11:45:47,,
v_a9a548fcc2,/news/church-attendance-study,2026-08-02 11:50:55,,
v_afcdcf3449,/news/world-series-preview,2026-08-02 12:08:05,instagram,
v_1094f8205d,/our-staff,2026-08-02 12:18:50,google,
v_d81c0b5379,/subscribe,2026-08-02 12:26:33,,HOPE.BELL210@GMAIL.COM
v_6b27e53812,/subscribe,2026-08-02 12:38:49,,isaac.wright652@gmail.com
v_19199d17f7,/,2026-08-02 12:42:39,instagram,
v_8ba4a7af9e,/subscribe,2026-08-02 13:07:18,,ellie.williams33@hotmail.com
v_6ca9418445,/subscribe,2026-08-02 13:46:47,,paul.bell966@protonmail.com
v_c1421ddf8a,/shadrachs-picks,2026-08-02 14:29:46,,
v_73f82ee578,/,2026-08-02 14:39:44,,
v_fd2f8df98e,/,2026-08-02 15:06:13,,
v_a4e2f87078,/,2026-08-02 15:10:08,,
v_7d3ec24549,/,2026-08-02 15:12:10,,
v_134ec75f74,/news/supreme-court-ruling-explained,2026-08-02 15:24:40,facebook,
v_356fb4b9e4,/news/midterm-primaries-recap,2026-08-02 15:38:07,google,
v_01388e2717,/news/housing-market-cooldown,2026-08-02 15:49:48,,
v_bb56cf01b5,/news/new-space-telescope-images,2026-08-02 15:50:50,,
v_f2f3ad27a6,/subscribe,2026-08-02 15:57:00,,
v_ee0fe08ee5,/beliefs,2026-08-02 16:29:21,,
v_e4387cf95a,/beliefs,2026-08-02 16:38:27,,
v_70c637cd10,/news/new-space-telescope-images,2026-08-02 17:00:00,,
v_1610eb5921,/,2026-08-02 17:02:20,instagram,
v_7b989d49c3,/subscribe,2026-08-02 17:10:25,facebook,matthew.mitchell253@icloud.com
v_aed8808179,/news/church-attendance-study,2026-08-02 17:12:00,referral,
v_b5ce764b01,/shadrachs-picks,2026-08-02 17:15:25,,
v_9008f18189,/subscribe,2026-08-02 17:29:51,,
v_afcdcf3449,/subscribe,2026-08-02 18:00:05,,naomi.mitchell154@gmail.com
v_ddc782449d,/subscribe,2026-08-02 18:30:26,google,ABIGAIL.BELL556@GMAIL.COM
v_19199d17f7,/subscribe,2026-08-02 18:30:39,,SARAH.GREEN188@HOTMAIL.COM
v_6b46948d4a,/subscribe,2026-08-02 18:42:38,,joshua.cook640@hotmail.com
v_ab34ed9837,/,2026-08-02 18:58:46,,
v_cef1600227,/shadrachs-picks,2026-08-02 19:18:47,instagram,
v_27c8934f60,/about,2026-08-02 19:25:01,,
v_fe0db178b9,/subscribe,2026-08-02 20:29:24,instagram,ben.murphy807@gmail.com
v_ad8016fd7a,/,2026-08-02 20:32:06,,
v_36078ca361,/shadrachs-picks,2026-08-02 21:16:16,facebook,
v_f023360b4e,/,2026-08-02 21:27:26,,
v_25d1ccb8f5,/shadrachs-picks,2026-08-02 21:41:08,,
v_25881234fd,/about,2026-08-02 21:54:27,google,
v_15f244bc92,/shadrachs-picks,2026-08-02 21:59:07,facebook,
v_15f244bc92,/beliefs,2026-08-02 22:05:07,,
v_ba38f3eb7e,/,2026-08-02 22:15:53,,
v_25881234fd,/news/housing-market-cooldown,2026-08-02 22:17:27,,
v_128f3999d7,/news/what-is-happening-in-sudan,2026-08-02 22:35:11,,
v_15f244bc92,/about,2026-08-02 22:49:07,,
v_14d2292722,/,2026-08-02 23:06:13,,
v_714b9c5a71,/our-staff,2026-08-02 23:34:15,facebook,
v_644b9840c5,/subscribe,2026-08-02 23:56:50,google,
v_aed8808179,/subscribe,2026-08-02 23:58:00,,david.walker792@yahoo.com
v_25881234fd,/subscribe,2026-08-03 00:12:27,,nathan.thomas66@hotmail.com
v_2dd7dcf2fe,/subscribe,2026-08-03 00:16:11,,
v_2f5e616080,/subscribe,2026-08-03 00:43:57,,
v_5f37e76da6,/news/what-is-happening-in-sudan,2026-08-03 01:34:49,,
v_ec5127bffa,/subscribe,2026-08-03 01:58:07,google,
v_65fc06d3b2,/news/world-series-preview,2026-08-03 02:12:06,google,
v_5fc6658f7a,/,2026-08-03 02:29:23,google,
v_656c9197c7,/subscribe,2026-08-03 02:34:07,,
v_25d1ccb8f5,/news/midterm-primaries-recap,2026-08-03 02:37:00,,
v_575a2fd99d,/shadrachs-picks,2026-08-03 02:56:11,facebook,
v_3f9df59a3f,/news/federal-budget-standoff,2026-08-03 02:56:18,,
v_5fc6658f7a,/news/church-attendance-study,2026-08-03 02:58:23,,
v_15f244bc92,/subscribe,2026-08-03 03:11:07,,mary.bailey913@protonmail.com
v_575a2fd99d,/shadrachs-picks,2026-08-03 03:23:11,,
v_575a2fd99d,/news/housing-market-cooldown,2026-08-03 03:47:11,,
v_c2f101ee0d,/news/church-attendance-study,2026-08-03 03:54:29,,
v_575a2fd99d,/subscribe,2026-08-03 03:55:11,,michael.edwards267@gmail.com
v_3ae87fa5c9,/news/midterm-primaries-recap,2026-08-03 03:55:20,,
v_58fafecff9,/,2026-08-03 03:58:51,,
v_65fc06d3b2,/subscribe,2026-08-03 04:06:06,,josiah.morris149@hotmail.com
v_0ce7ddd8b1,/news/midterm-primaries-recap,2026-08-03 05:09:36,,
v_5fc6658f7a,/subscribe,2026-08-03 05:52:23,,chloe.miller709@outlook.com
v_ffa5c69a8b,/shadrachs-picks,2026-08-03 06:25:53,instagram,
v_f109cd97d4,/beliefs,2026-08-03 06:26:17,,
v_7d3ec24549,/,2026-08-03 06:49:42,,
v_38458fc902,/news/world-series-preview,2026-08-03 07:31:31,,
v_7a1e3cee1e,/,2026-08-03 08:37:54,,
v_5fc6658f7a,/beliefs,2026-08-03 09:10:14,,
v_aad3ecbf88,/news/housing-market-cooldown,2026-08-03 09:50:40,,
v_fc2d9e782e,/news/federal-budget-standoff,2026-08-03 10:13:54,,
v_696c6b9155,/,2026-08-03 10:30:03,,
v_1597aee703,/news/ai-regulation-bill,2026-08-03 10:51:32,referral,
v_9ad1922b14,/,2026-08-03 10:54:42,facebook,
v_1597aee703,/,2026-08-03 11:08:32,,
v_1597aee703,/our-staff,2026-08-03 11:22:32,,
v_1f92f7e6aa,/news/what-is-happening-in-sudan,2026-08-03 11:44:59,,
v_2ef8659dbf,/our-staff,2026-08-03 11:59:34,,
v_aad3ecbf88,/subscribe,2026-08-03 12:18:40,,matthew.bailey399@gmail.com
v_dce246602d,/,2026-08-03 12:49:37,google,
v_3e6c62b057,/subscribe,2026-08-03 12:51:05,,
v_654fcafd03,/,2026-08-03 13:20:41,,
v_dce246602d,/news/world-series-preview,2026-08-03 13:33:37,,
v_febacd1baa,/shadrachs-picks,2026-08-03 13:47:42,instagram,
v_febacd1baa,/subscribe,2026-08-03 13:52:42,,ELI.STEWART720@GMAIL.COM
v_957f3e61e8,/,2026-08-03 14:06:53,,
v_66f4a91782,/news/housing-market-cooldown,2026-08-03 14:24:58,instagram,
v_a327657b61,/news/midterm-primaries-recap,2026-08-03 14:26:43,,
v_3e6c62b057,/news/housing-market-cooldown,2026-08-03 14:49:20,,
v_8eef1575f3,/news/what-is-happening-in-sudan,2026-08-03 15:11:31,,
v_a2bd5f0d51,/shadrachs-picks,2026-08-03 15:40:27,,
v_c2724ef726,/,2026-08-03 15:42:53,,
v_49e8fc6b1b,/news/housing-market-cooldown,2026-08-03 15:54:59,,
v_31a3409eeb,/,2026-08-03 16:04:06,,
v_1597aee703,/subscribe,2026-08-03 16:15:32,,nathan.baker547@gmail.com
v_8c61a4330b,/news/supreme-court-ruling-explained,2026-08-03 16:47:32,,
v_9eed48f9c9,/news/ai-regulation-bill,2026-08-03 17:03:52,,
v_a22c28b898,/beliefs,2026-08-03 17:23:10,,
v_4b804d8a2b,/,2026-08-03 17:51:26,,
v_7b1e37d577,/,2026-08-03 18:06:02,,
v_25d9367462,/subscribe,2026-08-03 18:44:10,referral,ellie.brown944@gmail.com
v_21cbbf4cda,/news/church-attendance-study,2026-08-03 19:07:29,,
v_1c7698a8b3,/news/hurricane-season-update,2026-08-03 19:27:29,,
v_6b7e47afab,/news/new-space-telescope-images,2026-08-03 20:47:35,,
v_0fc9e5156d,/,2026-08-03 20:52:48,,
v_66f4a91782,/subscribe,2026-08-03 21:14:58,,rachel.campbell272@gmail.com
v_243541fd38,/news/midterm-primaries-recap,2026-08-03 21:49:05,referral,
v_6d441d3138,/about,2026-08-03 22:12:45,,
v_dce246602d,/subscribe,2026-08-03 22:44:37,,sam.adams47@gmail.com
v_bc3b06874c,/news/ai-regulation-bill,2026-08-03 22:55:46,referral,
v_bc3b06874c,/,2026-08-03 23:12:46,,
v_03d8a1f646,/,2026-08-04 00:03:54,,
v_00aba104c8,/about,2026-08-04 00:18:34,,
v_7280c74573,/news/world-series-preview,2026-08-04 00:20:49,podcast,
v_7280c74573,/subscribe,2026-08-04 01:01:49,,
v_dfa434c6ad,/beliefs,2026-08-04 01:17:09,,
v_ecf5106712,/about,2026-08-04 01:27:00,google,
v_2872a63803,/news/ai-regulation-bill,2026-08-04 01:34:23,,
v_7c8ecc63e1,/news/federal-budget-standoff,2026-08-04 01:34:26,,
v_6a3b2d6143,/subscribe,2026-08-04 01:39:23,,
v_4cae44a35e,/news/new-space-telescope-images,2026-08-04 01:47:38,,
v_d9c07cd04f,/subscribe,2026-08-04 02:54:19,,
v_e10c9e0ca0,/news/housing-market-cooldown,2026-08-04 03:30:44,instagram,
v_02d33485f8,/news/world-series-preview,2026-08-04 03:37:49,,
v_ecf5106712,/subscribe,2026-08-04 04:11:00,,paul.adams371@gmail.com
v_56596eda5f,/news/world-series-preview,2026-08-04 04:35:03,,
v_243541fd38,/subscribe,2026-08-04 05:33:05,,paul.cook176@gmail.com
v_0edc47a664,/news/new-space-telescope-images,2026-08-04 05:41:49,,
v_4396b0a049,/,2026-08-04 05:47:02,,
v_ca8c7d6f50,/news/housing-market-cooldown,2026-08-04 06:09:01,referral,
v_ca8c7d6f50,/subscribe,2026-08-04 06:11:01,,
v_c7878ec0a5,/subscribe,2026-08-04 06:43:23,,
v_7280c74573,/subscribe,2026-08-04 06:50:49,,emily.walker799@yahoo.com
v_4d2862e24f,/shadrachs-picks,2026-08-04 07:02:10,google,
v_8ec1dd37cd,/shadrachs-picks,2026-08-04 07:23:47,,
v_d35ae8aac6,/news/what-is-happening-in-sudan,2026-08-04 08:01:53,,
v_594b6b2737,/about,2026-08-04 08:06:10,,
v_8750310d08,/news/federal-budget-standoff,2026-08-04 08:23:24,,
v_bc3b06874c,/subscribe,2026-08-04 08:24:46,,grace.cooper349@icloud.com
v_2a501bb240,/about,2026-08-04 08:37:59,referral,
v_4396b0a049,/shadrachs-picks,2026-08-04 08:45:24,,
v_2a501bb240,/subscribe,2026-08-04 08:52:59,,HOPE.HILL188@OUTLOOK.COM
v_e10c9e0ca0,/subscribe,2026-08-04 08:58:44,,luke.king741@yahoo.com
v_d7659e5a7e,/,2026-08-04 09:09:19,,
v_eea702de9e,/news/housing-market-cooldown,2026-08-04 09:15:59,,
v_c5510b04b8,/,2026-08-04 09:24:34,,
v_5abc156a0e,/shadrachs-picks,2026-08-04 09:49:32,,
v_7a1e3cee1e,/news/new-space-telescope-images,2026-08-04 10:18:43,,
v_54eb2f33f9,/subscribe,2026-08-04 10:28:00,facebook,ben.adams410@gmail.com
v_575a2fd99d,/shadrachs-picks,2026-08-04 10:32:25,,
v_2260bf2aa7,/news/new-space-telescope-images,2026-08-04 10:59:53,,
v_d8f21ae7e8,/about,2026-08-04 11:39:47,,
v_412da65bb1,/beliefs,2026-08-04 11:48:36,,
v_a96563444d,/about,2026-08-04 11:58:53,,
v_ff0122522e,/news/church-attendance-study,2026-08-04 11:59:15,instagram,
v_e48d211fc3,/shadrachs-picks,2026-08-04 12:02:29,,
v_58c0513c08,/shadrachs-picks,2026-08-04 12:25:53,,
v_8c0499b5d1,/shadrachs-picks,2026-08-04 12:40:07,,
v_d40ab0ab1d,/,2026-08-04 12:45:13,facebook,
v_f085bd16fa,/news/what-is-happening-in-sudan,2026-08-04 12:55:32,instagram,
v_98fefb99bf,/news/new-space-telescope-images,2026-08-04 13:17:54,instagram,
v_0105e5cbbd,/subscribe,2026-08-04 13:34:12,,
v_3d536a76dc,/,2026-08-04 13:46:52,,
v_7fd4ed9090,/,2026-08-04 14:03:35,google,
v_ca8c7d6f50,/subscribe,2026-08-04 14:06:01,,josiah.parker885@gmail.com
v_8750310d08,/about,2026-08-04 14:11:11,,
v_8e929934eb,/,2026-08-04 14:21:41,,
v_bae8bff794,/news/what-is-happening-in-sudan,2026-08-04 14:33:33,,
v_b142021511,/news/what-is-happening-in-sudan,2026-08-04 14:39:12,,
v_8c0499b5d1,/subscribe,2026-08-04 14:45:07,,hannah.roberts42@outlook.com
v_bccbf80e85,/news/hurricane-season-update,2026-08-04 14:53:26,,
v_499daf6735,/,2026-08-04 16:08:46,,
v_223e773ff4,/news/church-attendance-study,2026-08-04 16:09:30,instagram,
v_58c0513c08,/,2026-08-04 16:11:36,,
v_1b36799123,/,2026-08-04 17:05:01,,
v_6fae6598d1,/subscribe,2026-08-04 17:17:39,,
v_ce490c21ee,/news/federal-budget-standoff,2026-08-04 18:34:11,,
v_bccbf80e85,/subscribe,2026-08-04 18:35:26,,paul.moore22@yahoo.com
v_13c555e504,/,2026-08-04 18:45:35,,
v_9b7d77cfae,/news/hurricane-season-update,2026-08-04 18:46:21,podcast,
v_957f3e61e8,/news/world-series-preview,2026-08-04 18:59:55,,
v_435aac79d7,/,2026-08-04 19:19:37,,
v_9b7d77cfae,/,2026-08-04 19:24:21,,
v_5f37e76da6,/news/midterm-primaries-recap,2026-08-04 19:33:06,,
v_9b7d77cfae,/subscribe,2026-08-04 19:34:21,,mary.peterson468@gmail.com
v_8162264889,/subscribe,2026-08-04 19:56:44,,
v_ff0122522e,/subscribe,2026-08-04 20:03:15,,tim.anderson754@outlook.com
v_9b7d77cfae,/news/housing-market-cooldown,2026-08-04 20:05:21,,
v_473051667f,/news/hurricane-season-update,2026-08-04 20:10:57,referral,
v_b142a7371e,/subscribe,2026-08-04 20:46:18,facebook,
v_e18afa3ab6,/news/what-is-happening-in-sudan,2026-08-04 20:51:43,google,
v_15e3aa19bf,/,2026-08-04 21:04:08,,
v_f085bd16fa,/subscribe,2026-08-04 21:30:32,,mary.clark592@yahoo.com
v_a4e2f87078,/shadrachs-picks,2026-08-04 21:48:13,,
v_473051667f,/subscribe,2026-08-04 22:01:57,,zoe.wright316@gmail.com
v_fba8a60fd6,/news/supreme-court-ruling-explained,2026-08-04 22:25:48,facebook,
v_89d507c289,/news/hurricane-season-update,2026-08-04 22:38:56,facebook,
v_4512f50685,/,2026-08-04 22:51:39,,
v_5b75b5f7dc,/news/ai-regulation-bill,2026-08-04 23:15:35,,
v_144dc3b69b,/,2026-08-05 00:31:06,instagram,
v_9e69c9a596,/shadrachs-picks,2026-08-05 00:54:27,,
v_7d853a7321,/,2026-08-05 00:56:36,referral,
v_ce490c21ee,/,2026-08-05 01:10:47,,
v_575a2fd99d,/news/new-space-telescope-images,2026-08-05 01:14:50,,
v_a5b2792556,/news/supreme-court-ruling-explained,2026-08-05 01:51:25,podcast,
v_a5b2792556,/news/new-space-telescope-images,2026-08-05 02:02:25,,
v_b142021511,/subscribe,2026-08-05 02:20:34,,
v_e9d907696a,/,2026-08-05 02:28:28,facebook,
v_022358b83d,/,2026-08-05 02:39:10,,
v_a5b2792556,/news/new-space-telescope-images,2026-08-05 02:42:25,,
v_72a1d8ee1f,/news/church-attendance-study,2026-08-05 02:43:13,,
v_6420bd5e86,/news/new-space-telescope-images,2026-08-05 02:48:09,,
v_ddf8e9f728,/news/world-series-preview,2026-08-05 03:27:23,,
v_8128a27af4,/,2026-08-05 03:33:39,facebook,
v_72a1d8ee1f,/news/what-is-happening-in-sudan,2026-08-05 03:49:44,,
v_2f5e616080,/shadrachs-picks,2026-08-05 03:53:20,,
v_03d8a1f646,/,2026-08-05 04:39:37,,
v_3db8fd0b4d,/news/federal-budget-standoff,2026-08-05 05:08:53,,
v_b5a44f6b05,/,2026-08-05 05:23:20,instagram,
v_b41e401339,/news/supreme-court-ruling-explained,2026-08-05 06:08:53,referral,
v_c48692878d,/our-staff,2026-08-05 06:33:37,,
v_68761f5bd1,/news/supreme-court-ruling-explained,2026-08-05 06:35:10,google,
v_a5b2792556,/subscribe,2026-08-05 07:09:25,,MEGAN.LEE760@GMAIL.COM
v_fba8a60fd6,/subscribe,2026-08-05 07:16:48,,emily.roberts364@hotmail.com
v_19199d17f7,/news/housing-market-cooldown,2026-08-05 07:46:07,,
v_6b46948d4a,/,2026-08-05 08:06:00,,
v_28b4880220,/subscribe,2026-08-05 08:16:23,,
v_3e6c62b057,/news/housing-market-cooldown,2026-08-05 08:17:04,,
v_22b00f4e0e,/news/hurricane-season-update,2026-08-05 08:25:24,,
v_672b72f4cf,/news/what-is-happening-in-sudan,2026-08-05 09:17:56,facebook,
v_e8f6597b5f,/subscribe,2026-08-05 09:20:08,facebook,james.miller486@protonmail.com
v_579b02b1b2,/,2026-08-05 09:21:10,instagram,
v_44dc3024ee,/subscribe,2026-08-05 09:37:18,,
v_579b02b1b2,/news/federal-budget-standoff,2026-08-05 09:38:10,,
v_3d523ae5e4,/news/what-is-happening-in-sudan,2026-08-05 09:43:15,,
v_0ce7ddd8b1,/news/hurricane-season-update,2026-08-05 10:11:35,,
v_d97b8903e2,/shadrachs-picks,2026-08-05 10:15:37,referral,
v_fc2c54f749,/,2026-08-05 10:16:26,,
v_d97b8903e2,/news/church-attendance-study,2026-08-05 10:36:37,,
v_7d853a7321,/subscribe,2026-08-05 10:41:36,,ruth.martin430@gmail.com
v_3965c646f3,/subscribe,2026-08-05 11:23:07,facebook,ELI.PETERSON485@PROTONMAIL.COM
v_2f5e616080,/,2026-08-05 11:28:57,,
v_36ffd8541d,/beliefs,2026-08-05 11:42:26,,
v_68761f5bd1,/subscribe,2026-08-05 11:52:10,,michael.young673@icloud.com
v_63d91e807c,/,2026-08-05 12:42:06,,
v_579b02b1b2,/subscribe,2026-08-05 12:56:10,,emily.baker696@protonmail.com
v_362003165c,/beliefs,2026-08-05 13:20:56,google,
v_2872a63803,/,2026-08-05 13:23:33,facebook,
v_d97b8903e2,/subscribe,2026-08-05 13:31:37,,grace.reed7@gmail.com
v_58394ee0ac,/news/what-is-happening-in-sudan,2026-08-05 14:16:50,facebook,
v_ca961e670e,/news/federal-budget-standoff,2026-08-05 14:24:43,,
v_b41e401339,/subscribe,2026-08-05 14:32:53,,JULIA.ROGERS133@OUTLOOK.COM
v_58394ee0ac,/beliefs,2026-08-05 14:46:50,,
v_58c0513c08,/,2026-08-05 15:00:16,,
v_a9c013073a,/news/hurricane-season-update,2026-08-05 15:17:11,google,
v_8bc73ebca6,/shadrachs-picks,2026-08-05 15:36:28,,
v_7d17790eaa,/subscribe,2026-08-05 15:49:50,,
v_050a34cb36,/news/church-attendance-study,2026-08-05 16:06:12,instagram,
v_80fa4e4801,/,2026-08-05 16:07:54,,
v_48ce71b2a5,/news/ai-regulation-bill,2026-08-05 16:20:04,referral,
v_58394ee0ac,/subscribe,2026-08-05 16:28:50,,paul.davis106@gmail.com
v_14d2292722,/news/hurricane-season-update,2026-08-05 17:15:03,instagram,
v_6309c6ae01,/,2026-08-05 17:20:58,,
v_747d80842b,/news/hurricane-season-update,2026-08-05 17:32:33,google,
v_4c7acb2090,/news/new-space-telescope-images,2026-08-05 17:35:37,,
v_22dbb5da70,/about,2026-08-05 18:01:07,,
v_050a34cb36,/subscribe,2026-08-05 18:12:12,,luke.williams151@gmail.com
v_3dfdc0337c,/subscribe,2026-08-05 18:20:09,facebook,olivia.mitchell836@gmail.com
v_38458fc902,/,2026-08-05 19:42:42,,
v_f0661e4a54,/news/new-space-telescope-images,2026-08-05 19:46:40,,
v_ccd68ff1e3,/,2026-08-05 20:07:15,,
v_1a89cddcca,/,2026-08-05 20:08:04,facebook,
v_4396b0a049,/news/church-attendance-study,2026-08-05 20:13:14,,
v_701877eb55,/news/federal-budget-standoff,2026-08-05 20:35:29,,
v_a751e8e247,/shadrachs-picks,2026-08-05 20:42:02,,
v_47d2bfdfa6,/about,2026-08-05 21:10:21,facebook,
v_178eaba210,/subscribe,2026-08-05 21:51:19,,
v_f3c78e3f2c,/news/housing-market-cooldown,2026-08-05 21:54:58,instagram,
v_2a150c0ef5,/,2026-08-05 23:08:03,instagram,
v_2dd7dcf2fe,/news/what-is-happening-in-sudan,2026-08-05 23:08:19,,
v_22dbb5da70,/news/supreme-court-ruling-explained,2026-08-05 23:10:13,,
v_f98911dd6d,/news/federal-budget-standoff,2026-08-05 23:22:37,facebook,
v_2a150c0ef5,/news/supreme-court-ruling-explained,2026-08-05 23:26:03,,
v_0ce7ddd8b1,/,2026-08-05 23:37:20,,
v_a556a6890a,/news/supreme-court-ruling-explained,2026-08-05 23:40:16,facebook,
v_7d98005b56,/news/midterm-primaries-recap,2026-08-05 23:42:08,referral,
v_1768729237,/subscribe,2026-08-06 00:00:21,instagram,luke.lewis484@gmail.com
v_66ebb57671,/shadrachs-picks,2026-08-06 00:17:35,,
v_ed4b5ea78f,/news/federal-budget-standoff,2026-08-06 00:48:55,instagram,
v_25be9c5b8e,/news/housing-market-cooldown,2026-08-06 01:08:47,instagram,
v_48ce71b2a5,/subscribe,2026-08-06 01:25:04,,sam.allen805@outlook.com
v_22dbb5da70,/,2026-08-06 01:29:59,,
v_7f7ed54fca,/news/midterm-primaries-recap,2026-08-06 02:10:22,,
v_7d98005b56,/subscribe,2026-08-06 02:19:08,,anna.green847@gmail.com
v_001b24b641,/news/new-space-telescope-images,2026-08-06 02:25:33,,
v_2c58c90882,/,2026-08-06 02:35:29,facebook,
v_7f7ed54fca,/,2026-08-06 02:55:22,,
v_2c58c90882,/,2026-08-06 03:03:29,,
v_9060069a4d,/,2026-08-06 03:16:50,,
v_ff0122522e,/about,2026-08-06 03:24:54,,
v_7f7ed54fca,/,2026-08-06 03:36:22,,
v_42056ee00c,/shadrachs-picks,2026-08-06 03:36:33,,
v_4a534f5703,/,2026-08-06 03:40:46,google,
v_7f7ed54fca,/subscribe,2026-08-06 03:50:22,,josiah.taylor88@gmail.com
v_47d2bfdfa6,/subscribe,2026-08-06 04:16:21,,julia.walker900@gmail.com
v_4a534f5703,/news/federal-budget-standoff,2026-08-06 04:22:46,,
v_4d2862e24f,/news/federal-budget-standoff,2026-08-06 04:35:24,google,
v_569d3a387c,/,2026-08-06 04:44:38,facebook,
v_2c58c90882,/subscribe,2026-08-06 04:48:29,,megan.stewart163@gmail.com
v_cd738bed80,/news/midterm-primaries-recap,2026-08-06 04:49:33,twitter,
v_4a534f5703,/news/federal-budget-standoff,2026-08-06 04:50:46,,
v_9b7d77cfae,/news/new-space-telescope-images,2026-08-06 05:00:16,,
v_e542c8e9cd,/our-staff,2026-08-06 05:17:08,,
v_3e6c62b057,/subscribe,2026-08-06 05:26:52,,
v_83d84680f3,/subscribe,2026-08-06 05:27:42,instagram,
v_cd738bed80,/,2026-08-06 05:31:33,,
v_64ad340cd0,/subscribe,2026-08-06 05:42:56,,
v_93b660d717,/news/supreme-court-ruling-explained,2026-08-06 06:02:54,podcast,
v_b1c01401f7,/news/midterm-primaries-recap,2026-08-06 06:06:09,podcast,
v_3b481d0e6a,/shadrachs-picks,2026-08-06 06:06:09,podcast,
v_a751e8e247,/beliefs,2026-08-06 06:06:47,,
v_b1c01401f7,/news/what-is-happening-in-sudan,2026-08-06 06:24:09,,
v_53bd62cf06,/subscribe,2026-08-06 06:36:20,instagram,SAM.GREEN385@GMAIL.COM
v_ed4b5ea78f,/subscribe,2026-08-06 06:37:55,,julia.reed642@hotmail.com
v_93b660d717,/,2026-08-06 06:46:54,,
v_156c7a0210,/news/world-series-preview,2026-08-06 07:26:33,google,
v_28b4880220,/news/ai-regulation-bill,2026-08-06 07:42:43,,
v_0f3b9c4fd2,/news/what-is-happening-in-sudan,2026-08-06 08:11:07,facebook,
v_1804725ec0,/subscribe,2026-08-06 08:18:37,,
v_42056ee00c,/subscribe,2026-08-06 08:19:33,,esther.edwards998@gmail.com
v_a556a6890a,/subscribe,2026-08-06 08:33:16,,grace.garcia381@gmail.com
v_579b02b1b2,/news/supreme-court-ruling-explained,2026-08-06 08:33:32,,
v_5e507165b6,/news/hurricane-season-update,2026-08-06 08:49:52,,
v_923d667f1f,/news/what-is-happening-in-sudan,2026-08-06 08:52:15,,
v_0f3b9c4fd2,/subscribe,2026-08-06 08:59:07,,ben.bell207@gmail.com
v_2a150c0ef5,/subscribe,2026-08-06 09:00:03,,paul.nelson175@gmail.com
v_7a1e3cee1e,/about,2026-08-06 09:11:06,,
v_3b481d0e6a,/subscribe,2026-08-06 09:23:09,,kate.bailey812@yahoo.com
v_f33a80e7e5,/about,2026-08-06 09:24:26,google,
v_e372fb30c3,/news/hurricane-season-update,2026-08-06 09:45:16,,
v_f33a80e7e5,/subscribe,2026-08-06 09:57:26,,sam.johnson458@gmail.com
v_654c54987c,/news/hurricane-season-update,2026-08-06 10:05:09,,
v_156c7a0210,/subscribe,2026-08-06 10:28:33,,kate.reed503@gmail.com
v_0b03806c69,/news/church-attendance-study,2026-08-06 10:28:50,,
v_77405daf26,/news/federal-budget-standoff,2026-08-06 10:59:10,google,
v_d518e5e105,/subscribe,2026-08-06 11:24:43,instagram,emily.davis436@gmail.com
v_f85f3bbc54,/subscribe,2026-08-06 11:29:29,,
v_4a534f5703,/subscribe,2026-08-06 11:43:46,,kate.edwards858@hotmail.com
v_77405daf26,/,2026-08-06 11:44:10,,
v_128f3999d7,/,2026-08-06 11:49:06,,
v_39c531b368,/news/what-is-happening-in-sudan,2026-08-06 12:16:54,facebook,
v_2872a63803,/subscribe,2026-08-06 12:46:25,instagram,
v_2f5e616080,/shadrachs-picks,2026-08-06 12:53:13,,
v_8aa84033f2,/news/new-space-telescope-images,2026-08-06 13:30:21,instagram,
v_3f9df59a3f,/,2026-08-06 13:37:17,,
v_8aa84033f2,/news/housing-market-cooldown,2026-08-06 14:03:21,,
v_b1c01401f7,/subscribe,2026-08-06 14:15:09,,JOSIAH.SMITH396@PROTONMAIL.COM
v_4396b0a049,/,2026-08-06 14:20:11,,
v_77405daf26,/subscribe,2026-08-06 14:22:10,,ANNA.MOORE914@GMAIL.COM
v_9ca73ce1d9,/news/ai-regulation-bill,2026-08-06 14:30:24,,
v_704068a72a,/,2026-08-06 14:30:37,google,
v_cd738bed80,/subscribe,2026-08-06 14:33:33,,grace.adams48@icloud.com
v_936950c8ed,/news/federal-budget-standoff,2026-08-06 14:42:07,,
v_93b660d717,/subscribe,2026-08-06 14:51:54,,paul.moore53@gmail.com
v_6bc0201505,/,2026-08-06 15:04:25,podcast,
v_0b03806c69,/subscribe,2026-08-06 15:32:50,,hannah.morgan721@gmail.com
v_6bc0201505,/news/church-attendance-study,2026-08-06 15:41:25,,
v_e94d7bc1c0,/news/federal-budget-standoff,2026-08-06 15:53:18,facebook,
v_8aa84033f2,/subscribe,2026-08-06 15:56:21,,ANNA.YOUNG111@OUTLOOK.COM
v_d2e9b5cb87,/news/church-attendance-study,2026-08-06 16:53:35,instagram,
v_ebd3a17333,/news/new-space-telescope-images,2026-08-06 16:57:39,twitter,
v_501a39825c,/news/world-series-preview,2026-08-06 16:58:47,referral,
v_d2e9b5cb87,/news/midterm-primaries-recap,2026-08-06 17:07:35,,
v_d8f21ae7e8,/,2026-08-06 17:18:39,,
v_d2e9b5cb87,/subscribe,2026-08-06 17:26:35,,
v_a1c7df0419,/subscribe,2026-08-06 17:28:03,,
v_a4e2f87078,/,2026-08-06 17:43:43,,
v_f968377d2b,/shadrachs-picks,2026-08-06 18:42:55,google,
v_704068a72a,/subscribe,2026-08-06 18:45:37,,laura.cooper353@gmail.com
v_f023360b4e,/shadrachs-picks,2026-08-06 18:49:03,,
v_f968377d2b,/subscribe,2026-08-06 18:59:55,,
v_936950c8ed,/subscribe,2026-08-06 19:14:07,,james.bell654@icloud.com
v_c5a4202021,/,2026-08-06 19:30:56,,
v_f968377d2b,/our-staff,2026-08-06 19:33:55,,
v_d8fc42b941,/news/world-series-preview,2026-08-06 19:42:17,google,
v_5d0d85cac0,/news/what-is-happening-in-sudan,2026-08-06 20:43:41,,
v_6d964f9e32,/subscribe,2026-08-06 21:11:54,,
v_7166ae5ad6,/subscribe,2026-08-06 21:16:52,referral,eli.parker366@gmail.com
v_1bc848ec53,/about,2026-08-06 21:30:31,twitter,
v_abdbd7e892,/about,2026-08-06 21:38:26,,
v_e94d7bc1c0,/subscribe,2026-08-06 21:49:18,,LYDIA.EDWARDS257@PROTONMAIL.COM
v_974902010f,/subscribe,2026-08-06 22:05:04,facebook,TIM.EDWARDS585@PROTONMAIL.COM
v_89f077b252,/news/supreme-court-ruling-explained,2026-08-06 22:06:31,,
v_6bc0201505,/subscribe,2026-08-06 22:08:25,,sam.morgan270@hotmail.com
v_c24eed0571,/shadrachs-picks,2026-08-06 22:28:24,instagram,
v_5db4b40863,/our-staff,2026-08-06 22:30:24,,
v_1bc848ec53,/subscribe,2026-08-06 22:30:31,,MARY.STEWART463@GMAIL.COM
v_501a39825c,/subscribe,2026-08-06 22:30:47,,kate.peterson180@gmail.com
v_52a0f93b7d,/about,2026-08-06 22:39:41,referral,
v_1804725ec0,/shadrachs-picks,2026-08-06 23:15:04,,
v_5bd4884d1e,/news/hurricane-season-update,2026-08-06 23:41:18,instagram,
v_d2e9b5cb87,/subscribe,2026-08-06 23:43:35,,ben.parker354@gmail.com
v_fd8f8cf41a,/,2026-08-07 00:07:50,,
v_fc8ed8c8de,/about,2026-08-07 00:11:24,,
v_d6770c2c32,/news/midterm-primaries-recap,2026-08-07 00:20:36,,
v_a06734aaa5,/news/hurricane-season-update,2026-08-07 00:44:26,facebook,
v_ebd3a17333,/subscribe,2026-08-07 00:47:39,,hope.anderson583@gmail.com
v_2dd7dcf2fe,/,2026-08-07 01:19:49,,
v_a2bd5f0d51,/news/world-series-preview,2026-08-07 01:20:49,,
v_dfa08b9b09,/news/hurricane-season-update,2026-08-07 02:29:25,facebook,
v_dfa08b9b09,/subscribe,2026-08-07 03:11:25,,RACHEL.STEWART574@GMAIL.COM
v_d2e9b5cb87,/news/supreme-court-ruling-explained,2026-08-07 03:23:22,,
v_1b36799123,/beliefs,2026-08-07 03:29:12,,
v_6bc0201505,/,2026-08-07 03:50:10,,
v_b9068ddb46,/news/what-is-happening-in-sudan,2026-08-07 03:58:27,,
v_1912996f08,/about,2026-08-07 03:59:11,,
v_f968377d2b,/subscribe,2026-08-07 04:06:55,,ellie.murphy376@gmail.com
v_1d20b55c0e,/,2026-08-07 04:19:41,,
v_19199d17f7,/,2026-08-07 04:29:13,,
v_52a0f93b7d,/subscribe,2026-08-07 04:33:41,,matthew.stewart111@hotmail.com
v_0df46d2de2,/news/what-is-happening-in-sudan,2026-08-07 05:17:02,,
v_eb8b2afe11,/,2026-08-07 05:18:08,,
v_5fc6658f7a,/,2026-08-07 05:33:35,,
v_1a177c4c21,/subscribe,2026-08-07 07:08:07,google,joshua.carter769@icloud.com
v_0fd5419739,/subscribe,2026-08-07 07:11:47,facebook,john.walker285@hotmail.com
v_eeb5cfdba1,/subscribe,2026-08-07 07:53:25,google,claire.stewart545@outlook.com
v_c24eed0571,/subscribe,2026-08-07 08:08:24,,ellie.clark661@outlook.com
v_2fbac72195,/subscribe,2026-08-07 08:10:17,facebook,aaron.wilson193@icloud.com
v_a06734aaa5,/subscribe,2026-08-07 08:32:26,,megan.smith5@gmail.com
v_410e6a3f15,/subscribe,2026-08-07 09:04:56,,
v_91ed8a93c3,/,2026-08-07 09:10:20,,
v_08f344785a,/about,2026-08-07 09:16:43,,
v_766905a83d,/news/midterm-primaries-recap,2026-08-07 09:24:37,,
v_bcab50a060,/news/midterm-primaries-recap,2026-08-07 09:28:35,referral,
v_bcab50a060,/,2026-08-07 09:51:35,,
v_747d80842b,/,2026-08-07 09:59:22,,
v_3cb9ab1087,/,2026-08-07 10:10:07,,
v_f2c620baf8,/subscribe,2026-08-07 11:09:30,facebook,
v_dd1f1fc4c1,/news/supreme-court-ruling-explained,2026-08-07 11:13:11,facebook,
v_6e196f3f11,/subscribe,2026-08-07 11:15:26,,
v_15752b6d09,/about,2026-08-07 11:18:18,instagram,
v_679eeb0c84,/shadrachs-picks,2026-08-07 12:30:46,,
v_e4ffea090c,/,2026-08-07 12:37:26,,
v_7d853a7321,/subscribe,2026-08-07 12:40:50,,
v_bef94737a7,/,2026-08-07 13:24:13,,
v_5b7fb8e79d,/news/housing-market-cooldown,2026-08-07 13:34:04,facebook,
v_5b7fb8e79d,/shadrachs-picks,2026-08-07 14:07:04,,
v_5b7fb8e79d,/subscribe,2026-08-07 14:18:04,,
v_5b7fb8e79d,/subscribe,2026-08-07 14:38:04,,kate.young553@gmail.com
v_bcab50a060,/subscribe,2026-08-07 14:49:35,,naomi.parker718@protonmail.com
v_dfe2a7fbc6,/subscribe,2026-08-07 14:49:43,instagram,rachel.thomas116@gmail.com
v_dd1f1fc4c1,/subscribe,2026-08-07 15:15:11,,julia.nelson41@protonmail.com
v_d2e9b5cb87,/,2026-08-07 15:17:31,,
v_f9ab589a1d,/,2026-08-07 15:56:47,,
v_54c857a735,/news/supreme-court-ruling-explained,2026-08-07 15:57:49,instagram,
v_1bc848ec53,/,2026-08-07 16:27:33,,
v_8272dba2c6,/beliefs,2026-08-07 17:39:03,,
v_989f962e69,/shadrachs-picks,2026-08-07 17:53:14,google,
v_a4e2f87078,/,2026-08-07 18:04:01,,
v_989f962e69,/,2026-08-07 18:04:14,,
v_821cf47dc8,/shadrachs-picks,2026-08-07 18:52:49,,
v_d90b90c363,/news/new-space-telescope-images,2026-08-07 18:52:56,,
v_1a23411cac,/about,2026-08-07 19:07:07,,
v_a2bd5f0d51,/subscribe,2026-08-07 19:12:55,,
v_9c60d23429,/,2026-08-07 19:40:32,google,
v_15752b6d09,/subscribe,2026-08-07 19:44:18,,david.brown33@gmail.com
v_272dcffb24,/beliefs,2026-08-07 20:18:24,instagram,
v_b5ef12de2e,/news/midterm-primaries-recap,2026-08-07 20:23:39,instagram,
v_1a177c4c21,/,2026-08-07 20:37:08,,
v_4354256820,/shadrachs-picks,2026-08-07 21:07:17,,
v_c48692878d,/subscribe,2026-08-07 21:20:58,,
v_fbae2efece,/news/church-attendance-study,2026-08-07 21:52:22,google,
v_fe21bd6fe1,/news/ai-regulation-bill,2026-08-07 22:01:25,referral,
v_19199d17f7,/shadrachs-picks,2026-08-07 22:10:55,,
v_1b3257eefd,/news/church-attendance-study,2026-08-07 22:22:43,facebook,
v_989f962e69,/subscribe,2026-08-07 22:24:14,,naomi.thomas167@gmail.com
v_54c857a735,/subscribe,2026-08-07 22:37:49,,CLAIRE.SCOTT935@GMAIL.COM
v_5096d06954,/news/hurricane-season-update,2026-08-07 22:47:15,google,
v_5096d06954,/about,2026-08-07 22:49:15,,
v_f8a40dcce1,/subscribe,2026-08-07 23:09:25,google,faith.wright910@gmail.com
v_57a6f6076b,/subscribe,2026-08-07 23:32:13,facebook,claire.scott684@gmail.com
v_3231da2b1c,/beliefs,2026-08-07 23:35:09,,
v_a8ae21d91a,/news/new-space-telescope-images,2026-08-07 23:38:37,,
v_770c97095f,/,2026-08-07 23:45:35,facebook,
v_ed4b5ea78f,/news/what-is-happening-in-sudan,2026-08-07 23:47:10,,
v_a3cf0923bb,/shadrachs-picks,2026-08-08 00:02:44,,
v_942f19637a,/news/church-attendance-study,2026-08-08 00:14:16,google,
v_25d1ccb8f5,/news/church-attendance-study,2026-08-08 00:36:28,,
v_a90a048e1e,/news/ai-regulation-bill,2026-08-08 00:50:48,instagram,
v_c7878ec0a5,/,2026-08-08 00:58:14,,
v_2d3e8060b3,/news/ai-regulation-bill,2026-08-08 01:22:48,,
v_fe21bd6fe1,/subscribe,2026-08-08 01:23:25,,NAOMI.CARTER4@ICLOUD.COM
v_e5b61da8ac,/news/hurricane-season-update,2026-08-08 02:00:34,,
v_e5b61da8ac,/news/midterm-primaries-recap,2026-08-08 02:03:34,,
v_6b27e53812,/,2026-08-08 02:04:36,,
v_79d7448799,/subscribe,2026-08-08 02:46:57,referral,GRACE.GARCIA91@YAHOO.COM
v_3d523ae5e4,/about,2026-08-08 03:01:22,,
v_00b1747102,/news/hurricane-season-update,2026-08-08 03:01:29,,
v_51850c7ddf,/news/supreme-court-ruling-explained,2026-08-08 03:12:34,,
v_03d8a1f646,/news/ai-regulation-bill,2026-08-08 03:28:46,,
v_a8e2b9fe46,/news/supreme-court-ruling-explained,2026-08-08 03:50:35,,
v_128f3999d7,/shadrachs-picks,2026-08-08 04:17:33,,
v_34583ff5ea,/shadrachs-picks,2026-08-08 04:18:14,google,
v_a96563444d,/news/federal-budget-standoff,2026-08-08 04:19:32,facebook,
v_e4ffea090c,/news/housing-market-cooldown,2026-08-08 04:25:21,,
v_770c97095f,/subscribe,2026-08-08 04:51:35,,jacob.walker722@gmail.com
v_c7dfd632ad,/news/what-is-happening-in-sudan,2026-08-08 04:58:33,instagram,
v_668d78cd34,/news/housing-market-cooldown,2026-08-08 05:14:56,referral,
v_c7dfd632ad,/,2026-08-08 05:21:33,,
v_03ac66bbc5,/news/world-series-preview,2026-08-08 06:00:33,instagram,
v_f9de80f4ce,/,2026-08-08 06:13:31,,
v_03ac66bbc5,/subscribe,2026-08-08 06:14:33,,megan.baker472@hotmail.com
v_03ac66bbc5,/subscribe,2026-08-08 06:21:33,,
v_5096d06954,/subscribe,2026-08-08 06:26:15,,joy.green738@gmail.com
v_03ac66bbc5,/,2026-08-08 06:29:33,,
v_2d7d792e2b,/,2026-08-08 06:30:52,referral,
v_91ed8a93c3,/shadrachs-picks,2026-08-08 07:19:02,,
v_668d78cd34,/subscribe,2026-08-08 08:33:56,,julia.martin957@icloud.com
v_e5b61da8ac,/subscribe,2026-08-08 09:38:34,,isaac.moore161@icloud.com
v_942f19637a,/subscribe,2026-08-08 09:48:16,,LEAH.COOPER965@PROTONMAIL.COM
v_ce490c21ee,/news/what-is-happening-in-sudan,2026-08-08 09:56:22,,
v_c7dfd632ad,/subscribe,2026-08-08 10:30:33,,mary.thomas559@gmail.com
v_3691cf7cd8,/news/midterm-primaries-recap,2026-08-08 10:56:25,,
v_942f19637a,/news/what-is-happening-in-sudan,2026-08-08 10:58:42,,
v_8b96a83778,/news/new-space-telescope-images,2026-08-08 10:59:42,google,
v_2d7d792e2b,/subscribe,2026-08-08 11:27:52,,HANNAH.MURPHY421@YAHOO.COM
v_e307df7b1b,/,2026-08-08 11:28:24,,
v_8b96a83778,/beliefs,2026-08-08 11:38:42,,
v_6a3b2d6143,/news/new-space-telescope-images,2026-08-08 11:40:00,,
v_660e82ea05,/news/midterm-primaries-recap,2026-08-08 12:25:23,instagram,
v_776c5d2b5c,/,2026-08-08 13:34:40,,
v_9bc6b2ff5e,/,2026-08-08 13:35:24,referral,
v_32ee968b02,/news/church-attendance-study,2026-08-08 13:38:25,,
v_6127982b54,/,2026-08-08 13:40:27,instagram,
v_23a872f802,/news/housing-market-cooldown,2026-08-08 13:44:55,,
v_e94b21829c,/subscribe,2026-08-08 13:53:21,twitter,LUKE.PARKER999@GMAIL.COM
v_72871c473b,/shadrachs-picks,2026-08-08 13:57:57,,
v_704068a72a,/news/world-series-preview,2026-08-08 14:17:24,,
v_9bc6b2ff5e,/subscribe,2026-08-08 14:35:24,,SETH.BELL413@GMAIL.COM
v_6bc0201505,/shadrachs-picks,2026-08-08 14:37:11,,
v_8ec1dd37cd,/shadrachs-picks,2026-08-08 14:43:37,,
v_8b96a83778,/subscribe,2026-08-08 15:00:42,,megan.martin370@yahoo.com
v_d6770c2c32,/subscribe,2026-08-08 15:15:02,,
v_80cb39080e,/,2026-08-08 15:32:47,,
v_53bd62cf06,/subscribe,2026-08-08 15:41:31,,
v_704068a72a,/subscribe,2026-08-08 17:03:55,,
v_957f3e61e8,/,2026-08-08 17:14:50,,
v_490049700e,/about,2026-08-08 17:59:42,,
v_89c555e803,/news/new-space-telescope-images,2026-08-08 18:00:36,google,
v_d2e9b5cb87,/shadrachs-picks,2026-08-08 18:10:09,,
v_89c555e803,/,2026-08-08 18:13:36,,
v_8a19183f87,/news/federal-budget-standoff,2026-08-08 19:49:46,podcast,
v_9a2d648f44,/,2026-08-08 20:25:12,referral,
v_9bc6b2ff5e,/about,2026-08-08 20:54:57,,
v_9a2d648f44,/news/world-series-preview,2026-08-08 20:56:12,,
v_9a2d648f44,/beliefs,2026-08-08 21:10:12,,
v_654c54987c,/,2026-08-08 21:44:40,,
v_6127982b54,/subscribe,2026-08-08 21:47:27,,peter.reed310@yahoo.com
v_5f4ac17c6b,/shadrachs-picks,2026-08-08 21:48:41,,
v_00d7613d4b,/shadrachs-picks,2026-08-08 21:49:37,,
v_89c555e803,/subscribe,2026-08-08 21:56:36,,JACOB.EDWARDS491@HOTMAIL.COM
v_eb557d447d,/news/ai-regulation-bill,2026-08-08 22:21:29,referral,
v_23a872f802,/shadrachs-picks,2026-08-08 22:35:22,,
v_19199d17f7,/,2026-08-08 22:47:56,,
v_eb557d447d,/news/supreme-court-ruling-explained,2026-08-08 23:00:29,,
v_eb557d447d,/,2026-08-08 23:03:29,,
v_8a19183f87,/subscribe,2026-08-08 23:04:46,,luke.bell395@gmail.com
v_3113659238,/news/housing-market-cooldown,2026-08-08 23:16:57,,
v_8c61a4330b,/news/housing-market-cooldown,2026-08-08 23:42:39,,
v_9a2d648f44,/subscribe,2026-08-08 23:55:12,,andrew.thomas241@icloud.com
v_124d9aa912,/about,2026-08-09 00:11:02,google,
v_f0661e4a54,/news/federal-budget-standoff,2026-08-09 00:20:16,,
v_019ac32c2d,/news/federal-budget-standoff,2026-08-09 00:32:53,instagram,
v_654c54987c,/shadrachs-picks,2026-08-09 01:40:56,,
v_124d9aa912,/subscribe,2026-08-09 02:29:02,,david.scott694@icloud.com
v_d476f3f16e,/about,2026-08-09 02:51:40,referral,
v_e263c2b294,/news/world-series-preview,2026-08-09 02:54:57,referral,
v_e263c2b294,/news/what-is-happening-in-sudan,2026-08-09 03:13:57,,
v_d476f3f16e,/subscribe,2026-08-09 03:27:40,,megan.smith964@protonmail.com
v_eb557d447d,/subscribe,2026-08-09 03:58:29,,julia.nelson649@yahoo.com
v_e263c2b294,/subscribe,2026-08-09 04:04:57,,joy.murphy19@gmail.com
v_6bc0201505,/news/church-attendance-study,2026-08-09 04:34:54,,
v_56596eda5f,/shadrachs-picks,2026-08-09 05:03:46,,
v_6ad5045059,/news/church-attendance-study,2026-08-09 05:05:50,instagram,
v_3ea9f023aa,/,2026-08-09 05:08:47,facebook,
v_859307742d,/news/what-is-happening-in-sudan,2026-08-09 05:16:01,google,
v_a36c434996,/shadrachs-picks,2026-08-09 05:19:10,facebook,
v_473051667f,/news/church-attendance-study,2026-08-09 05:22:42,,
v_0f3b9c4fd2,/news/what-is-happening-in-sudan,2026-08-09 05:23:44,,
v_859307742d,/news/federal-budget-standoff,2026-08-09 05:35:01,,
v_859307742d,/subscribe,2026-08-09 05:44:01,,hannah.hall275@icloud.com
v_b2ecd29adf,/news/what-is-happening-in-sudan,2026-08-09 06:23:08,google,
v_b2ecd29adf,/,2026-08-09 06:56:08,,
v_56596eda5f,/,2026-08-09 07:46:04,,
v_f9ab589a1d,/about,2026-08-09 07:48:00,,
v_943b7ee7c5,/about,2026-08-09 08:16:48,,
v_c9147ac777,/news/midterm-primaries-recap,2026-08-09 08:26:14,google,
v_5f7fbe00d5,/about,2026-08-09 08:33:12,,
v_ea99c175d4,/news/hurricane-season-update,2026-08-09 08:38:33,,
v_c9147ac777,/news/midterm-primaries-recap,2026-08-09 08:44:14,,
v_d875da7226,/about,2026-08-09 08:57:23,referral,
v_fea0dc4374,/,2026-08-09 09:05:15,,
v_323ba6776c,/shadrachs-picks,2026-08-09 09:19:34,google,
v_b2ecd29adf,/subscribe,2026-08-09 09:29:08,,ethan.wright802@yahoo.com
v_eea702de9e,/news/new-space-telescope-images,2026-08-09 09:40:29,,
v_6b46948d4a,/news/what-is-happening-in-sudan,2026-08-09 09:49:18,,
v_883434d49d,/,2026-08-09 09:50:02,,
v_d875da7226,/subscribe,2026-08-09 10:51:23,,JOY.WILLIAMS699@PROTONMAIL.COM
v_e797baa104,/news/midterm-primaries-recap,2026-08-09 10:53:50,,
v_1c61ac0ac7,/,2026-08-09 11:07:16,,
v_1c61ac0ac7,/,2026-08-09 11:50:16,,
v_36d98144af,/shadrachs-picks,2026-08-09 11:51:00,,
v_ed4b5ea78f,/subscribe,2026-08-09 11:54:50,,
v_58c0513c08,/subscribe,2026-08-09 12:06:06,,
v_3d523ae5e4,/,2026-08-09 12:30:41,,
v_1c61ac0ac7,/,2026-08-09 12:33:16,,
v_6eac046ad7,/news/new-space-telescope-images,2026-08-09 12:51:09,podcast,
v_6eac046ad7,/news/what-is-happening-in-sudan,2026-08-09 12:58:09,,
v_c547ae0735,/news/church-attendance-study,2026-08-09 12:58:45,facebook,
v_a36c434996,/subscribe,2026-08-09 13:02:10,,faith.carter232@icloud.com
v_176635ac61,/subscribe,2026-08-09 13:02:47,,mark.rogers100@gmail.com
v_a751e8e247,/,2026-08-09 13:05:18,,
v_8a19183f87,/,2026-08-09 13:44:28,,
v_cc590ba6a7,/news/new-space-telescope-images,2026-08-09 13:58:37,,
v_13c555e504,/subscribe,2026-08-09 14:12:36,,
v_c9147ac777,/subscribe,2026-08-09 14:17:14,,naomi.parker574@gmail.com
v_184bc66ed6,/shadrachs-picks,2026-08-09 14:46:30,,
v_1c61ac0ac7,/subscribe,2026-08-09 15:57:16,,RACHEL.LEE103@GMAIL.COM
v_8a19183f87,/,2026-08-09 15:58:49,,
v_c5bd77bc42,/subscribe,2026-08-09 16:32:38,instagram,olivia.murphy603@gmail.com
v_1b36799123,/news/midterm-primaries-recap,2026-08-09 16:38:40,,
v_c9079fee60,/subscribe,2026-08-09 17:21:39,instagram,noah.smith941@hotmail.com
v_1d369214f5,/,2026-08-09 17:22:52,instagram,
v_722edb2eb2,/news/new-space-telescope-images,2026-08-09 17:34:11,,
v_2f57f5f979,/subscribe,2026-08-09 17:40:06,google,DAVID.PARKER370@GMAIL.COM
v_9a587f37aa,/,2026-08-09 17:42:04,,
v_ddf8e9f728,/news/supreme-court-ruling-explained,2026-08-09 17:43:21,facebook,
v_1d369214f5,/news/world-series-preview,2026-08-09 17:50:52,,
v_1d369214f5,/,2026-08-09 18:16:52,,
v_8ec1dd37cd,/,2026-08-09 18:26:40,,
v_8ec1dd37cd,/subscribe,2026-08-09 18:34:21,,
v_2165c30c33,/,2026-08-09 18:35:58,,
v_6eac046ad7,/subscribe,2026-08-09 19:19:09,,ESTHER.SMITH740@GMAIL.COM
v_3d523ae5e4,/news/new-space-telescope-images,2026-08-09 20:21:38,,
v_040568afb7,/news/ai-regulation-bill,2026-08-09 20:39:07,instagram,
v_0105e5cbbd,/subscribe,2026-08-09 21:05:30,,
v_1d369214f5,/subscribe,2026-08-09 21:05:52,,isaac.taylor109@gmail.com
v_c547ae0735,/subscribe,2026-08-09 22:08:45,,emily.mitchell387@gmail.com
v_317d29b75a,/subscribe,2026-08-09 22:21:51,,
v_dfa434c6ad,/about,2026-08-09 22:46:01,,
v_e275926d74,/,2026-08-09 23:25:11,google,
v_6907ed970b,/subscribe,2026-08-10 00:16:54,,
v_3e6c62b057,/,2026-08-10 00:29:33,,
v_936f6f8bd8,/news/housing-market-cooldown,2026-08-10 00:57:02,,
v_fc2d9e782e,/shadrachs-picks,2026-08-10 00:59:34,,
v_f7701737da,/about,2026-08-10 01:15:04,instagram,
v_13c795a5b8,/subscribe,2026-08-10 01:43:34,,
v_faadac7665,/,2026-08-10 01:45:08,facebook,
v_5db465d437,/about,2026-08-10 01:57:50,,
v_ff2e3f7dbb,/,2026-08-10 02:15:29,google,
v_ff2e3f7dbb,/news/supreme-court-ruling-explained,2026-08-10 02:22:29,,
v_6dc605daeb,/,2026-08-10 02:25:45,,
v_152ca424f8,/news/ai-regulation-bill,2026-08-10 02:30:38,,
v_5b0355024e,/about,2026-08-10 02:50:23,,
v_ff2e3f7dbb,/subscribe,2026-08-10 02:53:29,,lydia.rogers407@gmail.com
v_040568afb7,/subscribe,2026-08-10 03:18:07,,esther.phillips297@gmail.com
v_6bc0201505,/news/new-space-telescope-images,2026-08-10 03:25:09,,
v_28b4880220,/beliefs,2026-08-10 03:33:43,,
v_53bd62cf06,/news/what-is-happening-in-sudan,2026-08-10 04:29:17,,
v_d33a9d3c66,/,2026-08-10 04:54:48,facebook,
v_035022038e,/,2026-08-10 05:24:37,referral,
v_4a925757f4,/beliefs,2026-08-10 05:30:25,,
v_d33a9d3c66,/beliefs,2026-08-10 05:32:48,,
v_035022038e,/,2026-08-10 05:37:37,,
v_501a39825c,/,2026-08-10 05:39:03,,
v_0089575acf,/,2026-08-10 05:49:38,instagram,
v_035022038e,/about,2026-08-10 05:50:37,,
v_d33a9d3c66,/subscribe,2026-08-10 05:50:48,,matthew.hall204@gmail.com
v_0089575acf,/,2026-08-10 05:55:38,,
v_a2bd5f0d51,/news/church-attendance-study,2026-08-10 06:09:28,,
v_6156ac54e6,/beliefs,2026-08-10 06:10:14,,
v_d33a9d3c66,/shadrachs-picks,2026-08-10 06:16:48,,
v_6d441d3138,/,2026-08-10 06:31:49,,
v_eb931e11f7,/news/world-series-preview,2026-08-10 06:37:56,,
v_174b8395f2,/about,2026-08-10 07:04:50,,
v_21a3b855a3,/,2026-08-10 07:05:01,google,
v_7d3ec24549,/news/what-is-happening-in-sudan,2026-08-10 07:05:32,,
v_2b40d13c9c,/,2026-08-10 07:09:17,facebook,
v_603ed3230c,/,2026-08-10 07:10:44,referral,
v_f7701737da,/subscribe,2026-08-10 07:19:04,,joy.edwards367@gmail.com
v_a61338f1b3,/,2026-08-10 09:01:08,,
v_3eeed20894,/news/federal-budget-standoff,2026-08-10 09:05:59,,
v_fcac1079b3,/news/housing-market-cooldown,2026-08-10 09:10:03,google,
v_936f6f8bd8,/subscribe,2026-08-10 09:11:02,,mark.wright705@icloud.com
v_0089575acf,/subscribe,2026-08-10 09:32:38,,chloe.turner829@yahoo.com
v_fcac1079b3,/beliefs,2026-08-10 09:36:03,,
v_ea99c175d4,/,2026-08-10 09:55:30,,
v_cadba35a69,/about,2026-08-10 10:20:14,referral,
v_cadba35a69,/,2026-08-10 10:21:14,,
v_fcac1079b3,/subscribe,2026-08-10 10:43:03,,noah.murphy216@hotmail.com
v_cadba35a69,/shadrachs-picks,2026-08-10 10:46:14,,
v_035022038e,/subscribe,2026-08-10 10:47:37,,megan.allen47@outlook.com
v_2d09cde85e,/,2026-08-10 11:28:40,podcast,
v_cadba35a69,/subscribe,2026-08-10 11:34:14,,julia.wilson12@yahoo.com
v_1bedbdc462,/subscribe,2026-08-10 11:34:48,instagram,chloe.miller51@gmail.com
v_a4e2f87078,/subscribe,2026-08-10 11:45:14,,
v_30f9034b9a,/beliefs,2026-08-10 11:46:50,,
v_e372fb30c3,/,2026-08-10 11:47:47,,
v_25881234fd,/shadrachs-picks,2026-08-10 12:01:53,,
v_b2b8685a28,/shadrachs-picks,2026-08-10 12:06:11,,
v_7d9918039f,/news/federal-budget-standoff,2026-08-10 12:23:17,referral,
v_7df83b680a,/news/new-space-telescope-images,2026-08-10 12:28:36,referral,
v_6bc0201505,/our-staff,2026-08-10 12:39:02,,
v_8750310d08,/news/new-space-telescope-images,2026-08-10 12:56:26,,
v_8b2ad05e1b,/news/church-attendance-study,2026-08-10 13:24:58,google,
v_7c8ecc63e1,/our-staff,2026-08-10 14:03:12,,
v_bed7c69f88,/news/what-is-happening-in-sudan,2026-08-10 14:09:25,twitter,
v_7df83b680a,/subscribe,2026-08-10 14:14:36,,daniel.green595@protonmail.com
v_2f6658fc84,/about,2026-08-10 14:42:55,facebook,
v_9bc6b2ff5e,/subscribe,2026-08-10 15:33:04,,
v_603ed3230c,/subscribe,2026-08-10 15:50:44,,MARY.LEWIS554@GMAIL.COM
v_473051667f,/news/hurricane-season-update,2026-08-10 16:03:31,,
v_6bc0201505,/,2026-08-10 16:15:16,,
v_1b36799123,/,2026-08-10 16:16:46,,
v_03d8a1f646,/beliefs,2026-08-10 16:22:08,,
v_0ab98ec1aa,/,2026-08-10 16:33:27,,
v_4396b0a049,/subscribe,2026-08-10 17:21:29,,
v_1a643f46e9,/news/world-series-preview,2026-08-10 17:36:20,facebook,
v_1a643f46e9,/,2026-08-10 17:39:20,,
v_f64c568377,/,2026-08-10 17:41:53,facebook,
v_2d09cde85e,/subscribe,2026-08-10 17:50:40,,NOAH.MORRIS521@GMAIL.COM
v_8b2ad05e1b,/subscribe,2026-08-10 18:01:58,,matthew.bell707@icloud.com
v_57bad48486,/subscribe,2026-08-10 18:07:20,,
v_934a9668a5,/news/supreme-court-ruling-explained,2026-08-10 18:21:32,,
v_9eed48f9c9,/news/hurricane-season-update,2026-08-10 18:22:11,instagram,
v_f64c568377,/subscribe,2026-08-10 18:22:53,,
v_26e2abecf7,/,2026-08-10 18:25:56,instagram,
v_3ef255300f,/beliefs,2026-08-10 18:37:00,,
v_f64c568377,/news/midterm-primaries-recap,2026-08-10 19:03:53,,
v_64acdbbefa,/news/hurricane-season-update,2026-08-10 19:39:22,instagram,
v_abb20713f2,/,2026-08-10 19:51:01,referral,
v_64acdbbefa,/,2026-08-10 19:51:22,,
v_7d9918039f,/subscribe,2026-08-10 20:08:17,,KATE.WILSON188@GMAIL.COM
v_455cd01811,/subscribe,2026-08-10 20:10:22,,
v_f64c568377,/subscribe,2026-08-10 20:15:53,,faith.murphy442@icloud.com
v_bed7c69f88,/subscribe,2026-08-10 20:23:25,,hope.parker639@protonmail.com
v_780d659f6e,/,2026-08-10 20:40:39,,
v_2d2ad46514,/news/world-series-preview,2026-08-10 20:57:49,,
v_32c6fd68cd,/news/ai-regulation-bill,2026-08-10 21:05:27,google,
v_e4ffea090c,/news/federal-budget-standoff,2026-08-10 21:05:29,,
v_9bc6b2ff5e,/news/ai-regulation-bill,2026-08-10 21:10:35,,
v_7c3d91b643,/subscribe,2026-08-10 21:36:59,referral,ETHAN.GREEN923@ICLOUD.COM
v_5b75b5f7dc,/news/new-space-telescope-images,2026-08-10 21:39:15,,
v_a36c434996,/,2026-08-10 22:08:10,,
v_6156ac54e6,/beliefs,2026-08-10 22:45:01,,
v_b6750d8260,/shadrachs-picks,2026-08-10 23:04:06,facebook,
v_1a643f46e9,/subscribe,2026-08-10 23:08:20,,noah.carter974@gmail.com
v_26e2abecf7,/subscribe,2026-08-10 23:08:56,,joy.evans90@hotmail.com
v_2f6658fc84,/subscribe,2026-08-10 23:14:55,,isaac.morris348@hotmail.com
v_d1f67d42bf,/news/world-series-preview,2026-08-10 23:18:49,,
v_958c3dd320,/news/hurricane-season-update,2026-08-10 23:32:33,instagram,
v_0209a3b1fa,/news/new-space-telescope-images,2026-08-10 23:55:29,instagram,
v_958c3dd320,/,2026-08-10 23:55:33,,
v_1a643f46e9,/,2026-08-11 00:12:56,,
v_958c3dd320,/,2026-08-11 00:16:33,,
v_957f3e61e8,/about,2026-08-11 00:18:34,,
v_d6770c2c32,/shadrachs-picks,2026-08-11 00:33:37,,
v_fd10661b1e,/subscribe,2026-08-11 00:57:58,,seth.evans789@gmail.com
v_8e7336da61,/about,2026-08-11 01:09:40,facebook,
v_d875da7226,/,2026-08-11 01:19:37,,
v_64acdbbefa,/subscribe,2026-08-11 01:21:22,,laura.reed400@gmail.com
v_958c3dd320,/subscribe,2026-08-11 01:49:33,,aaron.walker577@hotmail.com
v_6abda9a2a3,/news/ai-regulation-bill,2026-08-11 01:58:50,instagram,
v_370b235d5e,/news/federal-budget-standoff,2026-08-11 02:17:45,facebook,
v_165317b95b,/news/federal-budget-standoff,2026-08-11 02:43:15,twitter,
v_7f5c539cfc,/news/hurricane-season-update,2026-08-11 03:04:40,google,
v_019ac32c2d,/news/world-series-preview,2026-08-11 03:26:41,,
v_9a2d648f44,/,2026-08-11 03:29:13,,
v_58c0513c08,/news/federal-budget-standoff,2026-08-11 03:34:18,,
v_abb20713f2,/subscribe,2026-08-11 03:36:01,,ben.wright327@outlook.com
v_7f5c539cfc,/,2026-08-11 03:46:40,,
v_5d9976ea8b,/shadrachs-picks,2026-08-11 04:18:56,,
v_7534986b3d,/subscribe,2026-08-11 04:24:32,,
v_19799ee79e,/shadrachs-picks,2026-08-11 05:17:55,,
v_5db465d437,/,2026-08-11 05:44:31,google,
v_c46dcb6014,/news/ai-regulation-bill,2026-08-11 06:12:28,instagram,
v_8e7336da61,/subscribe,2026-08-11 06:16:40,,ruth.bell56@gmail.com
v_58c0513c08,/,2026-08-11 06:22:57,,
v_0209a3b1fa,/subscribe,2026-08-11 06:53:29,,chloe.edwards186@protonmail.com
v_cb8e8702a7,/our-staff,2026-08-11 07:02:51,,
v_a36c434996,/news/church-attendance-study,2026-08-11 07:15:09,,
v_8750310d08,/beliefs,2026-08-11 07:20:14,,
v_7e9cff02e7,/news/what-is-happening-in-sudan,2026-08-11 07:37:30,,
v_bc3b06874c,/,2026-08-11 07:56:39,,
v_7df793d38b,/shadrachs-picks,2026-08-11 08:49:50,facebook,
v_48ce71b2a5,/shadrachs-picks,2026-08-11 09:08:38,,
v_b797c47bbd,/beliefs,2026-08-11 09:14:03,google,
v_7d3ec24549,/,2026-08-11 09:14:21,,
v_419fb00a02,/news/what-is-happening-in-sudan,2026-08-11 09:47:34,,
v_165317b95b,/subscribe,2026-08-11 09:51:15,,mark.davis120@gmail.com
v_780d659f6e,/,2026-08-11 09:54:14,instagram,
v_4092b03d85,/subscribe,2026-08-11 10:07:15,,caleb.green912@gmail.com
v_0f3b9c4fd2,/,2026-08-11 10:07:15,,
v_7f5c539cfc,/subscribe,2026-08-11 10:22:40,,julia.peterson914@icloud.com
v_223e773ff4,/shadrachs-picks,2026-08-11 10:24:56,instagram,
v_4396b0a049,/news/world-series-preview,2026-08-11 10:42:26,,
v_2170613fe4,/,2026-08-11 10:44:27,,
v_6abda9a2a3,/subscribe,2026-08-11 11:19:50,,mary.smith231@gmail.com
v_4818a0e06a,/,2026-08-11 11:34:22,instagram,
v_a38c9e1cfa,/,2026-08-11 11:34:34,,
v_c46dcb6014,/subscribe,2026-08-11 11:54:28,,AARON.JOHNSON781@YAHOO.COM
v_e92c01b348,/news/ai-regulation-bill,2026-08-11 11:55:35,podcast,
v_297eab7c60,/news/housing-market-cooldown,2026-08-11 11:57:11,instagram,
v_e92c01b348,/shadrachs-picks,2026-08-11 12:11:35,,
v_e92c01b348,/,2026-08-11 12:14:35,,
v_672b72f4cf,/shadrachs-picks,2026-08-11 12:21:56,,
v_509f91379a,/shadrachs-picks,2026-08-11 12:36:31,referral,
v_626281417b,/news/housing-market-cooldown,2026-08-11 13:20:18,referral,
v_faadac7665,/,2026-08-11 13:21:12,instagram,
v_626281417b,/shadrachs-picks,2026-08-11 13:28:18,,
v_174b8395f2,/beliefs,2026-08-11 13:46:07,,
v_9317a96d6d,/our-staff,2026-08-11 13:46:33,google,
v_6ae53f4ec2,/news/supreme-court-ruling-explained,2026-08-11 14:03:10,,
v_626281417b,/,2026-08-11 14:06:18,,
v_3476050c90,/subscribe,2026-08-11 14:07:03,,
v_e92c01b348,/subscribe,2026-08-11 14:11:35,,eli.williams356@icloud.com
v_de57efea85,/news/federal-budget-standoff,2026-08-11 14:37:25,instagram,
v_4818a0e06a,/subscribe,2026-08-11 15:43:22,,abigail.smith878@protonmail.com
v_58eb4c8714,/beliefs,2026-08-11 15:44:15,google,
v_a75ffe7d69,/shadrachs-picks,2026-08-11 15:59:12,,
v_0ac09065fe,/news/church-attendance-study,2026-08-11 16:13:07,,
v_c976a9aa05,/,2026-08-11 16:26:59,,
v_4f29875ed4,/shadrachs-picks,2026-08-11 16:33:26,,
v_38458fc902,/about,2026-08-11 16:51:21,,
v_7df793d38b,/subscribe,2026-08-11 16:55:50,,julia.moore461@hotmail.com
v_001b24b641,/news/housing-market-cooldown,2026-08-11 17:13:52,,
v_297eab7c60,/subscribe,2026-08-11 17:24:11,,olivia.parker10@hotmail.com
v_c0fa3bae90,/,2026-08-11 17:33:55,facebook,
v_509f91379a,/subscribe,2026-08-11 19:13:31,,john.reed904@gmail.com
v_942f19637a,/,2026-08-11 19:19:54,,
v_f9ab589a1d,/,2026-08-11 19:31:01,,
v_626281417b,/subscribe,2026-08-11 20:15:18,,daniel.wilson90@gmail.com
v_28abae332c,/subscribe,2026-08-11 20:30:02,google,rachel.green189@protonmail.com
v_d6770c2c32,/subscribe,2026-08-11 20:37:24,,
v_68761f5bd1,/,2026-08-11 20:48:42,,
v_bf33c46895,/subscribe,2026-08-11 20:52:36,,
v_56596eda5f,/,2026-08-11 20:56:38,,
v_bf33c46895,/subscribe,2026-08-11 21:36:33,,
v_8c61a4330b,/beliefs,2026-08-11 22:07:50,,
v_243541fd38,/news/church-attendance-study,2026-08-11 22:14:10,,
v_fcc82ea149,/,2026-08-11 22:20:21,,
v_2f5e616080,/,2026-08-11 22:33:47,,
v_1a89cddcca,/news/world-series-preview,2026-08-11 22:36:39,facebook,
v_c543c7207c,/news/world-series-preview,2026-08-11 22:43:37,referral,
v_25881234fd,/,2026-08-11 23:09:10,,
v_c543c7207c,/,2026-08-11 23:16:37,,
v_de57efea85,/subscribe,2026-08-11 23:27:25,,jacob.cook632@gmail.com
v_8b1e0cc168,/news/what-is-happening-in-sudan,2026-08-11 23:27:58,facebook,
v_39c531b368,/,2026-08-11 23:47:26,,
v_c543c7207c,/subscribe,2026-08-11 23:54:37,,faith.murphy54@gmail.com
v_11e3decd5f,/,2026-08-12 00:01:34,referral,
v_4b69f5fa5d,/,2026-08-12 00:06:12,,
v_13a6532e1b,/subscribe,2026-08-12 00:21:39,google,megan.hall510@gmail.com
v_afd39d69f8,/about,2026-08-12 00:32:10,instagram,
v_11e3decd5f,/shadrachs-picks,2026-08-12 00:38:34,,
v_11e3decd5f,/,2026-08-12 00:53:34,,
v_bd06c27ab6,/,2026-08-12 01:32:48,instagram,
v_93ec10189b,/,2026-08-12 01:33:44,,
v_2e1b53082c,/,2026-08-12 01:54:55,instagram,
v_2d3e8060b3,/news/new-space-telescope-images,2026-08-12 02:20:23,,
v_1d369214f5,/beliefs,2026-08-12 02:28:16,,
v_7acc332cf2,/shadrachs-picks,2026-08-12 02:34:13,,
v_0fd5419739,/subscribe,2026-08-12 02:55:02,,
v_1d369214f5,/news/new-space-telescope-images,2026-08-12 03:10:42,,
v_2170613fe4,/news/housing-market-cooldown,2026-08-12 03:29:22,,
v_7534986b3d,/news/supreme-court-ruling-explained,2026-08-12 03:32:56,,
v_f939d6b35d,/news/federal-budget-standoff,2026-08-12 03:39:13,referral,
v_157e163062,/subscribe,2026-08-12 03:45:25,,
v_f939d6b35d,/news/housing-market-cooldown,2026-08-12 04:00:13,,
v_afd39d69f8,/subscribe,2026-08-12 04:02:10,,paul.reed220@gmail.com
v_11726d5e57,/news/hurricane-season-update,2026-08-12 04:05:10,,
v_5f37e76da6,/,2026-08-12 05:15:28,,
v_937c2e8f73,/,2026-08-12 05:39:22,instagram,
v_937c2e8f73,/news/midterm-primaries-recap,2026-08-12 05:47:22,,
v_184bc66ed6,/news/federal-budget-standoff,2026-08-12 06:23:32,,
v_1a643f46e9,/news/federal-budget-standoff,2026-08-12 06:36:56,,
v_5b75b5f7dc,/news/what-is-happening-in-sudan,2026-08-12 06:56:47,,
v_11e3decd5f,/subscribe,2026-08-12 07:04:34,,ellie.young949@gmail.com
v_8c9924d281,/news/supreme-court-ruling-explained,2026-08-12 07:17:55,google,
v_e4387cf95a,/,2026-08-12 07:19:41,,
v_3f9df59a3f,/news/what-is-happening-in-sudan,2026-08-12 08:11:00,,
v_704068a72a,/subscribe,2026-08-12 08:11:58,,
v_7b539d7b0f,/news/ai-regulation-bill,2026-08-12 08:25:36,referral,
v_2e1b53082c,/subscribe,2026-08-12 08:27:55,,david.baker883@gmail.com
v_412da65bb1,/news/what-is-happening-in-sudan,2026-08-12 08:37:51,,
v_8c9924d281,/subscribe,2026-08-12 08:37:55,,sam.mitchell35@gmail.com
v_2d3e8060b3,/news/midterm-primaries-recap,2026-08-12 09:24:50,,
v_adfea79d90,/,2026-08-12 09:47:07,,
v_4eecf93d58,/news/new-space-telescope-images,2026-08-12 10:02:39,,
v_f646c8d593,/shadrachs-picks,2026-08-12 10:03:45,,
v_f939d6b35d,/subscribe,2026-08-12 10:10:13,,lydia.garcia819@gmail.com
v_937c2e8f73,/subscribe,2026-08-12 10:29:22,,joy.wright55@gmail.com
v_add7bfe4b9,/news/what-is-happening-in-sudan,2026-08-12 10:33:16,facebook,
v_a2bd5f0d51,/about,2026-08-12 10:43:29,,
v_91247b668b,/news/hurricane-season-update,2026-08-12 10:50:57,instagram,
v_add7bfe4b9,/news/ai-regulation-bill,2026-08-12 11:03:16,,
v_eb0ccdc557,/news/federal-budget-standoff,2026-08-12 11:23:50,referral,
v_bd06c27ab6,/subscribe,2026-08-12 11:31:48,,chloe.reed603@yahoo.com
v_add7bfe4b9,/news/what-is-happening-in-sudan,2026-08-12 11:39:16,,
v_44ce9693fb,/,2026-08-12 11:39:43,facebook,
v_344bde47bd,/shadrachs-picks,2026-08-12 11:57:52,podcast,
v_9634f2b21e,/,2026-08-12 12:01:40,,
v_344bde47bd,/news/federal-budget-standoff,2026-08-12 12:04:52,,
v_eb0ccdc557,/news/ai-regulation-bill,2026-08-12 12:07:50,,
v_1d726b49c7,/news/ai-regulation-bill,2026-08-12 13:31:47,,
v_22609c74f5,/shadrachs-picks,2026-08-12 13:44:58,referral,
v_add7bfe4b9,/subscribe,2026-08-12 14:09:16,,MARK.SCOTT567@GMAIL.COM
v_ed4b5ea78f,/,2026-08-12 14:13:56,,
v_7ef80aef00,/,2026-08-12 14:21:51,referral,
v_a8e2b9fe46,/subscribe,2026-08-12 14:22:44,,
v_7b539d7b0f,/subscribe,2026-08-12 14:39:36,,kate.wilson821@gmail.com
v_d2e9b5cb87,/beliefs,2026-08-12 14:59:41,,
v_83d84680f3,/shadrachs-picks,2026-08-12 15:07:49,,
v_134ec75f74,/,2026-08-12 15:11:15,instagram,
v_9eed48f9c9,/about,2026-08-12 15:36:56,,
v_022358b83d,/subscribe,2026-08-12 15:43:46,,
v_25d9367462,/,2026-08-12 15:56:14,,
v_38458fc902,/news/federal-budget-standoff,2026-08-12 16:04:43,,
v_22dbb5da70,/news/midterm-primaries-recap,2026-08-12 16:22:30,,
v_b142021511,/about,2026-08-12 16:44:23,,
v_c9147ac777,/,2026-08-12 16:54:48,,
v_c632347d8e,/,2026-08-12 17:06:40,,
v_8e9a56cdb6,/news/world-series-preview,2026-08-12 17:10:26,referral,
v_2eb83033ec,/beliefs,2026-08-12 17:13:08,,
v_936f6f8bd8,/,2026-08-12 17:17:18,,
v_356fb4b9e4,/about,2026-08-12 17:17:27,,
v_344bde47bd,/subscribe,2026-08-12 17:20:52,,MARY.BAKER495@PROTONMAIL.COM
v_8e9a56cdb6,/news/ai-regulation-bill,2026-08-12 17:22:26,,
v_7ef80aef00,/subscribe,2026-08-12 17:22:51,,hope.campbell645@protonmail.com
v_7d3ec24549,/news/federal-budget-standoff,2026-08-12 17:27:50,,
v_507857ba25,/news/ai-regulation-bill,2026-08-12 17:37:27,instagram,
v_507857ba25,/,2026-08-12 17:53:27,,
v_21cd344ae3,/news/hurricane-season-update,2026-08-12 18:19:10,google,
v_22609c74f5,/subscribe,2026-08-12 18:39:58,,leah.rogers970@hotmail.com
v_a4e2f87078,/,2026-08-12 18:55:57,,
v_21cd344ae3,/,2026-08-12 18:58:10,,
v_21cd344ae3,/about,2026-08-12 18:59:10,,
v_1d369214f5,/news/housing-market-cooldown,2026-08-12 18:59:23,,
v_01388e2717,/news/housing-market-cooldown,2026-08-12 18:59:53,,
v_6a5d9bb3c3,/,2026-08-12 19:01:46,instagram,
v_bde49e2275,/about,2026-08-12 19:01:59,instagram,
v_3d3ce13c1c,/,2026-08-12 19:31:49,facebook,
v_22dbb5da70,/subscribe,2026-08-12 19:54:36,,
v_f109cd97d4,/,2026-08-12 19:57:05,,
v_abc8f4189b,/news/what-is-happening-in-sudan,2026-08-12 20:10:44,referral,
v_e92c01b348,/,2026-08-12 20:10:57,,
v_eb0ccdc557,/subscribe,2026-08-12 20:28:50,,naomi.green172@outlook.com
v_abc8f4189b,/news/supreme-court-ruling-explained,2026-08-12 20:32:44,,
v_abc8f4189b,/,2026-08-12 20:59:44,,
v_507857ba25,/subscribe,2026-08-12 21:16:27,,nathan.murphy92@gmail.com
v_47d2bfdfa6,/news/new-space-telescope-images,2026-08-12 22:15:44,,
v_6bc0201505,/,2026-08-12 22:46:16,,
v_bc50d16e88,/shadrachs-picks,2026-08-12 22:47:13,podcast,
v_3d55e1d787,/,2026-08-12 22:53:46,,
v_94508c91ca,/,2026-08-12 22:59:39,,
v_bc50d16e88,/news/ai-regulation-bill,2026-08-12 23:06:13,,
v_bde49e2275,/subscribe,2026-08-12 23:16:59,,megan.rogers371@gmail.com
v_5e98bcc939,/news/ai-regulation-bill,2026-08-12 23:26:34,,
v_19d00c2f67,/news/housing-market-cooldown,2026-08-12 23:26:53,referral,
v_f968377d2b,/beliefs,2026-08-12 23:38:41,,
v_bc50d16e88,/news/what-is-happening-in-sudan,2026-08-12 23:46:13,,
v_93a6213a5b,/news/housing-market-cooldown,2026-08-12 23:50:36,,
v_c632347d8e,/subscribe,2026-08-13 00:01:40,,esther.rogers221@gmail.com
v_19d00c2f67,/subscribe,2026-08-13 00:01:53,,
v_5b75b5f7dc,/news/midterm-primaries-recap,2026-08-13 00:03:23,,
v_56e6a2326c,/news/hurricane-season-update,2026-08-13 00:07:37,facebook,
v_f36da4e0e3,/news/world-series-preview,2026-08-13 00:12:22,google,
v_7b30386f49,/,2026-08-13 00:15:12,facebook,
v_0a50f8b97c,/subscribe,2026-08-13 00:17:35,facebook,tim.taylor547@hotmail.com
v_21cd344ae3,/subscribe,2026-08-13 00:34:10,,esther.clark896@gmail.com
v_128f3999d7,/news/what-is-happening-in-sudan,2026-08-13 00:34:13,,
v_050a34cb36,/news/ai-regulation-bill,2026-08-13 00:35:06,,
v_afb13c3161,/shadrachs-picks,2026-08-13 00:35:48,,
v_8e9a56cdb6,/subscribe,2026-08-13 01:09:26,,john.morgan380@gmail.com
v_19199d17f7,/,2026-08-13 01:24:53,,
v_9b5513aac6,/about,2026-08-13 01:37:48,,
v_7b30386f49,/subscribe,2026-08-13 01:47:12,,esther.clark701@hotmail.com
v_b0573784c5,/news/ai-regulation-bill,2026-08-13 02:11:50,instagram,
v_a58fd4ad67,/news/world-series-preview,2026-08-13 02:23:31,,
v_b0573784c5,/,2026-08-13 02:29:50,,
v_b0573784c5,/subscribe,2026-08-13 02:33:50,,tim.davis400@gmail.com
v_abb20713f2,/,2026-08-13 02:37:10,,
v_8b431d2ceb,/,2026-08-13 02:49:32,instagram,
v_8b431d2ceb,/,2026-08-13 02:52:32,,
v_b801dc2e25,/subscribe,2026-08-13 03:01:14,,
v_6a5d9bb3c3,/subscribe,2026-08-13 03:07:46,,lydia.martin252@hotmail.com
v_6b012744a9,/,2026-08-13 03:14:15,instagram,
v_0e075576aa,/about,2026-08-13 03:36:03,instagram,
v_5b75b5f7dc,/news/midterm-primaries-recap,2026-08-13 03:36:39,,
v_3ebd6b745e,/,2026-08-13 03:43:54,,
v_43b65672d2,/news/federal-budget-standoff,2026-08-13 03:52:59,google,
v_c431862b46,/subscribe,2026-08-13 03:58:50,referral,julia.wilson479@hotmail.com
v_d875da7226,/,2026-08-13 03:59:06,,
v_48ce71b2a5,/,2026-08-13 04:11:19,,
v_2f5e616080,/,2026-08-13 04:17:05,,
v_845b7e29cb,/news/what-is-happening-in-sudan,2026-08-13 04:51:03,,
v_350160998a,/subscribe,2026-08-13 05:01:00,,
v_ac3508e24a,/,2026-08-13 05:09:06,podcast,
v_bc50d16e88,/subscribe,2026-08-13 05:20:13,,isaac.johnson914@protonmail.com
v_087f16ff95,/subscribe,2026-08-13 05:23:37,,
v_ae9cd73ccd,/shadrachs-picks,2026-08-13 05:29:46,instagram,
v_ae9cd73ccd,/shadrachs-picks,2026-08-13 05:35:46,,
v_abc8f4189b,/subscribe,2026-08-13 05:36:44,,PETER.TAYLOR854@GMAIL.COM
v_ac3508e24a,/subscribe,2026-08-13 05:37:06,,
v_ae9cd73ccd,/news/federal-budget-standoff,2026-08-13 05:41:46,,
v_36ffd8541d,/news/midterm-primaries-recap,2026-08-13 06:07:04,,
v_4a6a58cfb6,/news/hurricane-season-update,2026-08-13 06:08:39,,
v_63397f6fe2,/news/supreme-court-ruling-explained,2026-08-13 06:10:21,,
v_91ed8a93c3,/,2026-08-13 06:14:55,,
v_2d794c8a27,/shadrachs-picks,2026-08-13 06:15:21,facebook,
v_66890abd3b,/news/ai-regulation-bill,2026-08-13 06:20:10,,
v_2d794c8a27,/subscribe,2026-08-13 06:44:21,,laura.morgan590@gmail.com
v_2d794c8a27,/,2026-08-13 06:49:21,,
v_7285fffb37,/subscribe,2026-08-13 06:54:37,google,
v_7534986b3d,/news/new-space-telescope-images,2026-08-13 06:55:56,,
v_6127712ba0,/,2026-08-13 06:56:14,facebook,
v_6127712ba0,/subscribe,2026-08-13 07:07:14,,daniel.phillips107@protonmail.com
v_9c5c67fe12,/shadrachs-picks,2026-08-13 07:13:20,instagram,
v_ae9cd73ccd,/subscribe,2026-08-13 07:29:46,,abigail.scott501@hotmail.com
v_22dbb5da70,/beliefs,2026-08-13 07:47:07,,
v_6641182e8a,/subscribe,2026-08-13 07:48:48,,
v_704068a72a,/shadrachs-picks,2026-08-13 07:49:47,,
v_080faabc6b,/shadrachs-picks,2026-08-13 07:57:52,facebook,
v_43b65672d2,/subscribe,2026-08-13 08:16:59,,david.davis609@gmail.com
v_a58fd4ad67,/,2026-08-13 08:43:49,,
v_7f5c539cfc,/,2026-08-13 08:48:08,,
v_0e0c169485,/,2026-08-13 08:49:32,,
v_ac3508e24a,/subscribe,2026-08-13 08:51:06,,emily.scott477@gmail.com
v_19d00c2f67,/subscribe,2026-08-13 09:08:53,,joy.martin390@gmail.com
v_5b75b5f7dc,/subscribe,2026-08-13 09:25:32,,
v_8b431d2ceb,/subscribe,2026-08-13 09:45:32,,sam.davis350@gmail.com
v_6bc0201505,/,2026-08-13 10:34:34,,
v_3d55e1d787,/news/housing-market-cooldown,2026-08-13 11:06:55,,
v_9a8dc7c327,/news/world-series-preview,2026-08-13 11:13:59,referral,
v_cd738bed80,/,2026-08-13 12:04:41,,
v_2c509c08f0,/news/ai-regulation-bill,2026-08-13 12:05:20,,
v_9c5c67fe12,/subscribe,2026-08-13 12:19:20,,mark.mitchell662@outlook.com
v_62d07f73ab,/news/housing-market-cooldown,2026-08-13 12:31:39,instagram,
v_a8e2b9fe46,/,2026-08-13 12:37:47,,
v_e542c8e9cd,/news/new-space-telescope-images,2026-08-13 14:07:54,,
v_001b24b641,/news/world-series-preview,2026-08-13 14:12:23,,
v_1768729237,/shadrachs-picks,2026-08-13 14:29:54,,
v_89c555e803,/,2026-08-13 14:48:35,,
v_7992ac54de,/,2026-08-13 14:54:16,google,
v_942f19637a,/news/world-series-preview,2026-08-13 14:57:16,,
v_ce490c21ee,/news/supreme-court-ruling-explained,2026-08-13 15:20:20,,
v_49e0f144cf,/news/church-attendance-study,2026-08-13 15:23:20,instagram,
v_62d07f73ab,/subscribe,2026-08-13 15:25:39,,naomi.hall780@outlook.com
v_40b57dcb34,/,2026-08-13 15:27:55,,
v_9a8dc7c327,/subscribe,2026-08-13 15:33:59,,daniel.anderson109@gmail.com
v_49e0f144cf,/news/supreme-court-ruling-explained,2026-08-13 15:59:20,,
v_3e6c62b057,/news/what-is-happening-in-sudan,2026-08-13 16:04:25,,
v_49e0f144cf,/news/what-is-happening-in-sudan,2026-08-13 16:13:20,,
v_3e6c62b057,/our-staff,2026-08-13 16:26:30,,
v_7992ac54de,/subscribe,2026-08-13 16:27:16,,laura.peterson466@protonmail.com
v_889e2c783b,/news/ai-regulation-bill,2026-08-13 16:37:04,facebook,
v_087f16ff95,/news/what-is-happening-in-sudan,2026-08-13 17:18:01,,
v_d70583d0be,/news/ai-regulation-bill,2026-08-13 17:34:12,referral,
v_9095c11297,/,2026-08-13 18:15:15,,
v_2f38ab3064,/,2026-08-13 18:19:37,,
v_fbff09e5e6,/,2026-08-13 18:25:17,,
v_ddad658406,/subscribe,2026-08-13 19:10:08,,
v_a9074a4fdb,/news/midterm-primaries-recap,2026-08-13 19:22:47,referral,
v_bada8a06e1,/news/new-space-telescope-images,2026-08-13 19:45:25,,
v_a8392fb68a,/beliefs,2026-08-13 19:52:41,,
v_49e0f144cf,/subscribe,2026-08-13 20:02:20,,zoe.scott449@icloud.com
v_64c2b5c7d4,/subscribe,2026-08-13 20:02:51,referral,nathan.rogers421@gmail.com
v_d04023b175,/news/housing-market-cooldown,2026-08-13 20:33:21,referral,
v_d04023b175,/beliefs,2026-08-13 21:11:21,,
v_13b29a49ea,/,2026-08-13 21:12:12,,
v_89c555e803,/beliefs,2026-08-13 21:19:38,,
v_d04023b175,/news/church-attendance-study,2026-08-13 21:22:21,,
v_9bc6b2ff5e,/subscribe,2026-08-13 21:37:12,,
v_ca961e670e,/news/supreme-court-ruling-explained,2026-08-13 21:54:46,,
v_53bd62cf06,/news/church-attendance-study,2026-08-13 22:19:52,,
v_73122478b4,/news/midterm-primaries-recap,2026-08-13 22:40:48,twitter,
v_d74b60ec22,/,2026-08-13 23:02:49,,
v_6bc0201505,/news/world-series-preview,2026-08-13 23:14:10,,
v_76e966e0c6,/our-staff,2026-08-13 23:28:13,,
v_8b023edf11,/,2026-08-14 00:03:57,instagram,
v_d70583d0be,/subscribe,2026-08-14 00:54:12,,ruth.baker698@gmail.com
v_7d3ec24549,/subscribe,2026-08-14 01:07:57,,
v_942f19637a,/subscribe,2026-08-14 01:27:20,,
v_c2f101ee0d,/news/church-attendance-study,2026-08-14 01:37:21,facebook,
v_e70932e269,/subscribe,2026-08-14 01:40:16,referral,esther.evans581@protonmail.com
v_c2724ef726,/about,2026-08-14 01:53:49,,
v_f9ab589a1d,/,2026-08-14 01:54:18,,
v_1028a63830,/about,2026-08-14 02:01:43,,
v_ec5127bffa,/,2026-08-14 02:03:38,,
v_88f65f2b3d,/shadrachs-picks,2026-08-14 02:05:16,podcast,
v_056c984f33,/news/ai-regulation-bill,2026-08-14 02:14:16,google,
v_980f78a17b,/subscribe,2026-08-14 03:10:59,podcast,emily.wilson442@gmail.com
v_6923f77245,/,2026-08-14 03:16:18,,
v_a75ffe7d69,/news/new-space-telescope-images,2026-08-14 03:35:20,,
v_bc3b06874c,/news/hurricane-season-update,2026-08-14 03:42:23,,
v_d04023b175,/subscribe,2026-08-14 03:51:21,,eli.reed598@gmail.com
v_fcac72628b,/news/housing-market-cooldown,2026-08-14 04:02:06,instagram,
v_abb20713f2,/,2026-08-14 04:34:44,,
v_5b0355024e,/news/what-is-happening-in-sudan,2026-08-14 04:44:13,,
v_d6770c2c32,/,2026-08-14 04:50:43,,
v_a9074a4fdb,/subscribe,2026-08-14 05:11:47,,AARON.STEWART871@GMAIL.COM
v_7d3ec24549,/news/church-attendance-study,2026-08-14 05:17:55,,
v_abb20713f2,/,2026-08-14 05:27:34,,
v_a751e8e247,/our-staff,2026-08-14 06:01:54,,
v_abb20713f2,/,2026-08-14 06:16:52,,
v_3b69ac78d5,/news/what-is-happening-in-sudan,2026-08-14 06:28:42,facebook,
v_569d3a387c,/news/ai-regulation-bill,2026-08-14 06:40:04,facebook,
v_8b431d2ceb,/news/hurricane-season-update,2026-08-14 06:56:16,,
v_3b69ac78d5,/news/what-is-happening-in-sudan,2026-08-14 06:58:42,,
v_3b69ac78d5,/news/hurricane-season-update,2026-08-14 07:02:42,,
v_8b3be8107e,/news/church-attendance-study,2026-08-14 07:07:52,referral,
v_9bc6b2ff5e,/,2026-08-14 07:16:27,,
v_a90a048e1e,/shadrachs-picks,2026-08-14 07:46:45,facebook,
v_4b3f2a4662,/news/supreme-court-ruling-explained,2026-08-14 07:48:22,google,
v_5be4a71254,/,2026-08-14 07:53:20,facebook,
v_3966053b8a,/about,2026-08-14 07:57:17,,
v_76e966e0c6,/,2026-08-14 08:07:12,,
v_4b3f2a4662,/subscribe,2026-08-14 08:23:22,,SAM.MITCHELL484@GMAIL.COM
v_4b3f2a4662,/about,2026-08-14 08:28:22,,
v_5be4a71254,/news/world-series-preview,2026-08-14 08:35:20,,
v_73122478b4,/subscribe,2026-08-14 08:37:48,,andrew.murphy825@gmail.com
v_40b57dcb34,/shadrachs-picks,2026-08-14 08:40:21,,
v_fcac72628b,/subscribe,2026-08-14 08:43:06,,hannah.allen146@gmail.com
v_660e82ea05,/news/church-attendance-study,2026-08-14 08:43:48,,
v_f9ab589a1d,/news/church-attendance-study,2026-08-14 08:54:41,,
v_bc790ec0f9,/,2026-08-14 08:59:50,facebook,
v_ae30eb9aee,/,2026-08-14 09:25:45,facebook,
v_2b5df0c5a7,/about,2026-08-14 09:33:00,instagram,
v_8ec1dd37cd,/,2026-08-14 09:33:02,,
v_bb56cf01b5,/,2026-08-14 09:41:43,,
v_ae30eb9aee,/about,2026-08-14 09:51:45,,
v_ae30eb9aee,/our-staff,2026-08-14 10:01:45,,
v_711f4a4223,/shadrachs-picks,2026-08-14 10:05:30,,
v_bc790ec0f9,/subscribe,2026-08-14 10:05:50,,john.clark200@gmail.com
v_8b3be8107e,/subscribe,2026-08-14 10:56:52,,claire.peterson398@gmail.com
v_88f65f2b3d,/subscribe,2026-08-14 11:25:16,,lydia.reed778@protonmail.com
v_0105e5cbbd,/,2026-08-14 11:51:31,,
v_362003165c,/shadrachs-picks,2026-08-14 12:11:48,google,
v_01388e2717,/news/federal-budget-standoff,2026-08-14 12:58:06,,
v_e28cd8a661,/,2026-08-14 13:01:29,,
v_57a6f6076b,/our-staff,2026-08-14 13:04:15,,
v_ae30eb9aee,/subscribe,2026-08-14 13:26:45,,laura.moore515@protonmail.com
v_47d2bfdfa6,/news/new-space-telescope-images,2026-08-14 13:56:42,,
v_80ef88b085,/,2026-08-14 14:12:37,google,
v_80ef88b085,/,2026-08-14 14:26:37,,
v_25d1ccb8f5,/,2026-08-14 14:28:33,,
v_80ef88b085,/,2026-08-14 15:02:37,,
v_80ef88b085,/subscribe,2026-08-14 15:05:37,,megan.green322@gmail.com
v_e13fb141d7,/about,2026-08-14 16:04:20,google,
v_4c7b473c34,/beliefs,2026-08-14 16:07:50,,
v_76486e2c54,/news/federal-budget-standoff,2026-08-14 16:09:52,google,
v_3b69ac78d5,/subscribe,2026-08-14 16:27:42,,john.garcia889@outlook.com
v_5be4a71254,/subscribe,2026-08-14 16:33:20,,naomi.king818@hotmail.com
v_e13fb141d7,/about,2026-08-14 16:49:20,,
v_e13fb141d7,/,2026-08-14 17:13:20,,
v_47a1c2ee79,/news/hurricane-season-update,2026-08-14 17:38:45,facebook,
v_d70583d0be,/subscribe,2026-08-14 17:47:22,,
v_656c9197c7,/about,2026-08-14 17:53:06,instagram,
v_2b5df0c5a7,/subscribe,2026-08-14 19:01:00,,olivia.bell848@gmail.com
v_e28cd8a661,/subscribe,2026-08-14 19:04:29,,MATTHEW.MURPHY242@GMAIL.COM
v_72a1d8ee1f,/news/what-is-happening-in-sudan,2026-08-14 19:16:45,,
v_c8a34bb260,/,2026-08-14 19:46:01,facebook,
v_8c0499b5d1,/,2026-08-14 20:00:32,,
v_5b75b5f7dc,/,2026-08-14 20:54:20,,
v_e03ad7830e,/,2026-08-14 21:15:26,instagram,
v_8474ebb4c0,/,2026-08-14 21:18:43,podcast,
v_e13fb141d7,/subscribe,2026-08-14 21:19:20,,julia.hall142@gmail.com
v_157e163062,/,2026-08-14 21:32:25,,
v_a347261200,/,2026-08-14 21:39:03,,
v_e03ad7830e,/news/church-attendance-study,2026-08-14 21:47:26,,
v_56760e83bf,/news/housing-market-cooldown,2026-08-14 21:56:32,,
v_cef1600227,/news/supreme-court-ruling-explained,2026-08-14 22:02:42,,
v_1b36799123,/news/supreme-court-ruling-explained,2026-08-14 22:11:48,,
v_e03ad7830e,/shadrachs-picks,2026-08-14 22:15:26,,
v_14038b34ef,/subscribe,2026-08-14 22:24:00,referral,joy.anderson228@outlook.com
v_26e2abecf7,/,2026-08-14 22:25:06,,
v_25dd49d31e,/news/hurricane-season-update,2026-08-14 22:29:03,referral,
v_9b5513aac6,/,2026-08-14 22:37:59,,
v_942f19637a,/subscribe,2026-08-14 22:47:47,,
v_7d3ec24549,/about,2026-08-14 22:56:33,,
v_ddf8e9f728,/news/federal-budget-standoff,2026-08-14 23:25:53,,
v_e03ad7830e,/subscribe,2026-08-15 00:38:26,,leah.lewis600@gmail.com
v_cadba35a69,/news/world-series-preview,2026-08-15 00:58:16,,
v_2f57f5f979,/news/federal-budget-standoff,2026-08-15 01:16:09,,
v_a0aca96e25,/subscribe,2026-08-15 01:57:36,facebook,
v_c48692878d,/news/new-space-telescope-images,2026-08-15 01:59:46,,
v_fbff09e5e6,/,2026-08-15 02:11:30,,
v_473051667f,/,2026-08-15 02:17:47,,
v_25dd49d31e,/subscribe,2026-08-15 03:14:03,,julia.evans794@outlook.com
v_8474ebb4c0,/subscribe,2026-08-15 03:15:43,,caleb.smith122@gmail.com
v_43b9505363,/about,2026-08-15 04:05:39,,
v_6907ed970b,/news/hurricane-season-update,2026-08-15 04:08:10,,
v_b5cb16659f,/news/world-series-preview,2026-08-15 04:15:16,,
v_50de35354f,/subscribe,2026-08-15 05:03:15,,
v_be004b6a7d,/news/housing-market-cooldown,2026-08-15 05:04:42,,
v_cc590ba6a7,/news/supreme-court-ruling-explained,2026-08-15 05:55:10,,
v_7bb0f467a8,/subscribe,2026-08-15 06:18:44,,
v_5b0355024e,/,2026-08-15 07:02:55,,
v_957f3e61e8,/news/what-is-happening-in-sudan,2026-08-15 07:15:03,,
v_3d523ae5e4,/news/church-attendance-study,2026-08-15 07:37:40,,
v_c72a7bbeb0,/,2026-08-15 07:39:14,,
v_a4e2f87078,/,2026-08-15 08:15:52,,
v_d39fe12ae8,/subscribe,2026-08-15 08:26:13,,
v_6eac046ad7,/,2026-08-15 08:37:01,,
v_a713b48984,/news/new-space-telescope-images,2026-08-15 09:16:35,instagram,
v_0209a3b1fa,/news/hurricane-season-update,2026-08-15 09:24:24,,
v_6e6ee0d12d,/news/ai-regulation-bill,2026-08-15 09:45:13,,
v_1d369214f5,/news/hurricane-season-update,2026-08-15 09:49:21,,
v_fa3c24ef6e,/about,2026-08-15 09:59:34,,
v_51f062d517,/news/new-space-telescope-images,2026-08-15 10:51:27,instagram,
v_7995f8d937,/news/ai-regulation-bill,2026-08-15 11:04:24,facebook,
v_51f062d517,/subscribe,2026-08-15 11:08:27,,
v_d6770c2c32,/,2026-08-15 11:54:27,,
v_73f82ee578,/,2026-08-15 12:17:44,,
v_94653eb92f,/subscribe,2026-08-15 12:17:53,,MICHAEL.CAMPBELL867@HOTMAIL.COM
v_53b90a2cc4,/news/ai-regulation-bill,2026-08-15 12:33:48,google,
v_add7bfe4b9,/,2026-08-15 12:34:48,,
v_1d369214f5,/shadrachs-picks,2026-08-15 12:53:56,,
v_51f062d517,/subscribe,2026-08-15 13:02:27,,tim.campbell608@gmail.com
v_528d6bccda,/shadrachs-picks,2026-08-15 13:04:35,twitter,
v_f874c26d2b,/subscribe,2026-08-15 13:07:40,,
v_2f5e616080,/news/federal-budget-standoff,2026-08-15 13:26:34,,
v_a713b48984,/subscribe,2026-08-15 13:51:35,,laura.walker791@hotmail.com
v_e4387cf95a,/news/ai-regulation-bill,2026-08-15 13:54:48,,
v_3d523ae5e4,/news/housing-market-cooldown,2026-08-15 14:02:05,,
v_80652ccfae,/beliefs,2026-08-15 14:17:38,instagram,
v_d7d4e33051,/,2026-08-15 14:24:22,referral,
v_2c509c08f0,/,2026-08-15 15:21:05,,
v_51f062d517,/subscribe,2026-08-15 15:40:53,,
v_5e98bcc939,/,2026-08-15 15:44:10,,
v_4eecf93d58,/news/new-space-telescope-images,2026-08-15 16:02:31,,
v_22b00f4e0e,/shadrachs-picks,2026-08-15 16:04:27,,
v_a9c013073a,/news/housing-market-cooldown,2026-08-15 17:03:47,instagram,
v_501a39825c,/news/housing-market-cooldown,2026-08-15 17:10:10,,
v_11726d5e57,/subscribe,2026-08-15 17:20:12,,
v_0ac09065fe,/news/new-space-telescope-images,2026-08-15 17:22:33,,
v_38458fc902,/,2026-08-15 17:48:36,,
v_add7bfe4b9,/news/hurricane-season-update,2026-08-15 18:26:30,,
v_d7d4e33051,/subscribe,2026-08-15 18:28:22,,emily.martin460@hotmail.com
v_00d7613d4b,/,2026-08-15 18:47:58,,
v_5be4a71254,/news/supreme-court-ruling-explained,2026-08-15 19:00:52,,
v_089d534020,/news/hurricane-season-update,2026-08-15 19:29:25,facebook,
v_e77d7874ae,/,2026-08-15 19:30:47,,
v_c952d2eab1,/news/church-attendance-study,2026-08-15 19:32:50,,
v_490049700e,/news/federal-budget-standoff,2026-08-15 19:39:54,instagram,
v_68c8c5d741,/about,2026-08-15 19:57:48,,
v_9c60d23429,/news/new-space-telescope-images,2026-08-15 20:23:09,,
v_8750310d08,/,2026-08-15 20:50:46,,
v_add7bfe4b9,/shadrachs-picks,2026-08-15 21:12:23,,
v_cd738bed80,/news/federal-budget-standoff,2026-08-15 21:58:22,,
v_ed4b5ea78f,/news/ai-regulation-bill,2026-08-15 22:00:58,,
v_ac3508e24a,/,2026-08-15 22:37:31,,
v_528d6bccda,/subscribe,2026-08-15 22:42:35,,seth.walker955@outlook.com
v_a2bd5f0d51,/,2026-08-15 23:12:22,,
v_56760e83bf,/subscribe,2026-08-15 23:37:04,,
v_7b1ba7a0fd,/subscribe,2026-08-16 00:23:31,,
v_03ac66bbc5,/news/church-attendance-study,2026-08-16 00:50:13,,
v_e44b514418,/news/housing-market-cooldown,2026-08-16 01:50:17,google,
v_089d534020,/subscribe,2026-08-16 01:52:25,,BEN.ROGERS723@YAHOO.COM
v_128f3999d7,/,2026-08-16 01:52:46,,
v_f023360b4e,/about,2026-08-16 01:59:23,,
v_2aa7b7d911,/subscribe,2026-08-16 02:16:11,referral,aaron.martin194@protonmail.com
v_c3fb1496b7,/subscribe,2026-08-16 02:24:49,facebook,
v_2eb83033ec,/,2026-08-16 02:37:26,,
v_3dfdc0337c,/shadrachs-picks,2026-08-16 02:48:26,,
v_6d441d3138,/subscribe,2026-08-16 04:07:08,,
v_6907ed970b,/,2026-08-16 04:41:32,facebook,
v_4e5e69ee12,/news/new-space-telescope-images,2026-08-16 04:44:49,,
v_35d9138665,/about,2026-08-16 05:20:53,,
v_9095c11297,/news/what-is-happening-in-sudan,2026-08-16 06:13:35,,
v_6d441d3138,/,2026-08-16 06:23:33,,
v_128f3999d7,/,2026-08-16 06:40:38,,
v_4c39a34489,/,2026-08-16 06:41:17,google,
v_add7bfe4b9,/news/federal-budget-standoff,2026-08-16 06:43:32,,
v_3f9df59a3f,/news/ai-regulation-bill,2026-08-16 07:01:17,,
v_ae8cb9fd07,/subscribe,2026-08-16 07:02:24,instagram,hope.davis2@gmail.com
v_caa6d17900,/news/hurricane-season-update,2026-08-16 07:26:32,google,
v_caa6d17900,/beliefs,2026-08-16 07:45:32,,
v_5b75b5f7dc,/,2026-08-16 08:05:30,,
v_365095ea32,/about,2026-08-16 08:05:45,,
v_d7d4e33051,/news/world-series-preview,2026-08-16 08:29:05,,
v_26e2abecf7,/news/housing-market-cooldown,2026-08-16 08:41:45,,
v_04d012fb3f,/news/world-series-preview,2026-08-16 09:24:32,referral,
v_3966053b8a,/news/new-space-telescope-images,2026-08-16 09:31:44,,
v_d70583d0be,/about,2026-08-16 10:18:26,,
v_7a50693c56,/,2026-08-16 10:21:50,google,
v_988df0e4f4,/about,2026-08-16 10:33:11,instagram,
v_7a50693c56,/news/ai-regulation-bill,2026-08-16 10:41:50,,
v_988df0e4f4,/subscribe,2026-08-16 11:07:11,,
v_1f13665076,/shadrachs-picks,2026-08-16 11:19:05,referral,
v_8b96a83778,/news/church-attendance-study,2026-08-16 11:27:50,,
v_988df0e4f4,/shadrachs-picks,2026-08-16 11:42:11,,
v_942f19637a,/shadrachs-picks,2026-08-16 11:45:42,,
v_04d012fb3f,/subscribe,2026-08-16 12:06:32,,noah.williams797@gmail.com
v_ff0122522e,/,2026-08-16 12:31:20,,
v_d9c07cd04f,/,2026-08-16 12:36:02,,
v_d9148e6b84,/subscribe,2026-08-16 12:53:41,,
v_caa6d17900,/subscribe,2026-08-16 14:17:32,,david.wright814@gmail.com
v_89d507c289,/subscribe,2026-08-16 14:18:00,,
v_988df0e4f4,/subscribe,2026-08-16 14:20:11,,peter.hill819@gmail.com
v_5fc6658f7a,/,2026-08-16 15:19:40,,
v_d70583d0be,/subscribe,2026-08-16 15:24:54,,
v_089af77012,/subscribe,2026-08-16 15:36:47,google,nathan.reed371@hotmail.com
v_56596eda5f,/subscribe,2026-08-16 15:56:17,,
v_00aba104c8,/,2026-08-16 16:07:19,,
v_ff0122522e,/about,2026-08-16 16:31:56,,
v_1028a63830,/,2026-08-16 16:32:40,,
v_7a50693c56,/subscribe,2026-08-16 16:37:50,,ELLIE.MORGAN134@GMAIL.COM
v_a01f2ef982,/news/hurricane-season-update,2026-08-16 17:15:39,,
v_478b0f9bca,/subscribe,2026-08-16 17:20:46,podcast,kate.phillips126@gmail.com
v_80ef88b085,/news/ai-regulation-bill,2026-08-16 17:26:45,,
v_e4a0691503,/,2026-08-16 17:28:35,instagram,
v_ca961e670e,/news/housing-market-cooldown,2026-08-16 17:36:31,,
v_6a3b2d6143,/,2026-08-16 17:47:52,instagram,
v_ee1cde6dee,/subscribe,2026-08-16 18:10:15,,
v_1f13665076,/subscribe,2026-08-16 18:16:05,,joshua.moore358@yahoo.com
v_e94d7bc1c0,/our-staff,2026-08-16 18:47:50,,
v_2f5e616080,/news/ai-regulation-bill,2026-08-16 19:32:32,,
v_2b22fc177d,/news/church-attendance-study,2026-08-16 20:06:26,,
v_754816a1bf,/news/new-space-telescope-images,2026-08-16 20:24:50,google,
v_754816a1bf,/subscribe,2026-08-16 20:42:50,,joshua.davis427@hotmail.com
v_72a1d8ee1f,/subscribe,2026-08-16 20:47:11,,
v_754816a1bf,/,2026-08-16 20:48:50,,
v_f968377d2b,/,2026-08-16 21:02:10,,
v_1f75a81a59,/subscribe,2026-08-16 21:18:46,referral,kate.nelson859@hotmail.com
v_754816a1bf,/subscribe,2026-08-16 21:28:50,,
v_deb091fb5c,/news/church-attendance-study,2026-08-16 21:30:36,google,
v_1a643f46e9,/,2026-08-16 22:14:39,,
v_4a2a9ba3e9,/news/ai-regulation-bill,2026-08-16 23:07:56,facebook,
v_9b22ffb787,/news/midterm-primaries-recap,2026-08-16 23:23:42,,
v_db4fccfdd0,/about,2026-08-16 23:34:26,referral,
v_d568950cb8,/,2026-08-16 23:34:40,google,
v_db4fccfdd0,/,2026-08-17 00:07:26,,
v_d70583d0be,/,2026-08-17 00:18:33,,
v_1a643f46e9,/news/supreme-court-ruling-explained,2026-08-17 00:49:25,,
v_6bc0201505,/shadrachs-picks,2026-08-17 00:54:18,,
v_d2e9b5cb87,/subscribe,2026-08-17 00:59:05,,
v_3f9df59a3f,/,2026-08-17 00:59:58,,
v_50b9b26d7f,/news/world-series-preview,2026-08-17 01:55:27,referral,
v_50b9b26d7f,/subscribe,2026-08-17 02:14:27,,grace.reed720@outlook.com
v_a58fd4ad67,/,2026-08-17 02:30:22,,
v_dddbba485a,/news/world-series-preview,2026-08-17 02:51:41,,
v_704068a72a,/,2026-08-17 02:56:21,,
v_3483095e3f,/news/federal-budget-standoff,2026-08-17 03:32:18,podcast,
v_3483095e3f,/subscribe,2026-08-17 03:39:18,,hannah.brown458@hotmail.com
v_85d2f41134,/news/world-series-preview,2026-08-17 04:03:32,google,
v_85d2f41134,/news/new-space-telescope-images,2026-08-17 04:06:32,,
v_85d2f41134,/news/church-attendance-study,2026-08-17 04:14:32,,
v_8bb76219ff,/about,2026-08-17 04:44:30,referral,
v_db4fccfdd0,/subscribe,2026-08-17 04:59:26,,david.scott354@outlook.com
v_bffbadf9c3,/about,2026-08-17 05:04:47,,
v_e18afa3ab6,/news/supreme-court-ruling-explained,2026-08-17 05:14:45,,
v_d70583d0be,/subscribe,2026-08-17 05:16:10,,
v_a5c53a8f8e,/news/world-series-preview,2026-08-17 05:46:47,,
v_d2e9b5cb87,/news/midterm-primaries-recap,2026-08-17 05:50:51,,
v_8bb76219ff,/subscribe,2026-08-17 05:52:30,,rachel.smith271@gmail.com
v_94653eb92f,/news/ai-regulation-bill,2026-08-17 05:57:44,,
v_21cd344ae3,/beliefs,2026-08-17 05:57:53,,
v_2f5e616080,/subscribe,2026-08-17 06:16:07,,
v_3ae87fa5c9,/,2026-08-17 06:22:29,,
v_85d2f41134,/subscribe,2026-08-17 06:32:32,,david.williams61@yahoo.com
v_957f3e61e8,/subscribe,2026-08-17 06:51:58,,
v_f85f3bbc54,/news/supreme-court-ruling-explained,2026-08-17 07:10:54,,
v_51f062d517,/subscribe,2026-08-17 07:13:39,,
v_9116c40002,/subscribe,2026-08-17 07:28:51,referral,zoe.miller663@protonmail.com
v_a90a048e1e,/,2026-08-17 07:32:33,,
v_d7d4e33051,/news/church-attendance-study,2026-08-17 07:46:52,,
v_262aace039,/news/federal-budget-standoff,2026-08-17 07:49:16,,
v_a713b48984,/about,2026-08-17 07:53:24,,
v_b5ce764b01,/,2026-08-17 07:56:25,,
v_c8a34bb260,/subscribe,2026-08-17 07:59:22,google,
v_a751e8e247,/beliefs,2026-08-17 08:23:52,,
v_63cb4beb21,/,2026-08-17 08:30:45,,
v_957f3e61e8,/news/midterm-primaries-recap,2026-08-17 08:34:51,,
v_4f29875ed4,/news/hurricane-season-update,2026-08-17 09:01:26,,
v_6bc0201505,/about,2026-08-17 09:21:57,,
v_1f75a81a59,/news/what-is-happening-in-sudan,2026-08-17 09:40:26,,
v_fd8f8cf41a,/subscribe,2026-08-17 09:41:59,,
v_7c8ecc63e1,/news/federal-budget-standoff,2026-08-17 10:01:42,,
v_3f9df59a3f,/about,2026-08-17 10:06:49,,
v_640f64c8d3,/beliefs,2026-08-17 10:20:52,facebook,
v_ab34ed9837,/,2026-08-17 10:29:59,,
v_354ee44fb8,/about,2026-08-17 11:33:27,twitter,
v_24c3a0b3dd,/about,2026-08-17 11:47:17,referral,
v_abc8f4189b,/,2026-08-17 11:51:49,,
v_7b1ba7a0fd,/shadrachs-picks,2026-08-17 12:01:55,,
v_354ee44fb8,/news/hurricane-season-update,2026-08-17 12:05:27,,
v_354ee44fb8,/subscribe,2026-08-17 12:16:27,,
v_c46dcb6014,/subscribe,2026-08-17 12:17:26,,
v_1450f89bd2,/news/ai-regulation-bill,2026-08-17 12:57:36,referral,
v_5f6f1c401d,/,2026-08-17 13:03:25,,
v_1450f89bd2,/,2026-08-17 13:26:36,,
v_94653eb92f,/news/midterm-primaries-recap,2026-08-17 13:37:52,,
v_53bd62cf06,/shadrachs-picks,2026-08-17 13:44:12,,
v_53bd62cf06,/subscribe,2026-08-17 13:56:42,,
v_fd10661b1e,/news/ai-regulation-bill,2026-08-17 14:01:58,,
v_1450f89bd2,/subscribe,2026-08-17 14:09:36,,
v_e171487e80,/,2026-08-17 14:13:07,facebook,
v_4f29875ed4,/news/new-space-telescope-images,2026-08-17 14:37:01,,
v_66890abd3b,/shadrachs-picks,2026-08-17 14:50:05,,
v_4f02a2ffc8,/shadrachs-picks,2026-08-17 14:50:16,,
v_5be4a71254,/,2026-08-17 14:57:29,,
v_1450f89bd2,/subscribe,2026-08-17 15:08:36,,claire.adams266@gmail.com
v_3db8fd0b4d,/news/world-series-preview,2026-08-17 15:33:27,,
v_534de4c577,/news/supreme-court-ruling-explained,2026-08-17 15:37:41,instagram,
v_6a5d9bb3c3,/news/church-attendance-study,2026-08-17 15:45:58,,
v_32be9fd56a,/,2026-08-17 16:28:29,,
v_66b8ed3d6f,/,2026-08-17 16:39:29,,
v_766905a83d,/subscribe,2026-08-17 17:02:35,google,
v_51f062d517,/shadrachs-picks,2026-08-17 17:37:39,,
v_abb20713f2,/our-staff,2026-08-17 17:42:26,,
v_534de4c577,/subscribe,2026-08-17 17:47:41,,noah.thomas452@gmail.com
v_9808905073,/news/supreme-court-ruling-explained,2026-08-17 17:52:04,,
v_f3c78e3f2c,/subscribe,2026-08-17 18:06:09,,
v_089af77012,/shadrachs-picks,2026-08-17 18:15:50,,
v_6ae53f4ec2,/,2026-08-17 18:26:48,,
v_db4fccfdd0,/news/church-attendance-study,2026-08-17 18:27:39,,
v_3c72e4e337,/news/what-is-happening-in-sudan,2026-08-17 18:55:40,instagram,
v_26e2abecf7,/,2026-08-17 19:03:07,,
v_988df0e4f4,/,2026-08-17 19:14:08,,
v_0b03806c69,/,2026-08-17 19:28:15,,
v_24c3a0b3dd,/subscribe,2026-08-17 19:30:17,,emily.adams352@gmail.com
v_76c6e3af88,/,2026-08-17 19:34:44,,
v_9b7d77cfae,/subscribe,2026-08-17 19:39:25,,
v_262aace039,/,2026-08-17 19:57:15,,
v_937d51cc4e,/,2026-08-17 20:31:17,,
v_e259eb0c9f,/,2026-08-17 20:39:11,,
v_9b13b363b5,/,2026-08-17 20:41:55,instagram,
v_d40ab0ab1d,/news/supreme-court-ruling-explained,2026-08-17 20:46:56,,
v_d6770c2c32,/shadrachs-picks,2026-08-17 20:53:21,,
v_354ee44fb8,/subscribe,2026-08-17 20:54:27,,daniel.cook728@hotmail.com
v_9a8dc7c327,/,2026-08-17 21:07:02,,
v_a32b6d180d,/,2026-08-17 21:07:48,instagram,
v_1bc848ec53,/subscribe,2026-08-17 21:11:57,,
v_a32b6d180d,/,2026-08-17 21:18:48,,
v_e10c9e0ca0,/subscribe,2026-08-17 22:01:40,,
v_7166ae5ad6,/news/new-space-telescope-images,2026-08-17 22:02:41,,
v_2ab3873929,/,2026-08-17 22:07:53,instagram,
v_13c555e504,/news/federal-budget-standoff,2026-08-17 22:07:54,,
v_6eac046ad7,/about,2026-08-17 22:57:55,,
v_abb20713f2,/subscribe,2026-08-17 23:02:54,,
v_f023360b4e,/news/ai-regulation-bill,2026-08-17 23:11:36,,
v_8750310d08,/news/what-is-happening-in-sudan,2026-08-17 23:32:33,,
v_1c61ac0ac7,/news/new-space-telescope-images,2026-08-17 23:51:56,,
v_72a1d8ee1f,/,2026-08-17 23:52:01,,
v_9b13b363b5,/subscribe,2026-08-17 23:58:55,,MEGAN.MORRIS711@GMAIL.COM
v_b861d0e97f,/,2026-08-18 00:07:42,,
v_88ca0baa91,/news/hurricane-season-update,2026-08-18 00:15:34,referral,
v_704068a72a,/,2026-08-18 00:37:14,,
v_014b406d50,/news/what-is-happening-in-sudan,2026-08-18 00:53:55,google,
v_6bc0201505,/,2026-08-18 00:57:24,,
v_88ca0baa91,/subscribe,2026-08-18 00:58:34,,
v_0b03806c69,/,2026-08-18 01:16:22,,
v_3c72e4e337,/subscribe,2026-08-18 01:22:40,,HOPE.ROBERTS249@HOTMAIL.COM
v_56929cbb85,/news/federal-budget-standoff,2026-08-18 01:49:57,instagram,
v_9bc6b2ff5e,/shadrachs-picks,2026-08-18 02:11:43,,
v_f13e67e817,/,2026-08-18 02:18:03,podcast,
v_7f5c736cb2,/news/hurricane-season-update,2026-08-18 02:32:00,,
v_f13e67e817,/,2026-08-18 02:41:03,,
v_2ab3873929,/subscribe,2026-08-18 02:51:53,,aaron.jones671@yahoo.com
v_a32b6d180d,/subscribe,2026-08-18 02:52:48,,PETER.ROGERS438@ICLOUD.COM
v_42009b8059,/news/federal-budget-standoff,2026-08-18 03:01:01,instagram,
v_73062c2073,/,2026-08-18 03:08:01,google,
v_fcac1079b3,/news/ai-regulation-bill,2026-08-18 03:16:18,,
v_ab34ed9837,/,2026-08-18 03:21:10,,
v_a713b48984,/,2026-08-18 04:09:27,,
v_fd5d5645c7,/subscribe,2026-08-18 04:10:10,instagram,hope.nelson611@gmail.com
v_f8a40dcce1,/,2026-08-18 04:14:49,,
v_155cccac31,/news/housing-market-cooldown,2026-08-18 05:11:34,podcast,
v_add7bfe4b9,/our-staff,2026-08-18 06:09:07,,
v_32178163b1,/subscribe,2026-08-18 06:18:12,instagram,
v_155cccac31,/subscribe,2026-08-18 06:32:34,,peter.baker321@hotmail.com
v_21551a402b,/news/hurricane-season-update,2026-08-18 07:01:08,podcast,
v_c0fa3bae90,/,2026-08-18 07:08:44,,
v_21551a402b,/news/world-series-preview,2026-08-18 07:16:08,,
v_9d9d97067d,/,2026-08-18 07:21:54,,
v_7df83b680a,/news/ai-regulation-bill,2026-08-18 07:29:20,,
v_7e9cff02e7,/,2026-08-18 07:33:04,,
v_014b406d50,/subscribe,2026-08-18 07:38:55,,ben.stewart700@gmail.com
v_9ecb124beb,/subscribe,2026-08-18 07:44:53,,
v_56929cbb85,/subscribe,2026-08-18 07:48:57,,hannah.hall117@gmail.com
v_88ca0baa91,/subscribe,2026-08-18 07:50:34,,luke.collins382@hotmail.com
v_7c8ecc63e1,/about,2026-08-18 08:01:03,,
v_57a6f6076b,/beliefs,2026-08-18 08:11:16,,
v_d2e9b5cb87,/about,2026-08-18 08:16:42,,
v_8a1b853ba7,/,2026-08-18 08:19:43,google,
v_b52e1fbefe,/news/federal-budget-standoff,2026-08-18 08:27:10,,
v_243541fd38,/shadrachs-picks,2026-08-18 09:02:00,,
v_942f19637a,/news/ai-regulation-bill,2026-08-18 09:16:47,,
v_937d51cc4e,/our-staff,2026-08-18 09:16:50,,
v_51f062d517,/,2026-08-18 09:54:31,,
v_42009b8059,/subscribe,2026-08-18 10:05:01,,megan.allen104@gmail.com
v_fed90814bc,/subscribe,2026-08-18 10:25:21,,
v_edae92b12b,/news/supreme-court-ruling-explained,2026-08-18 10:34:57,google,
v_f13e67e817,/subscribe,2026-08-18 10:35:03,,ethan.garcia993@gmail.com
v_edae92b12b,/,2026-08-18 10:38:57,,
v_942f19637a,/news/supreme-court-ruling-explained,2026-08-18 10:53:06,,
v_473051667f,/,2026-08-18 10:56:13,,
v_9b13b363b5,/subscribe,2026-08-18 11:06:27,,
v_faa09c5385,/subscribe,2026-08-18 11:17:35,referral,hope.young218@protonmail.com
v_d70583d0be,/news/new-space-telescope-images,2026-08-18 11:19:35,,
v_be004b6a7d,/shadrachs-picks,2026-08-18 11:20:08,,
v_4a2a9ba3e9,/news/supreme-court-ruling-explained,2026-08-18 11:20:11,google,
v_321b52213b,/news/midterm-primaries-recap,2026-08-18 11:30:04,instagram,
v_32c67e020f,/subscribe,2026-08-18 12:06:42,podcast,claire.green116@gmail.com
v_21551a402b,/subscribe,2026-08-18 12:37:08,,michael.allen966@gmail.com
v_e0389cbc77,/about,2026-08-18 12:42:16,instagram,
v_e0389cbc77,/subscribe,2026-08-18 12:47:16,,
v_ea99c175d4,/subscribe,2026-08-18 12:52:46,,
v_f4fd51f571,/,2026-08-18 12:58:27,,
v_134434e4d8,/shadrachs-picks,2026-08-18 13:10:43,,
v_7b30386f49,/news/housing-market-cooldown,2026-08-18 13:19:41,,
v_e0389cbc77,/subscribe,2026-08-18 13:32:16,,
v_e0389cbc77,/subscribe,2026-08-18 13:35:16,,andrew.bailey290@yahoo.com
v_d2b9c02ed0,/about,2026-08-18 13:36:13,,
v_e10c9e0ca0,/news/new-space-telescope-images,2026-08-18 13:41:17,,
v_82488e7712,/news/new-space-telescope-images,2026-08-18 13:56:45,instagram,
v_a713b48984,/news/federal-budget-standoff,2026-08-18 14:04:11,,
v_80ef88b085,/news/federal-budget-standoff,2026-08-18 14:04:23,,
v_321b52213b,/subscribe,2026-08-18 15:37:04,,hannah.adams499@gmail.com
v_7a1e3cee1e,/news/church-attendance-study,2026-08-18 15:38:18,,
v_a0bdf2a526,/news/world-series-preview,2026-08-18 15:50:06,instagram,
v_51e3668115,/subscribe,2026-08-18 16:00:02,facebook,andrew.morris310@gmail.com
v_edae92b12b,/subscribe,2026-08-18 16:22:57,,grace.thomas845@gmail.com
v_c1421ddf8a,/,2026-08-18 16:26:41,,
v_f0661e4a54,/shadrachs-picks,2026-08-18 16:51:55,,
v_ecea2c5c81,/news/midterm-primaries-recap,2026-08-18 16:53:51,facebook,
v_942f19637a,/,2026-08-18 17:07:03,,
v_a713b48984,/news/ai-regulation-bill,2026-08-18 17:09:31,,
v_ecea2c5c81,/subscribe,2026-08-18 17:26:51,,hope.lewis942@hotmail.com
v_3e6c62b057,/beliefs,2026-08-18 18:00:29,,
v_997354c358,/,2026-08-18 18:12:31,,
v_87e7734a2f,/news/housing-market-cooldown,2026-08-18 18:16:14,instagram,
v_534de4c577,/news/world-series-preview,2026-08-18 18:35:50,,
v_214698a10c,/,2026-08-18 18:46:42,,
v_f4fd51f571,/subscribe,2026-08-18 18:57:27,,OLIVIA.TAYLOR416@PROTONMAIL.COM
v_b6602205e4,/about,2026-08-18 20:14:18,podcast,
v_d26d460655,/shadrachs-picks,2026-08-18 20:20:26,,
v_133d78eb4a,/subscribe,2026-08-18 20:30:32,,
v_4310aea835,/subscribe,2026-08-18 20:35:19,,
v_fd789422b3,/news/ai-regulation-bill,2026-08-18 20:35:48,,
v_9634f2b21e,/subscribe,2026-08-18 20:38:38,,
v_00d7613d4b,/,2026-08-18 20:42:27,,
v_157e163062,/,2026-08-18 21:08:10,,
v_19a95f120a,/news/supreme-court-ruling-explained,2026-08-18 21:26:08,facebook,
v_b6602205e4,/subscribe,2026-08-18 21:35:18,,JACOB.JOHNSON749@ICLOUD.COM
v_19a95f120a,/,2026-08-18 21:55:08,,
v_82488e7712,/subscribe,2026-08-18 22:01:45,,JOSIAH.COLLINS112@OUTLOOK.COM
v_4396b0a049,/about,2026-08-18 22:20:07,,
v_7229401156,/subscribe,2026-08-18 22:25:11,,
v_63d91e807c,/subscribe,2026-08-18 22:57:10,,
v_87e7734a2f,/subscribe,2026-08-18 23:00:14,,luke.davis728@gmail.com
v_52bc9cc680,/,2026-08-18 23:20:14,instagram,
v_7285fffb37,/news/midterm-primaries-recap,2026-08-19 00:45:47,,
v_c844735e4c,/news/what-is-happening-in-sudan,2026-08-19 01:36:50,instagram,
v_0b048d7d99,/subscribe,2026-08-19 01:41:18,referral,rachel.rogers650@gmail.com
v_19199d17f7,/our-staff,2026-08-19 01:43:44,,
v_27f62031b7,/shadrachs-picks,2026-08-19 01:53:28,referral,
v_27f62031b7,/subscribe,2026-08-19 02:03:28,,james.murphy957@gmail.com
v_52bc9cc680,/subscribe,2026-08-19 02:07:14,,ben.anderson970@gmail.com
v_27f62031b7,/shadrachs-picks,2026-08-19 02:11:28,,
v_19a95f120a,/subscribe,2026-08-19 02:16:08,,rachel.mitchell418@gmail.com
v_27f62031b7,/news/what-is-happening-in-sudan,2026-08-19 02:47:28,,
v_57bad48486,/subscribe,2026-08-19 03:09:28,,
v_0ce7ddd8b1,/news/supreme-court-ruling-explained,2026-08-19 03:25:22,,
v_a713b48984,/news/federal-budget-standoff,2026-08-19 04:01:36,,
v_128f3999d7,/news/what-is-happening-in-sudan,2026-08-19 04:10:38,,
v_813d3eea9a,/,2026-08-19 04:20:09,,
v_447801e09d,/,2026-08-19 04:53:47,facebook,
v_30865ec872,/about,2026-08-19 05:05:29,,
v_38458fc902,/about,2026-08-19 05:11:00,,
v_711f4a4223,/,2026-08-19 05:20:59,,
v_cadbb58e2f,/,2026-08-19 05:41:37,facebook,
v_1356456cdc,/,2026-08-19 05:54:13,,
v_c844735e4c,/subscribe,2026-08-19 06:10:50,,lydia.collins58@gmail.com
v_937d51cc4e,/shadrachs-picks,2026-08-19 06:20:34,,
v_42009b8059,/,2026-08-19 06:25:00,,
v_1d369214f5,/news/what-is-happening-in-sudan,2026-08-19 06:29:20,,
v_b74091c05d,/subscribe,2026-08-19 06:42:08,facebook,JAMES.SCOTT801@GMAIL.COM
v_b1e5255be0,/news/what-is-happening-in-sudan,2026-08-19 07:29:20,instagram,
v_a38c9e1cfa,/news/supreme-court-ruling-explained,2026-08-19 07:32:56,,
v_8ba4a7af9e,/shadrachs-picks,2026-08-19 07:44:57,,
v_d7d4e33051,/shadrachs-picks,2026-08-19 07:50:54,,
v_2260bf2aa7,/,2026-08-19 08:00:36,,
v_b1e5255be0,/,2026-08-19 08:02:20,,
v_fbff09e5e6,/news/new-space-telescope-images,2026-08-19 08:03:10,,
v_9312a661f2,/,2026-08-19 08:07:56,,
v_3f9e751e8f,/,2026-08-19 08:18:57,google,
v_28d313728e,/news/supreme-court-ruling-explained,2026-08-19 08:31:42,google,
v_28d313728e,/news/what-is-happening-in-sudan,2026-08-19 08:39:42,,
v_28d313728e,/subscribe,2026-08-19 08:41:42,,LUKE.WILSON247@GMAIL.COM
v_3f9e751e8f,/,2026-08-19 08:51:57,,
v_3f9e751e8f,/news/world-series-preview,2026-08-19 08:56:57,,
v_74ed1d22c3,/news/church-attendance-study,2026-08-19 09:00:51,facebook,
v_b1e5255be0,/subscribe,2026-08-19 09:26:20,,josiah.scott490@gmail.com
v_3f9e751e8f,/subscribe,2026-08-19 10:13:57,,andrew.brown838@yahoo.com
v_5b75b5f7dc,/news/world-series-preview,2026-08-19 10:17:13,,
v_dde15e691c,/,2026-08-19 10:22:17,instagram,
v_dde15e691c,/,2026-08-19 10:27:17,,
v_eb8b2afe11,/,2026-08-19 10:29:22,,
v_72a1d8ee1f,/beliefs,2026-08-19 10:33:48,,
v_dde15e691c,/,2026-08-19 10:57:17,,
v_6b81200bff,/,2026-08-19 11:06:39,google,
v_47a227e1d1,/,2026-08-19 11:18:06,referral,
v_47a227e1d1,/subscribe,2026-08-19 11:22:06,,
v_38458fc902,/,2026-08-19 11:44:59,,
v_026c2c41cd,/,2026-08-19 11:48:16,,
v_7b1e37d577,/,2026-08-19 11:55:16,,
v_47a227e1d1,/,2026-08-19 12:00:06,,
v_47a227e1d1,/subscribe,2026-08-19 12:04:06,,chloe.nelson491@gmail.com
v_992e14053d,/news/church-attendance-study,2026-08-19 12:30:35,,
v_704068a72a,/subscribe,2026-08-19 12:35:10,,
v_cadbb58e2f,/subscribe,2026-08-19 13:32:37,,david.hill370@gmail.com
v_845b7e29cb,/news/new-space-telescope-images,2026-08-19 13:38:20,,
v_3e6c62b057,/news/ai-regulation-bill,2026-08-19 14:27:36,,
v_dde15e691c,/subscribe,2026-08-19 14:43:17,,tim.anderson923@protonmail.com
v_6904d702d6,/subscribe,2026-08-19 15:06:34,google,
v_9b13b363b5,/shadrachs-picks,2026-08-19 15:17:00,,
v_74ed1d22c3,/subscribe,2026-08-19 15:32:51,,jacob.taylor911@gmail.com
v_6923f77245,/news/church-attendance-study,2026-08-19 15:40:14,,
v_c1421ddf8a,/news/midterm-primaries-recap,2026-08-19 15:49:55,,
v_aa4201265c,/shadrachs-picks,2026-08-19 15:55:34,google,
v_f294708e23,/subscribe,2026-08-19 16:00:41,instagram,claire.young618@hotmail.com
v_0e85c427dc,/news/ai-regulation-bill,2026-08-19 16:26:46,facebook,
v_4925232131,/,2026-08-19 17:07:51,instagram,
v_3d523ae5e4,/about,2026-08-19 17:17:43,,
v_ebd3a17333,/,2026-08-19 17:26:30,,
v_656c9197c7,/,2026-08-19 17:33:49,google,
v_87e7734a2f,/news/housing-market-cooldown,2026-08-19 17:44:02,,
v_08f344785a,/,2026-08-19 18:27:36,,
v_c3e512b0f9,/about,2026-08-19 18:57:33,instagram,
v_42009b8059,/,2026-08-19 19:57:00,,
v_f1f742ff7c,/,2026-08-19 20:14:53,facebook,
v_c3e512b0f9,/subscribe,2026-08-19 20:20:33,,kate.jones940@gmail.com
v_d2e9b5cb87,/about,2026-08-19 21:04:36,,
v_20440cef0f,/news/midterm-primaries-recap,2026-08-19 21:31:59,google,
v_3d55e1d787,/,2026-08-19 21:44:21,,
v_66890abd3b,/,2026-08-19 23:46:03,,
v_7d3ec24549,/news/federal-budget-standoff,2026-08-19 23:51:16,,
v_e77d7874ae,/shadrachs-picks,2026-08-20 01:06:13,,
v_8de6c5da94,/news/federal-budget-standoff,2026-08-20 01:15:18,instagram,
v_66db4d1987,/news/ai-regulation-bill,2026-08-20 01:20:56,,
v_8de6c5da94,/news/world-series-preview,2026-08-20 01:48:18,,
v_ddb59828db,/news/housing-market-cooldown,2026-08-20 02:07:07,,
v_8f77885eef,/about,2026-08-20 02:18:42,podcast,
v_7d2d88987f,/news/world-series-preview,2026-08-20 02:28:00,referral,
v_8f77885eef,/,2026-08-20 02:30:42,,
v_e672e30256,/,2026-08-20 02:37:13,referral,
v_892982949d,/news/ai-regulation-bill,2026-08-20 02:45:36,facebook,
v_8f77885eef,/,2026-08-20 02:54:42,,
v_7d2d88987f,/subscribe,2026-08-20 03:14:00,,noah.green997@gmail.com
v_892982949d,/news/midterm-primaries-recap,2026-08-20 03:15:36,,
v_e672e30256,/subscribe,2026-08-20 03:27:13,,julia.cook161@gmail.com
v_892982949d,/beliefs,2026-08-20 03:27:36,,
v_0c8c678ebf,/our-staff,2026-08-20 03:32:01,,
v_20440cef0f,/subscribe,2026-08-20 03:43:59,,olivia.garcia18@gmail.com
v_1b36799123,/news/midterm-primaries-recap,2026-08-20 03:46:54,,
v_8359c0d1fd,/subscribe,2026-08-20 04:15:28,instagram,
v_1768729237,/beliefs,2026-08-20 04:27:42,,
v_d2ff000d37,/subscribe,2026-08-20 04:34:47,instagram,seth.bell287@outlook.com
v_eea702de9e,/,2026-08-20 04:45:06,,
v_9116c40002,/,2026-08-20 04:51:23,,
v_5468edd281,/shadrachs-picks,2026-08-20 05:19:16,twitter,
v_7d3ec24549,/news/housing-market-cooldown,2026-08-20 05:42:15,,
v_fd2f8df98e,/,2026-08-20 05:45:11,,
v_5468edd281,/news/supreme-court-ruling-explained,2026-08-20 06:02:16,,
v_f9ab589a1d,/,2026-08-20 06:16:23,,
v_a2bd5f0d51,/news/supreme-court-ruling-explained,2026-08-20 06:44:43,,
v_892982949d,/subscribe,2026-08-20 06:45:36,,luke.williams685@gmail.com
v_6a5d9bb3c3,/news/midterm-primaries-recap,2026-08-20 06:57:00,,
v_5468edd281,/subscribe,2026-08-20 07:15:16,,julia.wright360@gmail.com
v_1d369214f5,/news/midterm-primaries-recap,2026-08-20 07:27:23,,
v_6d441d3138,/,2026-08-20 07:30:47,,
v_91ed8a93c3,/,2026-08-20 07:48:25,,
v_f968377d2b,/news/midterm-primaries-recap,2026-08-20 07:50:50,,
v_354ee44fb8,/shadrachs-picks,2026-08-20 08:14:41,,
v_c75556ce1d,/subscribe,2026-08-20 08:21:28,,
v_8f77885eef,/subscribe,2026-08-20 09:02:42,,matthew.adams388@protonmail.com
v_9d9bad6c81,/,2026-08-20 09:06:53,,
v_22dbb5da70,/subscribe,2026-08-20 09:10:14,,
v_c9147ac777,/,2026-08-20 09:25:41,,
v_61b5a4ed79,/subscribe,2026-08-20 09:29:44,google,
v_6b46948d4a,/about,2026-08-20 09:40:17,,
v_a8e2b9fe46,/news/ai-regulation-bill,2026-08-20 10:07:33,,
v_8de6c5da94,/subscribe,2026-08-20 10:29:18,,olivia.jones968@gmail.com
v_20440cef0f,/shadrachs-picks,2026-08-20 10:35:25,,
v_de8935c547,/about,2026-08-20 10:40:14,instagram,
v_4b804d8a2b,/news/federal-budget-standoff,2026-08-20 10:47:46,,
v_b861d0e97f,/subscribe,2026-08-20 11:01:02,,
v_771edab512,/,2026-08-20 11:09:23,facebook,
v_b3beeca268,/,2026-08-20 11:13:48,,
v_128f3999d7,/news/supreme-court-ruling-explained,2026-08-20 11:45:52,,
v_8480e4224d,/beliefs,2026-08-20 12:12:38,,
v_abb20713f2,/shadrachs-picks,2026-08-20 12:37:37,,
v_db4fccfdd0,/,2026-08-20 12:53:31,,
v_4512f50685,/,2026-08-20 13:11:56,google,
v_954ed84aed,/,2026-08-20 14:27:59,,
v_c42d7ecea3,/news/new-space-telescope-images,2026-08-20 14:48:37,facebook,
v_b2ecd29adf,/,2026-08-20 14:59:40,,
v_c42d7ecea3,/news/church-attendance-study,2026-08-20 15:13:37,,
v_19199d17f7,/news/midterm-primaries-recap,2026-08-20 15:17:41,,
v_87e7734a2f,/news/housing-market-cooldown,2026-08-20 15:28:08,,
v_21cd344ae3,/about,2026-08-20 15:50:04,,
v_958c3dd320,/shadrachs-picks,2026-08-20 15:50:58,,
v_9f00134b70,/news/church-attendance-study,2026-08-20 15:52:35,instagram,
v_1f75a81a59,/news/new-space-telescope-images,2026-08-20 15:58:00,,
v_a751e8e247,/news/church-attendance-study,2026-08-20 16:11:21,,
v_9f00134b70,/,2026-08-20 16:15:35,,
v_ee4d394325,/shadrachs-picks,2026-08-20 16:21:25,,
v_1d1a9dc682,/about,2026-08-20 16:54:39,,
v_d6d24296b8,/news/housing-market-cooldown,2026-08-20 17:04:18,instagram,
v_afd39d69f8,/,2026-08-20 17:07:22,,
v_6bc0201505,/news/housing-market-cooldown,2026-08-20 17:17:48,,
v_5b75b5f7dc,/,2026-08-20 17:27:24,,
v_a713b48984,/news/ai-regulation-bill,2026-08-20 17:33:28,,
v_d6d24296b8,/subscribe,2026-08-20 17:51:18,,james.morris921@icloud.com
v_de8935c547,/subscribe,2026-08-20 18:18:14,,claire.bailey299@gmail.com
v_28d313728e,/news/supreme-court-ruling-explained,2026-08-20 18:23:51,,
v_f023360b4e,/news/federal-budget-standoff,2026-08-20 18:33:41,,
v_0886873037,/news/hurricane-season-update,2026-08-20 18:42:02,,
v_add7bfe4b9,/news/federal-budget-standoff,2026-08-20 18:48:57,,
v_351fbbf5d7,/subscribe,2026-08-20 18:52:50,referral,rachel.anderson656@gmail.com
v_80ef88b085,/,2026-08-20 18:57:14,,
v_1804725ec0,/news/midterm-primaries-recap,2026-08-20 19:39:31,,
v_add7bfe4b9,/subscribe,2026-08-20 20:12:05,,
v_9116c40002,/beliefs,2026-08-20 21:02:07,,
v_5b75b5f7dc,/,2026-08-20 21:50:14,,
v_9f00134b70,/subscribe,2026-08-20 21:54:35,,zoe.evans326@protonmail.com
v_87e7734a2f,/news/what-is-happening-in-sudan,2026-08-20 22:19:53,,
v_c42d7ecea3,/subscribe,2026-08-20 22:26:37,,emily.wright600@gmail.com
v_abb20713f2,/news/what-is-happening-in-sudan,2026-08-20 22:38:20,,
v_e28cd8a661,/about,2026-08-20 22:48:17,,
v_ce490c21ee,/shadrachs-picks,2026-08-20 22:53:54,,
v_8e5ac1f9ea,/news/housing-market-cooldown,2026-08-20 23:25:55,google,
v_8e5ac1f9ea,/subscribe,2026-08-20 23:30:55,,ISAAC.TURNER86@GMAIL.COM
v_2658f684f7,/news/new-space-telescope-images,2026-08-20 23:32:11,,
v_a713b48984,/news/world-series-preview,2026-08-20 23:59:43,,
v_8e5ac1f9ea,/news/what-is-happening-in-sudan,2026-08-20 23:59:55,,
v_0ef40b122f,/news/ai-regulation-bill,2026-08-21 00:14:00,referral,
v_0c8c678ebf,/subscribe,2026-08-21 00:31:37,,
v_0ef40b122f,/,2026-08-21 00:52:00,,
v_6c8498cf8c,/subscribe,2026-08-21 01:23:54,,
v_43b9505363,/news/supreme-court-ruling-explained,2026-08-21 01:33:33,,
v_9b5513aac6,/,2026-08-21 01:38:10,,
v_47a227e1d1,/subscribe,2026-08-21 01:50:12,,
v_152ca424f8,/news/midterm-primaries-recap,2026-08-21 02:00:14,facebook,
v_1768729237,/,2026-08-21 02:02:06,,
v_0ef40b122f,/subscribe,2026-08-21 02:07:00,,julia.adams419@gmail.com
v_8128a27af4,/news/housing-market-cooldown,2026-08-21 02:32:55,,
v_5db5140307,/news/world-series-preview,2026-08-21 02:46:33,podcast,
v_5db5140307,/,2026-08-21 02:49:33,,
v_b6402b2f25,/about,2026-08-21 02:52:31,instagram,
v_b6402b2f25,/,2026-08-21 03:22:31,,
v_4a2a9ba3e9,/subscribe,2026-08-21 03:50:44,facebook,
v_90908ab124,/,2026-08-21 03:57:27,,
v_6bc0201505,/news/what-is-happening-in-sudan,2026-08-21 03:59:23,,
v_864fcb72d6,/about,2026-08-21 04:29:33,instagram,
v_6c774fafab,/about,2026-08-21 04:34:31,,
v_82382773e5,/about,2026-08-21 04:42:10,,
v_c48692878d,/beliefs,2026-08-21 04:55:09,,
v_864fcb72d6,/,2026-08-21 05:10:33,,
v_4a925757f4,/news/federal-budget-standoff,2026-08-21 05:25:53,,
v_864fcb72d6,/news/federal-budget-standoff,2026-08-21 05:44:33,,
v_fd10661b1e,/,2026-08-21 05:57:34,,
v_9c60d23429,/,2026-08-21 06:40:56,,
v_01f3bade04,/news/housing-market-cooldown,2026-08-21 06:56:09,referral,
v_5abc156a0e,/,2026-08-21 07:02:54,,
v_f3d2d0c564,/news/supreme-court-ruling-explained,2026-08-21 07:12:56,facebook,
v_b6402b2f25,/subscribe,2026-08-21 07:56:31,,esther.taylor412@gmail.com
v_38458fc902,/,2026-08-21 08:01:29,,
v_28dbfd7c2e,/about,2026-08-21 08:36:23,instagram,
v_5db5140307,/subscribe,2026-08-21 08:52:33,,DAVID.BROWN345@GMAIL.COM
v_473051667f,/news/supreme-court-ruling-explained,2026-08-21 08:53:36,,
v_aaa7dbab17,/subscribe,2026-08-21 09:05:49,referral,claire.baker803@hotmail.com
v_cd9adf1b15,/news/church-attendance-study,2026-08-21 09:57:17,podcast,
v_2c509c08f0,/subscribe,2026-08-21 10:10:33,,
v_473051667f,/,2026-08-21 10:27:28,,
v_864fcb72d6,/subscribe,2026-08-21 10:38:33,,mary.lee200@gmail.com
v_936950c8ed,/,2026-08-21 10:47:04,,
v_0175ddaf54,/news/new-space-telescope-images,2026-08-21 10:50:13,instagram,
v_473051667f,/,2026-08-21 11:23:51,,
v_0175ddaf54,/subscribe,2026-08-21 12:43:13,,NOAH.BAKER272@GMAIL.COM
v_ea2b2b0228,/about,2026-08-21 12:56:06,,
v_01f3bade04,/subscribe,2026-08-21 13:03:09,,lydia.johnson488@protonmail.com
v_cc590ba6a7,/,2026-08-21 13:09:27,,
v_21d068ad64,/news/housing-market-cooldown,2026-08-21 13:10:47,instagram,
v_28dbfd7c2e,/subscribe,2026-08-21 13:38:23,,nathan.turner165@gmail.com
v_f3d2d0c564,/subscribe,2026-08-21 13:54:56,,grace.cook153@outlook.com
v_76e966e0c6,/news/hurricane-season-update,2026-08-21 14:30:52,,
v_cd9adf1b15,/subscribe,2026-08-21 14:37:17,,noah.bailey668@outlook.com
v_f85f3bbc54,/subscribe,2026-08-21 14:38:30,,
v_a8e2b9fe46,/news/world-series-preview,2026-08-21 15:08:39,,
v_7f3412a07e,/about,2026-08-21 15:33:19,instagram,
v_7f3412a07e,/shadrachs-picks,2026-08-21 15:38:19,,
v_5b6cc5dd5d,/subscribe,2026-08-21 16:18:14,facebook,rachel.brown584@gmail.com
v_c2b4d661e8,/subscribe,2026-08-21 16:46:56,facebook,andrew.mitchell778@gmail.com
v_db4fccfdd0,/news/supreme-court-ruling-explained,2026-08-21 16:55:37,,
v_56589c6aa4,/news/world-series-preview,2026-08-21 17:13:07,facebook,
v_64ad340cd0,/news/ai-regulation-bill,2026-08-21 17:20:21,,
v_3ae87fa5c9,/news/hurricane-season-update,2026-08-21 17:50:12,,
v_41b3deef0a,/,2026-08-21 18:07:35,facebook,
v_ecf5106712,/,2026-08-21 18:41:07,,
v_abb20713f2,/subscribe,2026-08-21 18:45:58,,
v_d0c7587a77,/,2026-08-21 19:17:40,,
v_db4fccfdd0,/news/supreme-court-ruling-explained,2026-08-21 19:17:49,,
v_51e3668115,/,2026-08-21 19:17:58,,
v_aeb236828f,/shadrachs-picks,2026-08-21 19:29:25,facebook,
v_aeb236828f,/shadrachs-picks,2026-08-21 19:31:25,,
v_aeb236828f,/subscribe,2026-08-21 19:48:25,,ruth.phillips656@protonmail.com
v_0f3b9c4fd2,/shadrachs-picks,2026-08-21 20:09:36,,
v_eec2e3c516,/news/ai-regulation-bill,2026-08-21 20:20:10,,
v_1a23411cac,/news/housing-market-cooldown,2026-08-21 20:30:34,,
v_56589c6aa4,/subscribe,2026-08-21 20:37:07,,ruth.cooper781@gmail.com
v_51bc01802a,/news/world-series-preview,2026-08-21 20:38:23,,
v_abb20713f2,/our-staff,2026-08-21 20:47:45,,
v_7d3ec24549,/news/what-is-happening-in-sudan,2026-08-21 20:53:39,,
v_21d068ad64,/subscribe,2026-08-21 21:41:47,,sarah.murphy255@gmail.com
v_40b57dcb34,/,2026-08-21 21:43:20,instagram,
v_c07181ac8c,/news/world-series-preview,2026-08-21 21:44:41,google,
v_d2e9b5cb87,/news/housing-market-cooldown,2026-08-21 22:13:26,,
v_fe21bd6fe1,/shadrachs-picks,2026-08-21 22:20:44,,
v_c07181ac8c,/news/supreme-court-ruling-explained,2026-08-21 22:24:41,,
v_c07181ac8c,/,2026-08-21 22:26:41,,
v_7f3412a07e,/subscribe,2026-08-21 22:34:19,,matthew.johnson156@gmail.com
v_2f57f5f979,/subscribe,2026-08-21 23:36:11,,
v_c2724ef726,/,2026-08-21 23:42:49,,
v_7166ae5ad6,/,2026-08-21 23:54:36,,
v_88a450286c,/about,2026-08-22 00:01:26,facebook,
v_c94b3c1c0d,/shadrachs-picks,2026-08-22 00:06:04,referral,
v_c94b3c1c0d,/beliefs,2026-08-22 00:23:04,,
v_73122478b4,/subscribe,2026-08-22 00:29:01,,
v_c94b3c1c0d,/shadrachs-picks,2026-08-22 00:43:04,,
v_bccbf80e85,/subscribe,2026-08-22 00:44:24,,
v_883434d49d,/,2026-08-22 01:03:49,,
v_41b3deef0a,/subscribe,2026-08-22 01:34:35,,hope.morgan408@gmail.com
v_94653eb92f,/news/federal-budget-standoff,2026-08-22 01:49:22,,
v_db4fccfdd0,/,2026-08-22 01:59:06,,
v_974902010f,/news/world-series-preview,2026-08-22 02:13:07,,
v_5fa1b13922,/news/church-attendance-study,2026-08-22 02:19:19,instagram,
v_5fa1b13922,/shadrachs-picks,2026-08-22 02:30:19,,
v_a96563444d,/shadrachs-picks,2026-08-22 02:40:40,google,
v_3650af02b1,/,2026-08-22 02:59:39,instagram,
v_9bc6b2ff5e,/,2026-08-22 03:06:26,,
v_c94b3c1c0d,/subscribe,2026-08-22 03:23:04,,josiah.taylor426@icloud.com
v_676217f2c0,/news/housing-market-cooldown,2026-08-22 03:32:45,,
v_53bd62cf06,/news/supreme-court-ruling-explained,2026-08-22 03:35:09,,
v_2a69d0781b,/,2026-08-22 03:39:00,,
v_88a450286c,/subscribe,2026-08-22 03:51:26,,anna.hall109@outlook.com
v_2f6658fc84,/news/church-attendance-study,2026-08-22 04:01:28,,
v_4b69f5fa5d,/,2026-08-22 04:05:16,google,
v_3ea9f023aa,/about,2026-08-22 04:27:27,instagram,
v_2a765fb012,/subscribe,2026-08-22 04:40:30,instagram,jacob.johnson638@gmail.com
v_53bd62cf06,/,2026-08-22 04:54:16,,
v_4512f50685,/,2026-08-22 05:06:06,,
v_9317a96d6d,/news/ai-regulation-bill,2026-08-22 05:13:36,,
v_6bc0201505,/news/church-attendance-study,2026-08-22 05:15:41,,
v_c07181ac8c,/subscribe,2026-08-22 05:30:41,,john.collins395@gmail.com
v_21a38c1f4b,/news/ai-regulation-bill,2026-08-22 05:35:09,facebook,
v_704068a72a,/about,2026-08-22 05:37:25,,
v_b9f9a9d0fc,/about,2026-08-22 05:51:11,facebook,
v_1a23411cac,/news/housing-market-cooldown,2026-08-22 06:22:30,,
v_46eccd2728,/subscribe,2026-08-22 06:50:07,,
v_72a1d8ee1f,/about,2026-08-22 06:54:28,,
v_14d25971ac,/subscribe,2026-08-22 08:34:58,,
v_157e163062,/about,2026-08-22 09:43:07,,
v_128f3999d7,/,2026-08-22 09:46:49,,
v_2b22fc177d,/subscribe,2026-08-22 09:56:08,,
v_7f3412a07e,/subscribe,2026-08-22 10:37:52,,
v_a2bd5f0d51,/,2026-08-22 10:39:26,,
v_21a38c1f4b,/subscribe,2026-08-22 10:43:09,,hope.wilson48@gmail.com
v_6e8727586e,/about,2026-08-22 10:43:44,facebook,
v_5fa1b13922,/subscribe,2026-08-22 10:44:19,,peter.allen416@gmail.com
v_d0ee2c9368,/subscribe,2026-08-22 10:51:06,,
v_a4e2f87078,/,2026-08-22 10:58:44,,
v_a713b48984,/news/world-series-preview,2026-08-22 11:12:46,,
v_4cae44a35e,/shadrachs-picks,2026-08-22 11:45:50,,
v_c3f3294961,/news/new-space-telescope-images,2026-08-22 12:18:18,,
v_473051667f,/,2026-08-22 12:37:53,,
v_e4387cf95a,/news/new-space-telescope-images,2026-08-22 12:47:32,,
v_7c6c631ac2,/news/midterm-primaries-recap,2026-08-22 12:50:58,,
v_d3d5b6bf2c,/,2026-08-22 13:02:48,,
v_654c54987c,/,2026-08-22 13:40:15,,
v_1d369214f5,/subscribe,2026-08-22 13:48:33,,
v_70642f7f3d,/,2026-08-22 13:54:40,podcast,
v_70642f7f3d,/,2026-08-22 14:15:40,,
v_83a74cf4da,/news/housing-market-cooldown,2026-08-22 14:49:07,instagram,
v_8480e4224d,/shadrachs-picks,2026-08-22 14:56:53,,
v_ce490c21ee,/about,2026-08-22 15:01:33,,
v_83a74cf4da,/news/supreme-court-ruling-explained,2026-08-22 15:18:07,,
v_613b6d652c,/subscribe,2026-08-22 15:26:59,google,julia.williams287@gmail.com
v_a4e2f87078,/,2026-08-22 15:36:29,,
v_b9205ba2d9,/shadrachs-picks,2026-08-22 15:46:05,,
v_4e8cb2f403,/shadrachs-picks,2026-08-22 16:41:22,,
v_6e8727586e,/subscribe,2026-08-22 16:41:44,,chloe.rogers304@gmail.com
v_937b16a6c9,/news/ai-regulation-bill,2026-08-22 16:46:44,,
v_83a74cf4da,/subscribe,2026-08-22 16:47:07,,laura.reed922@hotmail.com
v_a5c53a8f8e,/shadrachs-picks,2026-08-22 16:48:41,,
v_41740d4f41,/news/new-space-telescope-images,2026-08-22 17:07:20,instagram,
v_a36c434996,/,2026-08-22 17:22:46,,
v_a751e8e247,/our-staff,2026-08-22 17:27:30,,
v_41740d4f41,/news/hurricane-season-update,2026-08-22 17:34:20,,
v_b522488229,/,2026-08-22 17:58:36,referral,
v_83d84680f3,/,2026-08-22 18:03:32,,
v_87e7734a2f,/subscribe,2026-08-22 18:04:59,,
v_b522488229,/beliefs,2026-08-22 18:22:36,,
v_be23f194af,/news/housing-market-cooldown,2026-08-22 18:27:10,referral,
v_2d794c8a27,/news/ai-regulation-bill,2026-08-22 18:27:26,,
v_b522488229,/subscribe,2026-08-22 18:41:36,,
v_26e2abecf7,/beliefs,2026-08-22 19:46:46,,
v_be23f194af,/subscribe,2026-08-22 19:48:10,,leah.jones977@icloud.com
v_36fc76336e,/,2026-08-22 20:01:41,instagram,
v_942f19637a,/,2026-08-22 20:03:40,,
v_adfea79d90,/,2026-08-22 20:30:29,,
v_f874c26d2b,/,2026-08-22 20:43:13,instagram,
v_70642f7f3d,/subscribe,2026-08-22 20:46:40,,grace.baker605@gmail.com
v_41740d4f41,/subscribe,2026-08-22 20:55:20,,tim.moore436@gmail.com
v_22b00f4e0e,/news/hurricane-season-update,2026-08-22 21:23:55,,
v_00d7613d4b,/,2026-08-22 21:54:43,,
v_6e8727586e,/news/midterm-primaries-recap,2026-08-22 21:54:48,,
v_f3d2d0c564,/shadrachs-picks,2026-08-22 22:05:13,,
v_b522488229,/subscribe,2026-08-22 22:05:36,,ruth.bailey717@gmail.com
v_297eab7c60,/,2026-08-22 22:22:58,,
v_7ef80aef00,/,2026-08-22 22:29:03,,
v_958c3dd320,/,2026-08-22 22:30:01,,
v_128c10969c,/,2026-08-22 22:44:31,,
v_c71839650b,/shadrachs-picks,2026-08-22 22:44:57,referral,
v_c71839650b,/news/church-attendance-study,2026-08-22 23:04:57,,
v_6e8727586e,/,2026-08-22 23:18:36,,
v_c71839650b,/news/federal-budget-standoff,2026-08-22 23:33:57,,
v_9b13b363b5,/subscribe,2026-08-23 00:27:06,,
v_80d279cc6b,/news/federal-budget-standoff,2026-08-23 00:40:17,podcast,
v_3bb92d759a,/shadrachs-picks,2026-08-23 00:59:20,referral,
v_f3d2d0c564,/,2026-08-23 01:49:50,,
v_f3d2d0c564,/shadrachs-picks,2026-08-23 02:29:01,,
v_e5793e991c,/,2026-08-23 02:42:52,,
v_7d3ec24549,/news/what-is-happening-in-sudan,2026-08-23 02:43:28,,
v_eb8b2afe11,/shadrachs-picks,2026-08-23 02:43:48,,
v_6517cbb9eb,/news/new-space-telescope-images,2026-08-23 03:03:52,instagram,
v_942f19637a,/our-staff,2026-08-23 03:12:44,,
v_3d523ae5e4,/,2026-08-23 03:14:31,,
v_72a1d8ee1f,/news/what-is-happening-in-sudan,2026-08-23 04:08:17,,
v_e94b21829c,/,2026-08-23 04:08:38,,
v_3231da2b1c,/about,2026-08-23 04:33:51,google,
v_d70583d0be,/subscribe,2026-08-23 04:39:02,,
v_32c6fd68cd,/,2026-08-23 04:46:01,google,
v_27c8934f60,/news/supreme-court-ruling-explained,2026-08-23 04:51:07,,
v_28b4880220,/,2026-08-23 05:02:36,,
v_272dcffb24,/,2026-08-23 05:07:43,,
v_a8e2b9fe46,/,2026-08-23 05:19:21,,
v_c48692878d,/,2026-08-23 05:37:46,,
v_d70583d0be,/subscribe,2026-08-23 05:50:02,,
v_3ea9f023aa,/,2026-08-23 06:29:12,,
v_3bb92d759a,/subscribe,2026-08-23 06:40:20,,emily.allen853@protonmail.com
v_62d07f73ab,/news/new-space-telescope-images,2026-08-23 06:45:58,,
v_42009b8059,/news/hurricane-season-update,2026-08-23 06:49:21,,
v_776c5d2b5c,/subscribe,2026-08-23 07:16:43,,
v_2be5844600,/news/supreme-court-ruling-explained,2026-08-23 07:29:43,,
v_52fe9d6b60,/shadrachs-picks,2026-08-23 07:35:50,,
v_612217f136,/news/new-space-telescope-images,2026-08-23 08:07:07,,
v_2509d980d7,/,2026-08-23 08:24:38,,
v_776c5d2b5c,/our-staff,2026-08-23 08:25:08,,
v_eea702de9e,/beliefs,2026-08-23 08:27:26,,
v_c71839650b,/subscribe,2026-08-23 08:32:57,,MARK.COLLINS406@HOTMAIL.COM
v_014b406d50,/about,2026-08-23 09:06:22,,
v_deb4ef5fcb,/news/church-attendance-study,2026-08-23 09:09:40,,
v_459da91d5d,/about,2026-08-23 09:12:04,podcast,
v_1a177c4c21,/news/ai-regulation-bill,2026-08-23 09:33:26,,
v_3b138a629a,/,2026-08-23 09:52:58,,
v_459da91d5d,/subscribe,2026-08-23 09:55:04,,
v_ab34ed9837,/subscribe,2026-08-23 10:07:37,,
v_243541fd38,/about,2026-08-23 10:37:00,,
v_80d279cc6b,/subscribe,2026-08-23 10:38:17,,daniel.parker5@gmail.com
v_6d5dc20ae6,/news/what-is-happening-in-sudan,2026-08-23 10:38:20,,
v_f023360b4e,/news/hurricane-season-update,2026-08-23 10:38:46,,
v_c6caf86ef6,/subscribe,2026-08-23 10:55:02,,
v_22dbb5da70,/news/midterm-primaries-recap,2026-08-23 11:05:01,,
v_6517cbb9eb,/subscribe,2026-08-23 11:32:52,,abigail.cooper163@gmail.com
v_1383fcbf3a,/shadrachs-picks,2026-08-23 11:36:43,referral,
v_92774e560c,/news/supreme-court-ruling-explained,2026-08-23 12:24:59,instagram,
v_94653eb92f,/news/midterm-primaries-recap,2026-08-23 12:41:20,,
v_85d2f41134,/shadrachs-picks,2026-08-23 12:43:55,,
v_c7f0df008a,/,2026-08-23 12:43:55,referral,
v_8aa84033f2,/news/federal-budget-standoff,2026-08-23 13:04:42,,
v_11edd7d5f7,/,2026-08-23 13:14:11,facebook,
v_52fe9d6b60,/subscribe,2026-08-23 13:20:50,,rachel.king717@icloud.com
v_9e09030d41,/subscribe,2026-08-23 13:23:45,instagram,
v_11edd7d5f7,/,2026-08-23 13:25:11,,
v_2be5844600,/subscribe,2026-08-23 13:27:43,,ELLIE.TURNER974@GMAIL.COM
v_50de35354f,/,2026-08-23 13:33:56,,
v_2f5e616080,/news/what-is-happening-in-sudan,2026-08-23 13:55:10,,
v_11edd7d5f7,/news/federal-budget-standoff,2026-08-23 14:07:11,,
v_adfea79d90,/,2026-08-23 14:22:28,,
v_128f3999d7,/shadrachs-picks,2026-08-23 14:25:46,,
v_31fe8e9078,/shadrachs-picks,2026-08-23 14:32:02,,
v_365095ea32,/,2026-08-23 14:37:01,,
v_889e2c783b,/news/hurricane-season-update,2026-08-23 14:45:18,instagram,
v_f109cd97d4,/,2026-08-23 15:32:54,,
v_da31f27020,/news/midterm-primaries-recap,2026-08-23 16:06:50,,
v_459da91d5d,/subscribe,2026-08-23 16:30:04,,joshua.hill884@gmail.com
v_f3d2d0c564,/news/what-is-happening-in-sudan,2026-08-23 16:36:28,,
v_a347261200,/subscribe,2026-08-23 16:47:32,,
v_c7f0df008a,/subscribe,2026-08-23 16:51:55,,lydia.brown326@outlook.com
v_b142a7371e,/news/hurricane-season-update,2026-08-23 16:53:25,facebook,
v_704068a72a,/shadrachs-picks,2026-08-23 17:02:27,,
v_bcab50a060,/subscribe,2026-08-23 17:05:00,,
v_f3d2d0c564,/shadrachs-picks,2026-08-23 17:09:07,,
v_11edd7d5f7,/subscribe,2026-08-23 17:25:11,,LYDIA.WILLIAMS998@GMAIL.COM
v_152ca424f8,/,2026-08-23 18:00:08,instagram,
v_a283ff3a78,/shadrachs-picks,2026-08-23 18:16:04,,
v_92774e560c,/subscribe,2026-08-23 19:04:59,,luke.peterson357@protonmail.com
v_6b46948d4a,/about,2026-08-23 19:22:09,,
v_5be4a71254,/,2026-08-23 19:32:55,,
v_67ceed0c78,/subscribe,2026-08-23 19:37:47,,
v_435aac79d7,/subscribe,2026-08-23 20:12:03,,
v_334f4fe5f8,/,2026-08-23 20:20:16,,
v_1383fcbf3a,/subscribe,2026-08-23 20:35:43,,NATHAN.MORGAN185@GMAIL.COM
v_21d068ad64,/,2026-08-23 20:43:09,,
v_3d536a76dc,/news/housing-market-cooldown,2026-08-23 21:03:25,,
v_61f9790c68,/news/federal-budget-standoff,2026-08-23 21:30:51,google,
v_61f9790c68,/news/church-attendance-study,2026-08-23 21:43:51,,
v_dfa434c6ad,/subscribe,2026-08-23 21:53:24,,
v_19199d17f7,/,2026-08-23 21:56:34,,
v_61f9790c68,/news/church-attendance-study,2026-08-23 22:05:51,,
v_eb0ccdc557,/,2026-08-23 22:07:03,,
v_4f29875ed4,/about,2026-08-23 22:24:57,,
v_85d2f41134,/subscribe,2026-08-23 22:36:39,,
v_6517cbb9eb,/news/church-attendance-study,2026-08-23 22:48:52,,
v_de98850091,/subscribe,2026-08-23 23:05:09,,james.rogers178@yahoo.com
v_be23f194af,/,2026-08-23 23:24:40,,
v_21cd344ae3,/shadrachs-picks,2026-08-23 23:40:53,,
v_3f9e751e8f,/,2026-08-23 23:52:01,,
v_6517cbb9eb,/our-staff,2026-08-24 00:07:28,,
v_61f9790c68,/subscribe,2026-08-24 00:13:51,,DANIEL.BELL227@GMAIL.COM
v_61f9790c68,/subscribe,2026-08-24 00:24:09,,
v_656c9197c7,/news/church-attendance-study,2026-08-24 01:06:10,,
v_2b40d13c9c,/,2026-08-24 01:22:31,,
v_eb557d447d,/,2026-08-24 01:25:58,,
v_0ac09065fe,/news/federal-budget-standoff,2026-08-24 01:32:08,,
v_612e417cfd,/,2026-08-24 01:34:42,facebook,
v_612e417cfd,/news/hurricane-season-update,2026-08-24 01:49:42,,
v_4f29875ed4,/subscribe,2026-08-24 02:13:06,,
v_e1f2ad9c7c,/about,2026-08-24 02:19:59,facebook,
v_29a4669719,/,2026-08-24 02:25:39,,
v_ee4d394325,/,2026-08-24 02:34:28,,
v_a713b48984,/news/federal-budget-standoff,2026-08-24 02:50:07,,
v_3d132cf075,/news/midterm-primaries-recap,2026-08-24 02:54:39,,
v_412da65bb1,/news/what-is-happening-in-sudan,2026-08-24 03:08:08,,
v_c71839650b,/,2026-08-24 03:21:50,,
v_e44b514418,/subscribe,2026-08-24 03:24:34,,
v_ef3c1b6500,/,2026-08-24 03:25:38,instagram,
v_d52f59b8b1,/news/new-space-telescope-images,2026-08-24 03:35:34,,
v_7d3ec24549,/,2026-08-24 03:38:42,,
v_4abe229b32,/,2026-08-24 04:47:56,instagram,
v_128f3999d7,/,2026-08-24 04:51:40,,
v_68c8c5d741,/news/hurricane-season-update,2026-08-24 04:56:05,,
v_c05bfbc834,/news/hurricane-season-update,2026-08-24 05:03:43,google,
v_a9a16cf393,/,2026-08-24 05:03:48,google,
v_4f8d32bd91,/subscribe,2026-08-24 05:20:05,,
v_4abe229b32,/news/church-attendance-study,2026-08-24 05:32:56,,
v_d6770c2c32,/news/federal-budget-standoff,2026-08-24 05:53:32,,
v_38458fc902,/about,2026-08-24 05:57:15,,
v_4396b0a049,/subscribe,2026-08-24 06:04:11,,
v_124d9aa912,/news/hurricane-season-update,2026-08-24 06:22:16,,
v_4a9f4ded7b,/,2026-08-24 06:23:01,facebook,
v_4a64e14344,/about,2026-08-24 06:33:57,facebook,
v_4abe229b32,/subscribe,2026-08-24 07:09:56,,david.davis694@gmail.com
v_4a64e14344,/beliefs,2026-08-24 07:14:57,,
v_7c8ecc63e1,/news/church-attendance-study,2026-08-24 07:32:30,,
v_4396b0a049,/,2026-08-24 07:50:37,,
v_4a64e14344,/news/new-space-telescope-images,2026-08-24 07:52:57,,
v_afd39d69f8,/news/what-is-happening-in-sudan,2026-08-24 07:54:23,,
v_22609c74f5,/news/housing-market-cooldown,2026-08-24 07:54:29,,
v_41740d4f41,/,2026-08-24 08:00:01,,
v_22dbb5da70,/subscribe,2026-08-24 08:08:36,,
v_4396b0a049,/news/ai-regulation-bill,2026-08-24 08:18:57,,
v_1028a63830,/,2026-08-24 08:28:09,,
v_e70932e269,/,2026-08-24 08:58:17,,
v_6156ac54e6,/news/housing-market-cooldown,2026-08-24 09:13:47,,
v_335b8c0826,/news/supreme-court-ruling-explained,2026-08-24 09:37:23,podcast,
v_3eea691475,/news/midterm-primaries-recap,2026-08-24 09:44:21,podcast,
v_3eea691475,/,2026-08-24 09:45:21,,
v_335b8c0826,/,2026-08-24 09:53:23,,
v_3eea691475,/subscribe,2026-08-24 09:56:21,,
v_21551a402b,/,2026-08-24 09:56:58,,
v_3d523ae5e4,/beliefs,2026-08-24 10:18:32,,
v_26a29836ad,/,2026-08-24 11:02:29,instagram,
v_612e417cfd,/subscribe,2026-08-24 11:07:42,,rachel.phillips223@gmail.com
v_4a64e14344,/subscribe,2026-08-24 11:12:57,,ruth.miller228@yahoo.com
v_819dc5b0a6,/,2026-08-24 11:22:54,,
v_977f93a857,/,2026-08-24 11:24:19,instagram,
v_335b8c0826,/subscribe,2026-08-24 12:17:23,,JOSIAH.COOK990@GMAIL.COM
v_d04023b175,/shadrachs-picks,2026-08-24 12:24:54,,
v_d6d24296b8,/news/world-series-preview,2026-08-24 12:30:07,,
v_9008f18189,/,2026-08-24 12:32:41,,
v_4a9f4ded7b,/subscribe,2026-08-24 12:49:01,,sarah.collins980@icloud.com
v_d97b8903e2,/our-staff,2026-08-24 13:02:02,,
v_ef3c1b6500,/subscribe,2026-08-24 13:12:38,,isaac.taylor503@gmail.com
v_1a177c4c21,/subscribe,2026-08-24 13:22:36,,
v_8128a27af4,/,2026-08-24 13:23:11,,
v_5f4ac17c6b,/,2026-08-24 13:25:11,,
v_4d32b10a15,/news/world-series-preview,2026-08-24 13:28:44,referral,
v_4d32b10a15,/,2026-08-24 13:36:44,,
v_4a9f4ded7b,/,2026-08-24 13:43:15,,
v_4d32b10a15,/shadrachs-picks,2026-08-24 13:56:44,,
v_3ae87fa5c9,/news/church-attendance-study,2026-08-24 14:20:19,,
v_3eea691475,/subscribe,2026-08-24 14:37:21,,aaron.jones61@gmail.com
v_6bc0201505,/beliefs,2026-08-24 14:58:48,,
v_9cd1c66869,/news/supreme-court-ruling-explained,2026-08-24 15:05:08,,
v_0cf0f47950,/news/hurricane-season-update,2026-08-24 15:12:30,instagram,
v_0cf0f47950,/,2026-08-24 15:25:30,,
v_2f5e616080,/news/new-space-telescope-images,2026-08-24 15:34:37,,
v_4d32b10a15,/subscribe,2026-08-24 15:36:44,,megan.edwards799@gmail.com
v_0cf0f47950,/subscribe,2026-08-24 16:04:30,,john.taylor757@icloud.com
v_c3e512b0f9,/shadrachs-picks,2026-08-24 16:06:25,,
v_6517cbb9eb,/,2026-08-24 16:40:59,,
v_6309c6ae01,/,2026-08-24 16:45:53,,
v_3e6c62b057,/news/federal-budget-standoff,2026-08-24 17:06:27,,
v_c365b84643,/subscribe,2026-08-24 17:50:17,,
v_26a29836ad,/subscribe,2026-08-24 18:00:29,,michael.campbell426@outlook.com
v_143ce48fed,/shadrachs-picks,2026-08-24 18:14:08,,
v_d6770c2c32,/shadrachs-picks,2026-08-24 18:18:15,,
v_6bc0201505,/,2026-08-24 18:20:08,,
v_6517cbb9eb,/news/church-attendance-study,2026-08-24 18:30:24,,
v_bf33c46895,/news/hurricane-season-update,2026-08-24 18:50:01,,
v_53bd62cf06,/,2026-08-24 18:51:51,,
v_7d3ec24549,/news/hurricane-season-update,2026-08-24 19:26:23,,
v_21d068ad64,/,2026-08-24 19:39:02,,
v_68761f5bd1,/,2026-08-24 20:13:12,,
v_85821100c8,/news/midterm-primaries-recap,2026-08-24 20:43:07,,
v_3782f550c2,/shadrachs-picks,2026-08-24 20:44:04,facebook,
v_8bb31ac236,/news/housing-market-cooldown,2026-08-24 20:58:05,,
v_3782f550c2,/news/supreme-court-ruling-explained,2026-08-24 21:01:04,,
v_e4ffea090c,/news/what-is-happening-in-sudan,2026-08-24 21:01:49,,
v_3e6c62b057,/our-staff,2026-08-24 21:13:07,,
v_503f9c38fd,/about,2026-08-24 21:24:56,,
v_3782f550c2,/about,2026-08-24 21:29:04,,
v_a2bd5f0d51,/,2026-08-24 21:30:08,,
v_21d068ad64,/,2026-08-24 21:35:08,,
v_2c58c90882,/,2026-08-24 22:33:40,,
v_a713b48984,/beliefs,2026-08-24 22:46:23,,
v_942f19637a,/about,2026-08-24 23:12:53,,
v_c9147ac777,/news/what-is-happening-in-sudan,2026-08-25 00:54:01,,
v_8e7336da61,/news/hurricane-season-update,2026-08-25 01:05:23,,
v_6517cbb9eb,/,2026-08-25 02:12:13,,
v_2ee49c89d5,/subscribe,2026-08-25 02:17:57,facebook,HOPE.KING219@OUTLOOK.COM
v_74dd996e3c,/news/world-series-preview,2026-08-25 02:22:03,,
v_6c4ddecce9,/news/ai-regulation-bill,2026-08-25 02:34:51,google,
v_a6994398bf,/news/world-series-preview,2026-08-25 02:50:51,,
v_6c4ddecce9,/subscribe,2026-08-25 03:04:51,,
v_27f62031b7,/news/new-space-telescope-images,2026-08-25 03:07:28,,
v_f0d7994147,/,2026-08-25 03:30:40,,
v_fd8f8cf41a,/news/new-space-telescope-images,2026-08-25 03:31:58,,
v_70c637cd10,/news/world-series-preview,2026-08-25 03:48:57,,
v_21d068ad64,/,2026-08-25 03:52:29,,
v_1383fcbf3a,/,2026-08-25 03:53:38,,
v_5ba659e9f2,/,2026-08-25 03:57:49,,
v_3782f550c2,/subscribe,2026-08-25 04:21:04,,josiah.peterson614@yahoo.com
v_69dc6179d7,/news/new-space-telescope-images,2026-08-25 04:26:47,instagram,
v_bb34e4e68d,/shadrachs-picks,2026-08-25 04:29:43,,
v_5ba659e9f2,/,2026-08-25 04:32:49,,
v_aaf210eaef,/,2026-08-25 05:24:39,,
v_be23f194af,/news/ai-regulation-bill,2026-08-25 05:29:14,,
v_56596eda5f,/shadrachs-picks,2026-08-25 05:31:24,,
v_29d8a6e8e3,/,2026-08-25 05:38:13,,
v_e868abea98,/,2026-08-25 06:02:56,,
v_9b7d77cfae,/news/new-space-telescope-images,2026-08-25 06:03:35,,
v_bc790ec0f9,/news/housing-market-cooldown,2026-08-25 06:18:23,,
v_6c4ddecce9,/subscribe,2026-08-25 06:45:51,,olivia.stewart125@yahoo.com
v_27f62031b7,/shadrachs-picks,2026-08-25 06:55:55,,
v_76486e2c54,/,2026-08-25 07:00:20,,
v_ab34ed9837,/subscribe,2026-08-25 07:30:39,,
v_db4fccfdd0,/,2026-08-25 07:58:03,,
v_8a65ec6ab0,/,2026-08-25 08:28:09,,
v_09c6b17146,/shadrachs-picks,2026-08-25 09:47:50,referral,
v_d46af02e61,/,2026-08-25 10:10:04,facebook,
v_09c6b17146,/news/new-space-telescope-images,2026-08-25 10:18:50,,
v_8e9a56cdb6,/about,2026-08-25 10:21:01,,
v_6156ac54e6,/about,2026-08-25 10:21:14,,
v_09c6b17146,/subscribe,2026-08-25 10:43:50,,ANDREW.PHILLIPS526@GMAIL.COM
v_80fa4e4801,/subscribe,2026-08-25 10:59:14,,
v_942f19637a,/news/federal-budget-standoff,2026-08-25 11:02:26,,
v_5ba659e9f2,/subscribe,2026-08-25 11:10:49,,olivia.williams52@yahoo.com
v_8480e4224d,/news/federal-budget-standoff,2026-08-25 11:13:47,,
v_80cb39080e,/news/supreme-court-ruling-explained,2026-08-25 11:33:39,facebook,
v_d1f67d42bf,/news/ai-regulation-bill,2026-08-25 11:46:36,,
v_ddc503d9b6,/,2026-08-25 11:52:22,instagram,
v_ddc503d9b6,/,2026-08-25 11:59:22,,
v_9eed48f9c9,/news/world-series-preview,2026-08-25 12:14:40,,
v_ddc503d9b6,/news/world-series-preview,2026-08-25 12:16:22,,
v_c5c6cace97,/news/supreme-court-ruling-explained,2026-08-25 12:28:04,,
v_c5c6cace97,/news/hurricane-season-update,2026-08-25 12:36:04,,
v_704068a72a,/news/hurricane-season-update,2026-08-25 12:43:52,,
v_1b36799123,/,2026-08-25 12:45:18,,
v_178eaba210,/,2026-08-25 12:50:42,google,
v_c5c6cace97,/news/federal-budget-standoff,2026-08-25 12:59:04,,
v_942f19637a,/,2026-08-25 13:20:12,,
v_6d441d3138,/,2026-08-25 13:48:56,,
v_567e2b2bf6,/,2026-08-25 14:23:04,instagram,
v_567e2b2bf6,/subscribe,2026-08-25 14:59:04,,
v_9317a96d6d,/news/hurricane-season-update,2026-08-25 15:01:58,,
v_29a4669719,/about,2026-08-25 15:49:01,,
v_88ca0baa91,/,2026-08-25 15:57:20,,
v_2a69d0781b,/news/federal-budget-standoff,2026-08-25 16:07:18,,
v_5d97504e07,/,2026-08-25 16:33:47,instagram,
v_18a110552b,/news/ai-regulation-bill,2026-08-25 16:43:29,instagram,
v_c5c6cace97,/subscribe,2026-08-25 16:44:04,,mary.edwards309@gmail.com
v_46dd4c4a5c,/,2026-08-25 17:09:27,google,
v_d46af02e61,/subscribe,2026-08-25 17:12:04,,abigail.edwards855@gmail.com
v_27f62031b7,/,2026-08-25 17:12:23,,
v_567e2b2bf6,/subscribe,2026-08-25 17:20:04,,leah.carter782@gmail.com
v_18a110552b,/news/what-is-happening-in-sudan,2026-08-25 17:20:29,,
v_6bc0201505,/,2026-08-25 17:20:53,,
v_8a65ec6ab0,/subscribe,2026-08-25 17:26:09,,esther.campbell928@outlook.com
v_18a110552b,/news/world-series-preview,2026-08-25 17:44:29,,
v_5096d06954,/,2026-08-25 18:03:15,,
v_9bfbf76f44,/news/church-attendance-study,2026-08-25 18:06:31,instagram,
v_b17cfab4a0,/,2026-08-25 18:21:03,facebook,
v_6ca9418445,/about,2026-08-25 18:21:46,,
v_a321414092,/,2026-08-25 18:34:10,instagram,
v_143ce48fed,/news/what-is-happening-in-sudan,2026-08-25 18:53:55,google,
v_b17cfab4a0,/news/what-is-happening-in-sudan,2026-08-25 18:57:03,,
v_9c5c67fe12,/news/midterm-primaries-recap,2026-08-25 19:13:08,,
v_3231da2b1c,/news/new-space-telescope-images,2026-08-25 19:27:00,,
v_b17cfab4a0,/beliefs,2026-08-25 19:39:03,,
v_f294708e23,/subscribe,2026-08-25 19:41:00,,
v_18a110552b,/subscribe,2026-08-25 20:00:29,,ellie.anderson657@yahoo.com
v_ddc503d9b6,/subscribe,2026-08-25 20:09:22,,rachel.johnson590@yahoo.com
v_01f3bade04,/subscribe,2026-08-25 20:12:35,,
v_ef08f5c358,/,2026-08-25 20:21:53,,
v_b17cfab4a0,/subscribe,2026-08-25 20:23:03,,luke.garcia55@gmail.com
v_f968377d2b,/subscribe,2026-08-25 20:26:02,,
v_5a054c30c1,/news/midterm-primaries-recap,2026-08-25 20:36:02,,
v_ad8016fd7a,/,2026-08-25 20:56:24,,
v_223e773ff4,/beliefs,2026-08-25 21:11:46,,
v_7c6c631ac2,/beliefs,2026-08-25 21:18:22,,
v_c7f0df008a,/about,2026-08-25 21:21:16,,
v_1a643f46e9,/our-staff,2026-08-25 21:27:49,,
v_87e7734a2f,/subscribe,2026-08-25 21:41:54,,
v_df3f101f71,/,2026-08-25 22:08:27,google,
v_f3f8f6bd2c,/news/new-space-telescope-images,2026-08-25 22:17:30,,
v_2f5e616080,/news/church-attendance-study,2026-08-25 22:20:41,,
v_21d068ad64,/news/hurricane-season-update,2026-08-25 22:22:25,,
v_df3f101f71,/subscribe,2026-08-25 22:27:27,,
v_4a925757f4,/shadrachs-picks,2026-08-25 22:32:13,,
v_0ab98ec1aa,/shadrachs-picks,2026-08-25 22:39:37,,
v_a321414092,/subscribe,2026-08-25 22:45:10,,mary.bailey689@gmail.com
v_509f91379a,/subscribe,2026-08-25 22:48:45,,
v_d3a21af239,/subscribe,2026-08-25 22:49:37,twitter,jacob.walker215@gmail.com
v_fac13094c8,/news/federal-budget-standoff,2026-08-25 22:58:07,instagram,
v_923d667f1f,/our-staff,2026-08-25 23:03:33,,
v_4f8d32bd91,/news/ai-regulation-bill,2026-08-25 23:03:58,,
v_df3f101f71,/subscribe,2026-08-25 23:04:27,,isaac.anderson615@protonmail.com
v_ef3c1b6500,/,2026-08-25 23:15:22,,
v_1a643f46e9,/news/what-is-happening-in-sudan,2026-08-25 23:20:44,,
v_988df0e4f4,/,2026-08-25 23:53:33,,
v_9bfbf76f44,/subscribe,2026-08-26 00:11:31,,grace.carter487@gmail.com
v_c48692878d,/,2026-08-26 00:29:28,,
v_d6770c2c32,/,2026-08-26 00:41:09,,
v_a701a3352d,/about,2026-08-26 00:44:56,,
v_5d97504e07,/subscribe,2026-08-26 00:56:47,,mary.bell153@protonmail.com
v_704068a72a,/about,2026-08-26 01:14:45,,
v_6517cbb9eb,/subscribe,2026-08-26 01:33:49,,
v_42009b8059,/,2026-08-26 02:06:03,,
v_20440cef0f,/news/church-attendance-study,2026-08-26 02:23:47,,
v_9634f2b21e,/beliefs,2026-08-26 02:42:37,,
v_89c094d314,/about,2026-08-26 03:09:34,podcast,
v_add7bfe4b9,/subscribe,2026-08-26 03:19:18,,
v_29a4669719,/news/supreme-court-ruling-explained,2026-08-26 03:20:24,,
v_89c094d314,/shadrachs-picks,2026-08-26 03:47:34,,
v_4354256820,/,2026-08-26 03:57:58,,
v_e302d7dd10,/news/ai-regulation-bill,2026-08-26 04:09:20,instagram,
v_89c094d314,/subscribe,2026-08-26 04:13:34,,ESTHER.PETERSON771@YAHOO.COM
v_c952d2eab1,/news/supreme-court-ruling-explained,2026-08-26 04:41:42,,
v_7b30386f49,/news/federal-budget-standoff,2026-08-26 04:44:57,,
v_1804725ec0,/,2026-08-26 04:54:23,,
v_bf76c6aaed,/,2026-08-26 05:02:00,,
v_d76ee59638,/news/church-attendance-study,2026-08-26 05:20:09,podcast,
v_5a054c30c1,/subscribe,2026-08-26 05:30:02,,mary.lewis567@hotmail.com
v_a751e8e247,/news/ai-regulation-bill,2026-08-26 06:40:34,,
v_a03439409b,/our-staff,2026-08-26 06:52:21,,
v_1dd3c72b63,/news/world-series-preview,2026-08-26 06:55:09,twitter,
v_89d507c289,/,2026-08-26 06:56:55,,
v_d76ee59638,/subscribe,2026-08-26 07:19:09,,paul.allen858@hotmail.com
v_67f81d370f,/,2026-08-26 07:28:22,facebook,
v_04d012fb3f,/,2026-08-26 07:36:20,,
v_1b36799123,/news/church-attendance-study,2026-08-26 07:48:18,,
v_a751e8e247,/,2026-08-26 08:32:38,,
v_977f93a857,/,2026-08-26 09:28:48,,
v_21d068ad64,/,2026-08-26 09:30:11,,
v_7789cdca9e,/news/hurricane-season-update,2026-08-26 09:33:55,instagram,
v_04d012fb3f,/,2026-08-26 09:43:25,,
v_01bb49fd4a,/about,2026-08-26 09:56:13,instagram,
v_01bb49fd4a,/news/federal-budget-standoff,2026-08-26 10:16:13,,
v_e4387cf95a,/about,2026-08-26 10:17:39,,
v_e302d7dd10,/subscribe,2026-08-26 10:22:20,,DANIEL.MORRIS455@ICLOUD.COM
v_01bb49fd4a,/news/supreme-court-ruling-explained,2026-08-26 10:36:13,,
v_01bb49fd4a,/subscribe,2026-08-26 10:39:13,,aaron.moore967@hotmail.com
v_a713b48984,/about,2026-08-26 10:45:43,,
v_459da91d5d,/news/midterm-primaries-recap,2026-08-26 10:57:56,,
v_94653eb92f,/news/world-series-preview,2026-08-26 10:59:04,,
v_22dbb5da70,/news/midterm-primaries-recap,2026-08-26 11:14:10,,
v_ef3c1b6500,/our-staff,2026-08-26 11:55:53,,
v_add7bfe4b9,/,2026-08-26 12:03:31,,
v_7f4f6d41cc,/news/midterm-primaries-recap,2026-08-26 12:07:48,facebook,
v_d7d4e33051,/subscribe,2026-08-26 12:15:11,,
v_3fbee3a0ae,/,2026-08-26 12:27:24,google,
v_1a643f46e9,/news/hurricane-season-update,2026-08-26 12:33:16,,
v_9991dd4320,/news/housing-market-cooldown,2026-08-26 12:34:56,instagram,
v_7f4f6d41cc,/,2026-08-26 12:41:48,,
v_4396b0a049,/news/world-series-preview,2026-08-26 13:43:06,,
v_1dd3c72b63,/subscribe,2026-08-26 13:44:09,,grace.anderson581@hotmail.com
v_957f3e61e8,/,2026-08-26 13:52:09,,
v_db4fccfdd0,/news/midterm-primaries-recap,2026-08-26 13:52:42,,
v_ff2e3f7dbb,/about,2026-08-26 14:07:39,,
v_4b69f5fa5d,/,2026-08-26 14:22:27,,
v_0ab8c5dc8f,/news/church-attendance-study,2026-08-26 14:30:09,,
v_d7d4e33051,/about,2026-08-26 15:03:35,,
v_8a19183f87,/shadrachs-picks,2026-08-26 15:09:45,,
v_9bc6b2ff5e,/shadrachs-picks,2026-08-26 15:34:46,,
v_baf9b7fc91,/beliefs,2026-08-26 15:44:27,instagram,
v_f973b0b7e9,/news/new-space-telescope-images,2026-08-26 15:44:36,,
v_9ecb124beb,/shadrachs-picks,2026-08-26 15:47:10,google,
v_9991dd4320,/subscribe,2026-08-26 17:21:56,,RACHEL.COLLINS311@GMAIL.COM
v_f973b0b7e9,/subscribe,2026-08-26 17:54:36,,lydia.hall841@yahoo.com
v_46eccd2728,/news/federal-budget-standoff,2026-08-26 17:56:06,instagram,
v_fd10661b1e,/news/midterm-primaries-recap,2026-08-26 18:20:22,,
v_09813b671f,/,2026-08-26 18:33:11,,
v_a9a16cf393,/news/supreme-court-ruling-explained,2026-08-26 18:33:46,instagram,
v_03d8a1f646,/news/housing-market-cooldown,2026-08-26 18:34:19,,
v_473051667f,/,2026-08-26 18:45:57,,
v_8b96a83778,/news/federal-budget-standoff,2026-08-26 18:57:16,,
v_499daf6735,/news/what-is-happening-in-sudan,2026-08-26 19:17:42,,
v_354336b730,/subscribe,2026-08-26 20:00:41,facebook,daniel.anderson437@protonmail.com
v_abb20713f2,/news/hurricane-season-update,2026-08-26 20:01:56,,
v_8750310d08,/news/world-series-preview,2026-08-26 20:04:22,,
v_958c3dd320,/about,2026-08-26 20:18:43,,
v_214b44b5cd,/shadrachs-picks,2026-08-26 20:44:26,instagram,
v_1b36799123,/subscribe,2026-08-26 20:44:56,,
v_214b44b5cd,/,2026-08-26 20:58:26,,
v_214b44b5cd,/subscribe,2026-08-26 21:06:26,,seth.reed828@protonmail.com
v_abb475e24a,/beliefs,2026-08-26 21:14:25,,
v_27f62031b7,/,2026-08-26 21:26:09,,
v_214b44b5cd,/subscribe,2026-08-26 21:28:26,,
v_7f4f6d41cc,/subscribe,2026-08-26 21:32:48,,caleb.clark771@hotmail.com
v_63d91e807c,/shadrachs-picks,2026-08-26 21:45:42,,
v_589a3ff3c6,/subscribe,2026-08-26 21:46:46,google,
v_be23f194af,/,2026-08-26 21:54:55,,
v_6b46948d4a,/news/hurricane-season-update,2026-08-26 22:03:07,,
v_baf9b7fc91,/about,2026-08-26 22:18:38,,
v_add7bfe4b9,/,2026-08-26 22:50:30,,
v_6f49e6d0d3,/,2026-08-26 22:55:54,referral,
v_6f49e6d0d3,/,2026-08-26 23:10:54,,
v_88f394befc,/subscribe,2026-08-26 23:18:01,,
v_455cd01811,/subscribe,2026-08-26 23:20:38,instagram,
v_1da7f6a1f9,/news/supreme-court-ruling-explained,2026-08-26 23:37:11,,
v_6f49e6d0d3,/,2026-08-26 23:40:54,,
v_892cce233d,/shadrachs-picks,2026-08-26 23:46:15,,
v_5e82d5b311,/shadrachs-picks,2026-08-27 00:14:10,google,
v_5e82d5b311,/,2026-08-27 00:15:10,,
v_382c549faa,/subscribe,2026-08-27 00:24:31,instagram,
v_6bc0201505,/,2026-08-27 00:57:58,,
v_6e196f3f11,/,2026-08-27 01:00:53,,
v_7df83b680a,/news/hurricane-season-update,2026-08-27 01:01:11,,
v_f1f742ff7c,/,2026-08-27 01:03:29,facebook,
v_864fcb72d6,/,2026-08-27 01:19:49,,
v_9edc022c8a,/subscribe,2026-08-27 01:23:27,podcast,ben.murphy388@gmail.com
v_c7f0df008a,/,2026-08-27 01:24:12,,
v_c94b3c1c0d,/,2026-08-27 01:47:07,,
v_9b1fe99536,/about,2026-08-27 01:47:22,referral,
v_654c54987c,/news/world-series-preview,2026-08-27 01:54:55,,
v_b9f9a9d0fc,/about,2026-08-27 02:03:48,,
v_b5ef12de2e,/shadrachs-picks,2026-08-27 02:13:58,instagram,
v_29d8a6e8e3,/news/supreme-court-ruling-explained,2026-08-27 02:15:32,,
v_89c094d314,/about,2026-08-27 03:17:42,,
v_94653eb92f,/shadrachs-picks,2026-08-27 03:45:24,,
v_2f8f528a7a,/news/what-is-happening-in-sudan,2026-08-27 03:56:40,,
v_abee214526,/subscribe,2026-08-27 04:01:35,referral,isaac.smith111@outlook.com
v_54ccefd725,/,2026-08-27 04:05:12,facebook,
v_1383fcbf3a,/about,2026-08-27 04:08:17,,
v_89c094d314,/shadrachs-picks,2026-08-27 04:16:17,,
v_8b96a83778,/news/what-is-happening-in-sudan,2026-08-27 04:28:05,,
v_4a9f4ded7b,/,2026-08-27 04:35:16,,
v_6bc0201505,/news/housing-market-cooldown,2026-08-27 04:38:41,,
v_54ccefd725,/subscribe,2026-08-27 04:39:12,,
v_54ccefd725,/,2026-08-27 04:43:12,,
v_9b1fe99536,/subscribe,2026-08-27 05:12:22,,ellie.carter469@protonmail.com
v_235c77b699,/news/world-series-preview,2026-08-27 05:29:10,,
v_7b1ba7a0fd,/,2026-08-27 05:51:00,,
v_644b9840c5,/news/midterm-primaries-recap,2026-08-27 05:52:17,,
v_ab34ed9837,/beliefs,2026-08-27 06:07:30,,
v_1cac585512,/news/new-space-telescope-images,2026-08-27 06:37:11,,
v_7166ae5ad6,/subscribe,2026-08-27 06:56:10,,
v_f8a5a12575,/,2026-08-27 06:57:33,,
v_79c6888fa3,/subscribe,2026-08-27 07:03:33,,
v_54ccefd725,/subscribe,2026-08-27 07:13:12,,claire.williams130@icloud.com
v_8d8f976646,/shadrachs-picks,2026-08-27 07:18:04,instagram,
v_91ed8a93c3,/,2026-08-27 07:22:34,,
v_841c8bff33,/shadrachs-picks,2026-08-27 07:23:16,facebook,
v_d81c0b5379,/news/federal-budget-standoff,2026-08-27 07:31:55,,
v_8d8f976646,/,2026-08-27 07:38:04,,
v_d70583d0be,/news/church-attendance-study,2026-08-27 07:44:01,,
v_5e82d5b311,/subscribe,2026-08-27 07:56:10,,megan.baker911@icloud.com
v_8d8f976646,/shadrachs-picks,2026-08-27 07:57:04,,
v_6f49e6d0d3,/subscribe,2026-08-27 08:02:54,,olivia.evans473@yahoo.com
v_b7d2287402,/,2026-08-27 08:04:00,referral,
v_6309c6ae01,/about,2026-08-27 08:14:27,,
v_243fec9249,/subscribe,2026-08-27 08:18:31,referral,caleb.allen970@gmail.com
v_8d8f976646,/subscribe,2026-08-27 08:31:04,,CLAIRE.SMITH118@YAHOO.COM
v_1383fcbf3a,/,2026-08-27 08:54:25,,
v_c3e512b0f9,/news/federal-budget-standoff,2026-08-27 09:13:20,,
v_6907ed970b,/our-staff,2026-08-27 09:16:07,instagram,
v_902673df20,/news/supreme-court-ruling-explained,2026-08-27 09:36:18,instagram,
v_d7d4e33051,/,2026-08-27 09:48:50,,
v_ef3c1b6500,/,2026-08-27 09:56:46,,
v_6923f77245,/news/new-space-telescope-images,2026-08-27 09:59:12,,
v_024a4658f4,/news/world-series-preview,2026-08-27 10:10:04,facebook,
v_024a4658f4,/,2026-08-27 10:14:04,,
v_704ea039b2,/news/federal-budget-standoff,2026-08-27 10:21:45,google,
v_704ea039b2,/news/supreme-court-ruling-explained,2026-08-27 10:26:45,,
v_704ea039b2,/news/what-is-happening-in-sudan,2026-08-27 10:27:45,,
v_b7d2287402,/subscribe,2026-08-27 10:29:00,,megan.roberts883@gmail.com
v_a8e2b9fe46,/news/housing-market-cooldown,2026-08-27 10:35:44,,
v_d2e9b5cb87,/news/church-attendance-study,2026-08-27 10:42:24,,
v_a01f2ef982,/shadrachs-picks,2026-08-27 10:43:01,,
v_3d55e1d787,/news/supreme-court-ruling-explained,2026-08-27 10:59:50,,
v_21d068ad64,/shadrachs-picks,2026-08-27 11:22:11,,
v_770c97095f,/news/federal-budget-standoff,2026-08-27 11:22:14,,
v_1a643f46e9,/shadrachs-picks,2026-08-27 11:23:47,,
v_335b8c0826,/,2026-08-27 11:26:00,,
v_53bd62cf06,/news/hurricane-season-update,2026-08-27 11:36:28,,
v_add7bfe4b9,/subscribe,2026-08-27 11:38:55,,
v_5e0e378a47,/news/ai-regulation-bill,2026-08-27 11:57:32,instagram,
v_d6770c2c32,/news/federal-budget-standoff,2026-08-27 12:00:19,,
v_56596eda5f,/news/ai-regulation-bill,2026-08-27 12:11:35,,
v_32178163b1,/,2026-08-27 12:36:04,instagram,
v_28dbfd7c2e,/,2026-08-27 12:54:45,,
v_2eb83033ec,/subscribe,2026-08-27 12:55:40,,
v_087f16ff95,/news/church-attendance-study,2026-08-27 13:07:33,,
v_7285fffb37,/subscribe,2026-08-27 13:13:14,,
v_5e0e378a47,/subscribe,2026-08-27 13:31:32,,james.edwards731@gmail.com
v_28b4880220,/news/ai-regulation-bill,2026-08-27 13:39:44,,
v_c48692878d,/,2026-08-27 13:40:50,,
v_243541fd38,/news/ai-regulation-bill,2026-08-27 14:10:20,,
v_80ef88b085,/news/federal-budget-standoff,2026-08-27 14:29:13,,
v_f973b0b7e9,/about,2026-08-27 14:34:01,,
v_f973b0b7e9,/news/world-series-preview,2026-08-27 14:35:16,,
v_c71839650b,/,2026-08-27 14:42:11,,
v_134ec75f74,/news/new-space-telescope-images,2026-08-27 14:45:04,facebook,
v_446050d8a1,/news/housing-market-cooldown,2026-08-27 14:53:55,google,
v_704ea039b2,/subscribe,2026-08-27 15:04:45,,josiah.miller156@gmail.com
v_d70583d0be,/news/ai-regulation-bill,2026-08-27 15:09:00,,
v_024a4658f4,/subscribe,2026-08-27 15:18:04,,esther.jones830@yahoo.com
v_841c8bff33,/subscribe,2026-08-27 15:18:16,,seth.cooper785@hotmail.com
v_db4fccfdd0,/,2026-08-27 15:19:02,,
v_517aff1753,/subscribe,2026-08-27 15:31:23,instagram,hope.baker465@gmail.com
v_f3d2d0c564,/,2026-08-27 15:33:45,,
v_ddeaaeacb9,/shadrachs-picks,2026-08-27 15:34:45,instagram,
v_87e7734a2f,/shadrachs-picks,2026-08-27 15:43:08,,
v_8474ebb4c0,/news/world-series-preview,2026-08-27 15:49:59,,
v_ddeaaeacb9,/news/ai-regulation-bill,2026-08-27 16:03:45,,
v_ddeaaeacb9,/news/federal-budget-standoff,2026-08-27 16:13:45,,
v_e70932e269,/subscribe,2026-08-27 16:47:41,,
v_2c4dbdfa34,/about,2026-08-27 16:59:28,instagram,
v_f29d782979,/,2026-08-27 17:03:41,,
v_2c4dbdfa34,/news/ai-regulation-bill,2026-08-27 17:27:28,,
v_7f3412a07e,/news/new-space-telescope-images,2026-08-27 17:39:35,,
v_cd03cb9d8c,/,2026-08-27 17:54:28,,
v_5db5140307,/news/federal-budget-standoff,2026-08-27 18:27:57,,
v_7d3ec24549,/,2026-08-27 18:52:07,,
v_22b00f4e0e,/subscribe,2026-08-27 18:55:03,,
v_66b8ed3d6f,/,2026-08-27 19:20:39,,
v_0fb40d515d,/subscribe,2026-08-27 20:13:23,,
v_8e9a56cdb6,/,2026-08-27 20:22:09,,
v_f00b0b3453,/news/housing-market-cooldown,2026-08-27 20:28:24,referral,
v_11726d5e57,/subscribe,2026-08-27 20:55:37,,
v_53f97c801d,/shadrachs-picks,2026-08-27 21:00:15,google,
v_f49b591cb9,/,2026-08-27 21:06:13,instagram,
v_1804725ec0,/news/what-is-happening-in-sudan,2026-08-27 21:07:05,,
v_7229401156,/news/supreme-court-ruling-explained,2026-08-27 21:36:03,,
v_0d3418817d,/shadrachs-picks,2026-08-27 21:40:51,instagram,
v_31e6f0e594,/news/world-series-preview,2026-08-27 22:07:24,facebook,
v_b6df3f4f8a,/about,2026-08-27 23:11:42,google,
v_22b00f4e0e,/,2026-08-27 23:28:24,,
v_ff2e3f7dbb,/,2026-08-27 23:29:37,,
v_be4f4a0ae5,/about,2026-08-27 23:58:37,,
v_9ac38ac373,/news/supreme-court-ruling-explained,2026-08-28 00:02:00,facebook,
v_7916a45bc4,/news/federal-budget-standoff,2026-08-28 00:09:34,facebook,
v_7916a45bc4,/news/ai-regulation-bill,2026-08-28 00:10:34,,
v_a713b48984,/news/federal-budget-standoff,2026-08-28 00:10:40,,
v_9ac38ac373,/,2026-08-28 00:23:00,,
v_56929cbb85,/news/supreme-court-ruling-explained,2026-08-28 00:30:18,,
v_2ee49c89d5,/news/midterm-primaries-recap,2026-08-28 00:36:34,,
v_ea99c175d4,/subscribe,2026-08-28 00:39:46,,
v_70642f7f3d,/news/midterm-primaries-recap,2026-08-28 00:46:12,,
v_2d2ad46514,/news/midterm-primaries-recap,2026-08-28 00:48:36,,
v_382c549faa,/shadrachs-picks,2026-08-28 00:49:43,google,
v_8a65ec6ab0,/subscribe,2026-08-28 00:57:12,,
v_ddeaaeacb9,/subscribe,2026-08-28 00:57:45,,josiah.bailey338@protonmail.com
v_c1cccbfc9a,/subscribe,2026-08-28 01:00:50,,
v_f973b0b7e9,/news/church-attendance-study,2026-08-28 01:03:33,,
v_2c4dbdfa34,/subscribe,2026-08-28 01:17:28,,paul.adams143@hotmail.com
v_e797baa104,/subscribe,2026-08-28 01:21:50,,
v_7916a45bc4,/subscribe,2026-08-28 01:32:34,,andrew.turner96@hotmail.com
v_c1dd660736,/news/new-space-telescope-images,2026-08-28 01:56:56,instagram,
v_09c6b17146,/subscribe,2026-08-28 02:03:53,,
v_d2b9c02ed0,/news/midterm-primaries-recap,2026-08-28 02:07:31,facebook,
v_a347261200,/news/housing-market-cooldown,2026-08-28 02:33:13,,
v_612e417cfd,/news/midterm-primaries-recap,2026-08-28 02:44:03,,
v_194736c582,/news/federal-budget-standoff,2026-08-28 03:00:11,,
v_ce490c21ee,/,2026-08-28 03:26:23,,
v_4a9f4ded7b,/,2026-08-28 03:32:17,,
v_f00b0b3453,/subscribe,2026-08-28 03:46:24,,david.garcia936@outlook.com
v_704068a72a,/,2026-08-28 03:49:45,,
v_845b7e29cb,/,2026-08-28 04:01:57,,
v_6eac046ad7,/beliefs,2026-08-28 04:11:51,,
v_554805c858,/news/supreme-court-ruling-explained,2026-08-28 04:14:04,google,
v_0d3418817d,/subscribe,2026-08-28 04:15:51,,ruth.hill27@gmail.com
v_c7c69b0ade,/news/what-is-happening-in-sudan,2026-08-28 04:17:48,,
v_554805c858,/,2026-08-28 04:22:04,,
v_53f97c801d,/subscribe,2026-08-28 04:36:15,,noah.thomas530@yahoo.com
v_4a9f4ded7b,/news/church-attendance-study,2026-08-28 04:37:36,,
v_87e7734a2f,/subscribe,2026-08-28 04:59:33,,
v_b6df3f4f8a,/subscribe,2026-08-28 05:05:42,,julia.stewart516@gmail.com
v_3650af02b1,/,2026-08-28 05:24:24,,
v_44ce9693fb,/,2026-08-28 05:37:57,,
v_145c7593b8,/subscribe,2026-08-28 05:39:45,,
v_f00b0b3453,/,2026-08-28 05:49:46,,
v_7f3412a07e,/shadrachs-picks,2026-08-28 05:49:47,,
v_704068a72a,/,2026-08-28 05:50:31,,
v_554805c858,/subscribe,2026-08-28 06:05:04,,chloe.wright496@hotmail.com
v_68761f5bd1,/,2026-08-28 06:05:28,,
v_fd2f8df98e,/subscribe,2026-08-28 06:14:13,,
v_e03ad7830e,/subscribe,2026-08-28 06:16:22,,
v_6517cbb9eb,/,2026-08-28 06:34:27,,
v_72a1d8ee1f,/about,2026-08-28 06:49:38,,
v_57a6f6076b,/news/supreme-court-ruling-explained,2026-08-28 06:52:08,,
v_c24eed0571,/,2026-08-28 06:55:29,,
v_31e6f0e594,/subscribe,2026-08-28 07:03:24,,paul.brown992@gmail.com
v_9d9d97067d,/,2026-08-28 07:03:32,,
v_928eceae31,/news/new-space-telescope-images,2026-08-28 07:09:15,instagram,
v_9ac38ac373,/subscribe,2026-08-28 07:27:00,,andrew.evans736@gmail.com
v_b0cc68e76c,/,2026-08-28 07:30:47,facebook,
v_89c094d314,/about,2026-08-28 07:32:26,,
v_03ac66bbc5,/news/supreme-court-ruling-explained,2026-08-28 07:42:47,,
v_412da65bb1,/subscribe,2026-08-28 07:45:17,,
v_f973b0b7e9,/news/midterm-primaries-recap,2026-08-28 08:01:37,,
v_28b4880220,/,2026-08-28 08:15:45,,
v_03ac66bbc5,/news/housing-market-cooldown,2026-08-28 08:32:12,,
v_a5c53a8f8e,/subscribe,2026-08-28 08:33:13,,
v_cca89bc2db,/news/supreme-court-ruling-explained,2026-08-28 08:54:27,,
v_5b75b5f7dc,/news/midterm-primaries-recap,2026-08-28 08:59:31,,
v_991e1b41a7,/news/ai-regulation-bill,2026-08-28 09:16:09,,
v_7859737a18,/,2026-08-28 09:23:01,,
v_7a50693c56,/,2026-08-28 09:37:13,,
v_c565777f3c,/subscribe,2026-08-28 09:58:10,referral,mary.carter72@gmail.com
v_0e2ac6744d,/news/world-series-preview,2026-08-28 10:57:13,,
v_fc2d9e782e,/shadrachs-picks,2026-08-28 11:06:55,,
v_3789ab8d76,/about,2026-08-28 11:11:38,referral,
v_a5c53a8f8e,/subscribe,2026-08-28 11:16:23,,
v_58c0513c08,/about,2026-08-28 11:31:24,,
v_21d068ad64,/news/world-series-preview,2026-08-28 11:34:21,,
v_d476f3f16e,/,2026-08-28 11:37:54,,
v_de98850091,/news/what-is-happening-in-sudan,2026-08-28 11:40:45,,
v_6d441d3138,/,2026-08-28 11:44:22,,
v_94653eb92f,/,2026-08-28 12:29:29,,
v_868b8c8697,/subscribe,2026-08-28 13:01:40,google,joy.parker689@protonmail.com
v_c1421ddf8a,/news/what-is-happening-in-sudan,2026-08-28 13:21:43,,
v_3789ab8d76,/subscribe,2026-08-28 13:22:38,,abigail.davis336@gmail.com
v_32be9fd56a,/news/midterm-primaries-recap,2026-08-28 13:34:52,,
v_fe0db178b9,/,2026-08-28 13:40:08,,
v_e24613714f,/news/world-series-preview,2026-08-28 13:59:34,instagram,
v_fc0120626a,/subscribe,2026-08-28 14:00:00,google,mark.stewart195@icloud.com
v_928eceae31,/subscribe,2026-08-28 14:02:15,,lydia.clark329@hotmail.com
v_1804725ec0,/news/church-attendance-study,2026-08-28 14:10:26,,
v_459da91d5d,/news/world-series-preview,2026-08-28 14:17:31,,
v_e4387cf95a,/news/ai-regulation-bill,2026-08-28 14:44:42,,
v_cdce77981f,/,2026-08-28 14:46:46,,
v_2604efe7e4,/shadrachs-picks,2026-08-28 14:59:17,,
v_0c148b318e,/,2026-08-28 15:23:47,instagram,
v_2f5e616080,/,2026-08-28 15:26:30,,
v_ebcd0fa95e,/news/church-attendance-study,2026-08-28 15:45:06,instagram,
v_9b1fe99536,/,2026-08-28 16:00:52,,
v_7e9cff02e7,/about,2026-08-28 16:33:53,,
v_b0cc68e76c,/subscribe,2026-08-28 16:37:47,,andrew.smith310@protonmail.com
v_6bc0201505,/about,2026-08-28 16:52:12,,
v_194736c582,/subscribe,2026-08-28 17:16:01,,
v_9ebac87cb4,/,2026-08-28 17:41:45,instagram,
v_4e8b72fceb,/news/church-attendance-study,2026-08-28 17:51:40,facebook,
v_991e1b41a7,/subscribe,2026-08-28 17:55:09,,megan.mitchell575@gmail.com
v_9ebac87cb4,/,2026-08-28 17:55:45,,
v_0c148b318e,/subscribe,2026-08-28 17:56:47,,naomi.thomas843@icloud.com
v_1dd3c72b63,/shadrachs-picks,2026-08-28 18:04:19,,
v_a90a048e1e,/news/what-is-happening-in-sudan,2026-08-28 18:13:11,,
v_89c094d314,/news/federal-budget-standoff,2026-08-28 18:22:14,,
v_1da7f6a1f9,/,2026-08-28 18:47:05,,
v_e24613714f,/subscribe,2026-08-28 18:56:34,,faith.adams847@gmail.com
v_1d233d65c1,/news/hurricane-season-update,2026-08-28 19:01:02,,
v_2ee49c89d5,/,2026-08-28 20:01:46,,
v_a7aeeaad69,/news/housing-market-cooldown,2026-08-28 20:24:04,referral,
v_7f3412a07e,/,2026-08-28 20:29:44,,
v_1bdc53b66a,/,2026-08-28 20:30:17,referral,
v_a7aeeaad69,/beliefs,2026-08-28 21:05:04,,
v_9ebac87cb4,/subscribe,2026-08-28 21:08:45,,PAUL.GARCIA558@GMAIL.COM
v_5bb82b07ed,/,2026-08-28 21:09:27,,
v_864fcb72d6,/news/world-series-preview,2026-08-28 21:25:13,,
v_a7aeeaad69,/news/supreme-court-ruling-explained,2026-08-28 21:47:04,,
v_9d78cd9c96,/,2026-08-28 21:48:23,,
v_5dde7a9e46,/,2026-08-28 21:55:55,,
v_2604efe7e4,/subscribe,2026-08-28 22:00:17,,lydia.lee195@outlook.com
v_94133220dc,/subscribe,2026-08-28 22:02:10,instagram,
v_f1f70c089b,/,2026-08-28 22:15:36,,
v_c48692878d,/subscribe,2026-08-28 22:37:01,,
v_19799ee79e,/our-staff,2026-08-28 22:45:44,,
v_4a9f4ded7b,/news/world-series-preview,2026-08-28 22:59:40,,
v_f3915f2c02,/news/midterm-primaries-recap,2026-08-28 23:06:09,,
v_1da7f6a1f9,/,2026-08-28 23:19:59,,
v_2604efe7e4,/about,2026-08-28 23:31:42,,
v_3d523ae5e4,/news/midterm-primaries-recap,2026-08-28 23:50:59,,
v_e65c451400,/subscribe,2026-08-28 23:53:24,,
v_97214a1314,/news/what-is-happening-in-sudan,2026-08-29 00:19:13,,
v_1da7f6a1f9,/,2026-08-29 00:41:49,,
v_086e03158b,/,2026-08-29 00:46:02,,
v_1197c2175d,/our-staff,2026-08-29 01:05:22,google,
v_411fc518e9,/news/federal-budget-standoff,2026-08-29 01:08:32,referral,
v_57c13b3631,/subscribe,2026-08-29 01:42:21,facebook,seth.morris441@gmail.com
v_1d369214f5,/our-staff,2026-08-29 01:46:38,,
v_cc590ba6a7,/,2026-08-29 01:49:14,,
v_a751e8e247,/news/world-series-preview,2026-08-29 01:49:39,,
v_3d523ae5e4,/subscribe,2026-08-29 01:52:07,,
v_a713b48984,/,2026-08-29 01:58:43,,
v_1d369214f5,/news/church-attendance-study,2026-08-29 02:04:09,,
v_6ce00f7d42,/news/ai-regulation-bill,2026-08-29 02:12:25,referral,
v_1c461554ef,/about,2026-08-29 02:35:38,facebook,
v_afb13c3161,/,2026-08-29 02:36:56,instagram,
v_a8ae21d91a,/,2026-08-29 02:42:54,,
v_1bdc53b66a,/subscribe,2026-08-29 02:43:17,,anna.williams262@hotmail.com
v_6ce00f7d42,/about,2026-08-29 02:46:25,,
v_473051667f,/news/midterm-primaries-recap,2026-08-29 02:52:34,,
v_1c461554ef,/,2026-08-29 02:58:38,,
v_a7aeeaad69,/subscribe,2026-08-29 02:59:04,,ben.murphy498@hotmail.com
v_4512f50685,/news/supreme-court-ruling-explained,2026-08-29 03:34:39,,
v_ae8cb9fd07,/,2026-08-29 04:02:27,,
v_dc63f19d1b,/subscribe,2026-08-29 04:14:32,facebook,sarah.taylor166@icloud.com
v_74dd996e3c,/subscribe,2026-08-29 04:30:34,,
v_6ce00f7d42,/subscribe,2026-08-29 04:37:25,,seth.cooper156@icloud.com
v_04d012fb3f,/,2026-08-29 05:20:41,,
v_78157322bb,/news/hurricane-season-update,2026-08-29 05:38:50,google,
v_d70583d0be,/subscribe,2026-08-29 06:00:17,,
v_5db465d437,/beliefs,2026-08-29 06:13:55,,
v_51bc01802a,/news/midterm-primaries-recap,2026-08-29 06:16:49,facebook,
v_335b8c0826,/news/new-space-telescope-images,2026-08-29 06:22:34,,
v_ec33d7f4be,/news/church-attendance-study,2026-08-29 06:24:32,,
v_42009b8059,/shadrachs-picks,2026-08-29 06:31:57,,
v_411fc518e9,/subscribe,2026-08-29 06:40:32,,laura.parker934@gmail.com
v_a2bd5f0d51,/news/what-is-happening-in-sudan,2026-08-29 06:44:58,,
v_fd10661b1e,/shadrachs-picks,2026-08-29 07:09:41,,
v_a586ce3b8a,/news/new-space-telescope-images,2026-08-29 07:15:45,instagram,
v_63397f6fe2,/,2026-08-29 07:26:48,,
v_a586ce3b8a,/,2026-08-29 07:40:45,,
v_52bc9cc680,/subscribe,2026-08-29 07:42:53,,
v_7dd85db626,/news/what-is-happening-in-sudan,2026-08-29 07:45:02,instagram,
v_7dd85db626,/subscribe,2026-08-29 07:58:02,,daniel.morgan748@icloud.com
v_a586ce3b8a,/,2026-08-29 07:59:45,,
v_8750310d08,/subscribe,2026-08-29 08:12:03,,
v_ce490c21ee,/our-staff,2026-08-29 08:41:51,,
v_8474ebb4c0,/about,2026-08-29 08:51:28,,
v_6bc0201505,/news/federal-budget-standoff,2026-08-29 08:54:02,,
v_1c461554ef,/subscribe,2026-08-29 09:26:38,,david.williams292@gmail.com
v_27f62031b7,/about,2026-08-29 09:27:28,,
v_8a1b853ba7,/shadrachs-picks,2026-08-29 09:44:55,,
v_50de35354f,/,2026-08-29 09:45:05,,
v_72a1d8ee1f,/about,2026-08-29 10:04:34,,
v_a586ce3b8a,/subscribe,2026-08-29 10:10:45,,nathan.thomas735@outlook.com
v_4826f0cad5,/,2026-08-29 10:13:47,,
v_696c6b9155,/news/new-space-telescope-images,2026-08-29 10:45:07,instagram,
v_1a643f46e9,/,2026-08-29 11:20:47,,
v_612e417cfd,/news/midterm-primaries-recap,2026-08-29 11:26:27,,
v_7b184933da,/news/what-is-happening-in-sudan,2026-08-29 11:28:47,instagram,
v_c1cccbfc9a,/beliefs,2026-08-29 11:28:56,,
v_156c7a0210,/news/church-attendance-study,2026-08-29 11:34:30,,
v_16dd6014ca,/news/midterm-primaries-recap,2026-08-29 11:40:54,instagram,
v_16dd6014ca,/news/church-attendance-study,2026-08-29 11:50:54,,
v_334f4fe5f8,/,2026-08-29 12:03:37,facebook,
v_11be6c0e64,/news/midterm-primaries-recap,2026-08-29 12:04:15,,
v_5cf657bf99,/,2026-08-29 12:10:51,,
v_779ce321be,/shadrachs-picks,2026-08-29 12:19:22,,
v_608f043b33,/shadrachs-picks,2026-08-29 12:38:46,,
v_dd73dedb02,/,2026-08-29 12:51:25,,
v_32c6fd68cd,/subscribe,2026-08-29 12:59:57,,
v_d6770c2c32,/news/hurricane-season-update,2026-08-29 13:05:53,,
v_a713b48984,/shadrachs-picks,2026-08-29 13:19:06,,
v_1383fcbf3a,/news/what-is-happening-in-sudan,2026-08-29 13:51:13,,
v_01765887d7,/subscribe,2026-08-29 14:26:00,google,
v_050a34cb36,/,2026-08-29 14:38:56,,
v_bffbadf9c3,/news/ai-regulation-bill,2026-08-29 14:44:49,,
v_c989438f6a,/news/hurricane-season-update,2026-08-29 14:48:24,google,
v_9c60d23429,/,2026-08-29 14:58:59,,
v_128f3999d7,/subscribe,2026-08-29 15:12:27,,
v_3bf56a261e,/subscribe,2026-08-29 15:34:13,instagram,john.collins85@gmail.com
v_16dd6014ca,/subscribe,2026-08-29 15:36:54,,anna.campbell132@gmail.com
v_9060069a4d,/,2026-08-29 15:40:39,,
v_27c8934f60,/beliefs,2026-08-29 15:43:02,,
v_87e7734a2f,/news/midterm-primaries-recap,2026-08-29 15:50:00,,
v_fba8a60fd6,/,2026-08-29 15:52:57,,
v_de98850091,/,2026-08-29 16:30:05,,
v_21d068ad64,/about,2026-08-29 16:38:18,,
v_5a5c8bd6b6,/subscribe,2026-08-29 16:39:10,facebook,seth.cook348@gmail.com
v_bd54fc4849,/,2026-08-29 16:55:01,instagram,
v_b6402b2f25,/subscribe,2026-08-29 17:00:51,,
v_c989438f6a,/subscribe,2026-08-29 17:04:24,,david.murphy885@gmail.com
v_d70583d0be,/,2026-08-29 17:15:49,,
v_afd39d69f8,/,2026-08-29 17:26:38,,
v_7b184933da,/subscribe,2026-08-29 17:29:47,,nathan.campbell529@gmail.com
v_c46dcb6014,/,2026-08-29 17:31:05,,
v_03d8a1f646,/about,2026-08-29 18:12:24,,
v_498eab1bff,/about,2026-08-29 18:28:43,facebook,
v_262aace039,/subscribe,2026-08-29 18:46:33,,
v_d3a21af239,/news/new-space-telescope-images,2026-08-29 18:57:19,,
v_498eab1bff,/about,2026-08-29 19:03:43,,
v_498eab1bff,/shadrachs-picks,2026-08-29 19:05:43,,
v_358eedbac8,/news/housing-market-cooldown,2026-08-29 19:07:28,google,
v_358eedbac8,/news/world-series-preview,2026-08-29 19:16:28,,
v_481750a259,/beliefs,2026-08-29 19:17:07,,
v_e0389cbc77,/beliefs,2026-08-29 19:28:33,,
v_6156ac54e6,/shadrachs-picks,2026-08-29 20:14:33,,
v_16dd6014ca,/news/what-is-happening-in-sudan,2026-08-29 20:34:19,,
v_21d068ad64,/news/housing-market-cooldown,2026-08-29 20:48:00,,
v_d04023b175,/our-staff,2026-08-29 20:57:25,,
v_4a9f4ded7b,/news/hurricane-season-update,2026-08-29 21:03:49,,
v_3b93c4b3f3,/subscribe,2026-08-29 21:06:52,referral,matthew.carter210@gmail.com
v_ab34ed9837,/subscribe,2026-08-29 21:16:38,,
v_928eceae31,/shadrachs-picks,2026-08-29 21:18:54,,
v_6127712ba0,/shadrachs-picks,2026-08-29 21:23:12,,
v_bcec2b6158,/about,2026-08-29 21:43:54,,
v_1a643f46e9,/about,2026-08-29 21:47:41,,
v_1e9d8783c2,/about,2026-08-29 22:01:41,facebook,
v_94653eb92f,/shadrachs-picks,2026-08-29 22:25:50,,
v_fcac1079b3,/subscribe,2026-08-29 22:32:53,,
v_28dbfd7c2e,/news/new-space-telescope-images,2026-08-29 22:38:57,,
v_21551a402b,/news/what-is-happening-in-sudan,2026-08-29 22:48:15,,
v_1dd3c72b63,/subscribe,2026-08-29 23:04:37,,
v_c2724ef726,/news/supreme-court-ruling-explained,2026-08-29 23:14:08,,
v_9634f2b21e,/,2026-08-29 23:47:32,,
v_6bc0201505,/news/federal-budget-standoff,2026-08-29 23:57:11,,
v_3d55e1d787,/,2026-08-30 00:08:09,,
v_fc283b8fd3,/,2026-08-30 00:28:27,instagram,
v_9095c11297,/news/ai-regulation-bill,2026-08-30 00:44:56,,
v_8d8f976646,/subscribe,2026-08-30 00:58:32,,
v_358eedbac8,/subscribe,2026-08-30 01:12:28,,NATHAN.PETERSON499@GMAIL.COM
v_276645befa,/beliefs,2026-08-30 01:12:28,,
v_f7b563b4ea,/news/hurricane-season-update,2026-08-30 01:21:44,,
v_1d369214f5,/shadrachs-picks,2026-08-30 01:28:34,,
v_8750310d08,/,2026-08-30 01:28:46,,
v_498eab1bff,/subscribe,2026-08-30 01:36:43,,tim.moore494@protonmail.com
v_43b9505363,/news/ai-regulation-bill,2026-08-30 02:53:00,,
v_a97c03e3e5,/,2026-08-30 03:45:11,instagram,
v_a97c03e3e5,/news/housing-market-cooldown,2026-08-30 03:53:11,,
v_473051667f,/,2026-08-30 04:11:17,,
v_f76f5a4052,/subscribe,2026-08-30 04:20:39,twitter,claire.wright925@gmail.com
v_026c2c41cd,/subscribe,2026-08-30 04:28:55,,
v_19199d17f7,/news/new-space-telescope-images,2026-08-30 05:11:58,,
v_6517cbb9eb,/,2026-08-30 05:17:57,,
v_7c6c631ac2,/news/church-attendance-study,2026-08-30 05:21:41,,
v_5e82d5b311,/beliefs,2026-08-30 05:25:56,,
v_ddb59828db,/news/federal-budget-standoff,2026-08-30 05:31:53,google,
v_e94d7bc1c0,/news/federal-budget-standoff,2026-08-30 05:59:37,,
v_73122478b4,/news/what-is-happening-in-sudan,2026-08-30 06:27:40,,
v_980f78a17b,/,2026-08-30 06:27:44,,
v_53bd62cf06,/subscribe,2026-08-30 06:42:06,,
v_56596eda5f,/subscribe,2026-08-30 06:51:53,,
v_243541fd38,/news/ai-regulation-bill,2026-08-30 06:58:15,,
v_6843c9d6b2,/,2026-08-30 06:59:03,,
v_f973b0b7e9,/news/supreme-court-ruling-explained,2026-08-30 07:13:17,,
v_1e9d8783c2,/subscribe,2026-08-30 07:19:41,,laura.williams477@icloud.com
v_040568afb7,/,2026-08-30 07:33:42,,
v_1b36799123,/shadrachs-picks,2026-08-30 07:41:41,,
v_d35ae8aac6,/,2026-08-30 08:06:15,,
v_56929cbb85,/shadrachs-picks,2026-08-30 08:06:27,,
v_942f19637a,/subscribe,2026-08-30 08:37:46,,
v_b42d463b5a,/news/housing-market-cooldown,2026-08-30 08:39:12,instagram,
v_080faabc6b,/beliefs,2026-08-30 08:52:59,,
v_b2ecd29adf,/,2026-08-30 08:59:25,,
v_b42d463b5a,/subscribe,2026-08-30 09:10:12,,zoe.scott482@gmail.com
v_9b7d77cfae,/news/church-attendance-study,2026-08-30 09:38:08,,
v_57c13b3631,/news/midterm-primaries-recap,2026-08-30 09:58:34,,
v_95d117e728,/news/world-series-preview,2026-08-30 10:13:07,,
v_3d523ae5e4,/subscribe,2026-08-30 10:15:07,,
v_2f8f528a7a,/,2026-08-30 10:30:02,,
v_e4c4e2bb90,/news/midterm-primaries-recap,2026-08-30 10:40:38,google,
v_a97c03e3e5,/subscribe,2026-08-30 10:58:11,,hope.smith620@gmail.com
v_bffbadf9c3,/,2026-08-30 11:10:15,,
v_7d3ec24549,/news/ai-regulation-bill,2026-08-30 11:24:09,,
v_f646c8d593,/news/new-space-telescope-images,2026-08-30 11:40:43,,
v_997354c358,/subscribe,2026-08-30 11:42:38,facebook,
v_9ac38ac373,/about,2026-08-30 12:50:34,,
v_ca021ce270,/,2026-08-30 13:08:40,,
v_0e6a05b52e,/news/world-series-preview,2026-08-30 13:15:35,facebook,
v_fab1d7b8ff,/news/new-space-telescope-images,2026-08-30 13:18:49,instagram,
v_0e6a05b52e,/subscribe,2026-08-30 13:37:35,,
v_50b86b16f8,/news/what-is-happening-in-sudan,2026-08-30 13:44:29,referral,
v_50b86b16f8,/,2026-08-30 13:52:29,,
v_7f5c539cfc,/news/what-is-happening-in-sudan,2026-08-30 14:13:53,,
v_3e6c62b057,/news/church-attendance-study,2026-08-30 14:15:07,,
v_3e6c62b057,/,2026-08-30 14:25:48,,
v_957f3e61e8,/subscribe,2026-08-30 14:38:31,,
v_0e6a05b52e,/subscribe,2026-08-30 14:38:35,,grace.stewart599@gmail.com
v_b65d8284a0,/about,2026-08-30 14:43:36,,
v_df3f101f71,/beliefs,2026-08-30 14:56:31,,
v_abb20713f2,/news/housing-market-cooldown,2026-08-30 14:57:49,,
v_8750310d08,/news/ai-regulation-bill,2026-08-30 15:00:37,,
v_6bc0201505,/,2026-08-30 15:09:33,,
v_1383fcbf3a,/news/world-series-preview,2026-08-30 15:11:47,,
v_4c05884ce6,/news/what-is-happening-in-sudan,2026-08-30 15:15:38,facebook,
v_f973b0b7e9,/news/what-is-happening-in-sudan,2026-08-30 15:53:32,,
v_0ab98ec1aa,/,2026-08-30 16:04:01,,
v_c3e512b0f9,/subscribe,2026-08-30 16:33:57,,
v_0105e5cbbd,/news/supreme-court-ruling-explained,2026-08-30 16:48:39,,
v_942f19637a,/,2026-08-30 16:54:45,,
v_7166ae5ad6,/news/hurricane-season-update,2026-08-30 17:09:03,,
v_3aa032e623,/,2026-08-30 17:23:37,instagram,
v_50b86b16f8,/subscribe,2026-08-30 17:24:29,,hope.miller397@gmail.com
v_1383fcbf3a,/,2026-08-30 17:52:33,,
v_43b9505363,/news/housing-market-cooldown,2026-08-30 18:02:45,,
v_be23f194af,/news/what-is-happening-in-sudan,2026-08-30 18:12:05,,
v_ae8cb9fd07,/,2026-08-30 18:26:00,,
v_e34151f668,/,2026-08-30 18:33:05,google,
v_f8a5a12575,/,2026-08-30 18:34:28,,
v_f3c78e3f2c,/shadrachs-picks,2026-08-30 18:46:58,,
v_e34151f668,/shadrachs-picks,2026-08-30 19:01:05,,
v_fb01d215b5,/,2026-08-30 19:27:47,,
v_266423dfca,/news/hurricane-season-update,2026-08-30 19:49:45,,
v_57c13b3631,/news/ai-regulation-bill,2026-08-30 19:58:32,,
v_deb4ef5fcb,/,2026-08-30 20:05:44,,
v_5ef732a72f,/news/supreme-court-ruling-explained,2026-08-30 20:54:16,podcast,
v_fab1d7b8ff,/subscribe,2026-08-30 20:57:49,,LAURA.CARTER658@YAHOO.COM
v_1a643f46e9,/,2026-08-30 20:58:59,,
v_1dd3c72b63,/,2026-08-30 21:10:52,,
v_d322703310,/,2026-08-30 21:23:11,instagram,
v_5ef732a72f,/,2026-08-30 21:25:16,,
v_0df46d2de2,/news/supreme-court-ruling-explained,2026-08-30 21:29:17,,
v_93ec10189b,/news/federal-budget-standoff,2026-08-30 21:45:01,,
v_4a9f4ded7b,/subscribe,2026-08-30 21:56:10,,
v_78f2bb0672,/,2026-08-30 21:57:58,instagram,
v_534de4c577,/beliefs,2026-08-30 22:01:34,,
v_d322703310,/subscribe,2026-08-30 22:02:11,,lydia.miller958@gmail.com
v_be23f194af,/shadrachs-picks,2026-08-30 22:22:10,,
v_d6770c2c32,/news/church-attendance-study,2026-08-30 22:24:30,,
v_8a19183f87,/our-staff,2026-08-30 22:51:17,,
v_0e0c169485,/news/new-space-telescope-images,2026-08-30 23:02:54,google,
v_0c148b318e,/,2026-08-30 23:20:05,,
v_0ab98ec1aa,/news/federal-budget-standoff,2026-08-30 23:24:26,,
v_d2e9b5cb87,/,2026-08-30 23:26:00,,
v_4396b0a049,/,2026-08-30 23:29:43,,
v_1356456cdc,/news/new-space-telescope-images,2026-08-30 23:30:45,,
v_22dbb5da70,/about,2026-08-30 23:32:38,,
v_5ef732a72f,/subscribe,2026-08-31 00:00:16,,josiah.evans242@gmail.com
v_4c05884ce6,/subscribe,2026-08-31 00:10:38,,hope.cook492@outlook.com
v_d40ab0ab1d,/news/housing-market-cooldown,2026-08-31 00:31:57,,
v_d322703310,/subscribe,2026-08-31 00:58:30,,
v_7a2120b8ee,/news/federal-budget-standoff,2026-08-31 01:04:34,facebook,
v_8a19183f87,/news/world-series-preview,2026-08-31 01:19:23,,
v_266423dfca,/subscribe,2026-08-31 01:32:45,,matthew.davis44@outlook.com
v_7b1ba7a0fd,/shadrachs-picks,2026-08-31 01:39:37,,
v_e34151f668,/subscribe,2026-08-31 01:55:05,,sarah.martin32@icloud.com
v_42e4b5efac,/about,2026-08-31 02:03:27,instagram,
v_42e4b5efac,/news/supreme-court-ruling-explained,2026-08-31 02:30:27,,
v_abb20713f2,/news/hurricane-season-update,2026-08-31 02:40:08,,
v_7a2120b8ee,/subscribe,2026-08-31 02:46:34,,john.young719@gmail.com
v_1e9d8783c2,/,2026-08-31 02:52:01,,
v_8474ebb4c0,/subscribe,2026-08-31 03:01:42,,
v_9f00134b70,/shadrachs-picks,2026-08-31 03:31:54,,
v_51e3668115,/shadrachs-picks,2026-08-31 03:34:03,,
v_e34151f668,/subscribe,2026-08-31 03:42:30,,
v_11e3decd5f,/,2026-08-31 03:55:20,,
v_79c6888fa3,/news/hurricane-season-update,2026-08-31 04:06:42,instagram,
v_21cbbf4cda,/news/midterm-primaries-recap,2026-08-31 04:20:39,,
v_7d3ec24549,/news/what-is-happening-in-sudan,2026-08-31 04:48:16,,
v_69be65a26a,/news/church-attendance-study,2026-08-31 05:05:45,twitter,
v_42e4b5efac,/subscribe,2026-08-31 05:08:27,,isaac.parker772@icloud.com
v_b33c28a23b,/our-staff,2026-08-31 06:12:30,,
v_3816854f61,/,2026-08-31 06:14:20,twitter,
v_776c5d2b5c,/beliefs,2026-08-31 07:01:40,,
v_e4387cf95a,/,2026-08-31 07:13:37,,
v_84b713dbd6,/news/housing-market-cooldown,2026-08-31 07:16:45,,
v_3816854f61,/subscribe,2026-08-31 07:30:20,,paul.wilson465@protonmail.com
v_b797c47bbd,/news/new-space-telescope-images,2026-08-31 07:40:32,google,
v_f2db65a97c,/news/midterm-primaries-recap,2026-08-31 07:53:01,,
v_980f78a17b,/our-staff,2026-08-31 08:06:26,,
v_7d3ec24549,/news/church-attendance-study,2026-08-31 08:49:15,,
v_9ac38ac373,/news/church-attendance-study,2026-08-31 09:15:51,,
v_4b3f2a4662,/,2026-08-31 09:30:19,,
v_6517cbb9eb,/,2026-08-31 10:39:06,,
v_48ce71b2a5,/news/world-series-preview,2026-08-31 11:14:59,,
v_ad6d2bb57f,/news/world-series-preview,2026-08-31 11:25:20,referral,
v_7c6c631ac2,/news/housing-market-cooldown,2026-08-31 11:27:41,,
v_87e7734a2f,/news/ai-regulation-bill,2026-08-31 11:28:09,,
v_a2bd5f0d51,/news/church-attendance-study,2026-08-31 11:33:47,,
v_01388e2717,/our-staff,2026-08-31 11:56:03,,
v_6ace693385,/,2026-08-31 12:03:30,,
v_6517cbb9eb,/subscribe,2026-08-31 12:30:50,,
v_01388e2717,/,2026-08-31 12:36:37,,
v_b6df3f4f8a,/subscribe,2026-08-31 12:53:18,,
v_c9147ac777,/our-staff,2026-08-31 12:58:46,,
v_6127712ba0,/news/world-series-preview,2026-08-31 13:41:21,,
v_cb54618d0a,/,2026-08-31 13:45:10,instagram,
v_69be65a26a,/subscribe,2026-08-31 14:00:45,,isaac.young401@hotmail.com
v_9076e5facd,/about,2026-08-31 14:15:43,referral,
v_c7b275029a,/news/new-space-telescope-images,2026-08-31 14:21:16,google,
v_15f244bc92,/beliefs,2026-08-31 14:24:16,,
v_cb54618d0a,/news/midterm-primaries-recap,2026-08-31 14:26:10,,
v_2604efe7e4,/,2026-08-31 14:30:24,,
v_6517cbb9eb,/,2026-08-31 14:39:32,,
v_a7f16ca87b,/,2026-08-31 14:42:04,,
v_134434e4d8,/,2026-08-31 14:46:39,,
v_6517cbb9eb,/,2026-08-31 14:58:07,,
v_d4341bb47c,/news/supreme-court-ruling-explained,2026-08-31 15:06:46,,
v_ad6d2bb57f,/subscribe,2026-08-31 15:09:20,,lydia.thomas600@yahoo.com
v_3d523ae5e4,/subscribe,2026-08-31 15:16:57,,
v_9095c11297,/,2026-08-31 15:36:20,,
v_f023360b4e,/news/church-attendance-study,2026-08-31 16:33:42,,
v_87e7734a2f,/our-staff,2026-08-31 16:34:38,,
v_dd1f1fc4c1,/subscribe,2026-08-31 17:18:41,,
v_21d068ad64,/news/supreme-court-ruling-explained,2026-08-31 17:36:14,,
v_94653eb92f,/,2026-08-31 17:58:56,,
v_a58fd4ad67,/news/supreme-court-ruling-explained,2026-08-31 18:12:03,,
v_6a01eda89f,/news/midterm-primaries-recap,2026-08-31 18:18:14,google,
v_fbfc588839,/subscribe,2026-08-31 18:25:21,instagram,abigail.wright328@gmail.com
v_c1421ddf8a,/,2026-08-31 18:31:37,,
v_087f16ff95,/about,2026-08-31 18:36:08,,
v_a713b48984,/news/housing-market-cooldown,2026-08-31 18:37:00,,
v_57c13b3631,/news/church-attendance-study,2026-08-31 18:40:29,,
v_63d91e807c,/,2026-08-31 18:43:31,,
v_c7b275029a,/subscribe,2026-08-31 18:47:16,,nathan.taylor69@gmail.com
v_1bcf010719,/subscribe,2026-08-31 19:11:04,,
v_66ebb57671,/,2026-08-31 20:08:01,google,
v_32c67e020f,/,2026-08-31 20:13:23,,
v_654c54987c,/,2026-08-31 20:16:52,,
v_ff2e3f7dbb,/news/hurricane-season-update,2026-08-31 20:47:25,,
v_fb01d215b5,/subscribe,2026-08-31 20:50:33,,
v_266423dfca,/shadrachs-picks,2026-08-31 20:57:14,,
v_f294708e23,/shadrachs-picks,2026-08-31 21:24:53,,
v_335b8c0826,/beliefs,2026-08-31 21:41:22,,
v_f006e7af4b,/news/church-attendance-study,2026-08-31 22:04:26,podcast,
v_9076e5facd,/subscribe,2026-08-31 22:11:43,,megan.young795@yahoo.com
v_988df0e4f4,/subscribe,2026-08-31 22:17:21,,
v_f006e7af4b,/news/what-is-happening-in-sudan,2026-08-31 22:32:26,,
v_53bd62cf06,/,2026-08-31 22:52:04,,
v_f006e7af4b,/beliefs,2026-08-31 22:53:26,,
v_3ae87fa5c9,/news/new-space-telescope-images,2026-08-31 22:55:05,,
v_d0bffe8dc3,/news/what-is-happening-in-sudan,2026-08-31 22:59:42,,
v_cb54618d0a,/subscribe,2026-08-31 23:06:10,,emily.thomas744@gmail.com
v_b1adaa859e,/about,2026-08-31 23:46:17,instagram,
v_864fcb72d6,/subscribe,2026-08-31 23:52:26,,
v_473051667f,/shadrachs-picks,2026-08-31 23:57:42,,
v_1b6a17f04b,/,2026-09-01 00:05:08,,
v_56760e83bf,/about,2026-09-01 00:08:06,,
v_b1adaa859e,/,2026-09-01 00:11:17,,
v_70642f7f3d,/,2026-09-01 00:13:38,,
v_3d523ae5e4,/beliefs,2026-09-01 00:21:56,,
v_506a978058,/subscribe,2026-09-01 00:26:06,instagram,john.roberts225@gmail.com
v_3ae87fa5c9,/subscribe,2026-09-01 00:26:09,,
v_b3f99baefa,/subscribe,2026-09-01 00:49:21,,
v_9bc6b2ff5e,/,2026-09-01 00:51:59,,
v_928eceae31,/news/federal-budget-standoff,2026-09-01 00:59:32,,
v_05fe39aeea,/,2026-09-01 01:18:19,google,
v_22eef76413,/news/hurricane-season-update,2026-09-01 01:29:09,facebook,
v_28b4880220,/news/new-space-telescope-images,2026-09-01 01:34:04,,
v_05fe39aeea,/,2026-09-01 01:41:19,,
v_05fe39aeea,/news/what-is-happening-in-sudan,2026-09-01 01:45:19,,
v_4735891b80,/news/federal-budget-standoff,2026-09-01 02:02:50,,
v_b1adaa859e,/subscribe,2026-09-01 02:04:17,,andrew.stewart446@gmail.com
v_8a3b3dcdb5,/subscribe,2026-09-01 02:07:35,google,EMILY.COOK218@PROTONMAIL.COM
v_1768729237,/subscribe,2026-09-01 02:39:30,,
v_6517cbb9eb,/,2026-09-01 02:52:21,,
v_569d3a387c,/,2026-09-01 03:40:45,,
v_6517cbb9eb,/,2026-09-01 03:46:23,,
v_22dbb5da70,/news/supreme-court-ruling-explained,2026-09-01 04:13:41,,
v_f006e7af4b,/subscribe,2026-09-01 04:25:26,,NAOMI.MORRIS189@GMAIL.COM
v_7df83b680a,/news/supreme-court-ruling-explained,2026-09-01 04:26:37,,
v_7a70632331,/news/new-space-telescope-images,2026-09-01 04:46:31,,
v_b92cab244e,/subscribe,2026-09-01 04:53:29,,
v_8cb178e334,/,2026-09-01 04:56:20,referral,
v_a713b48984,/,2026-09-01 05:36:31,,
v_bae8bff794,/,2026-09-01 05:39:04,,
v_498eab1bff,/,2026-09-01 05:59:47,,
v_6f6a84cafb,/subscribe,2026-09-01 06:07:23,,
v_b42d463b5a,/news/church-attendance-study,2026-09-01 06:30:21,,
v_f8982d9299,/,2026-09-01 06:35:22,,
v_b81414f335,/,2026-09-01 06:44:57,facebook,
v_80ef88b085,/,2026-09-01 06:45:13,,
v_b21ac4e69d,/news/hurricane-season-update,2026-09-01 07:03:32,instagram,
v_aad6d0d0e1,/,2026-09-01 07:03:46,,
v_1f13665076,/,2026-09-01 07:09:55,,
v_add7bfe4b9,/,2026-09-01 07:11:41,,
v_3bf56a261e,/subscribe,2026-09-01 07:25:55,,
v_734d2626e4,/,2026-09-01 07:28:52,,
v_f1f70c089b,/,2026-09-01 07:29:55,,
v_57c13b3631,/,2026-09-01 08:10:02,,
v_8ec1dd37cd,/about,2026-09-01 08:31:00,,
v_05fe39aeea,/subscribe,2026-09-01 09:13:19,,ruth.bell278@icloud.com
v_b9205ba2d9,/about,2026-09-01 09:18:38,,
v_f9ab589a1d,/news/church-attendance-study,2026-09-01 09:23:36,,
v_8cb178e334,/subscribe,2026-09-01 09:29:20,,ben.wilson430@gmail.com
v_f32232eb5d,/,2026-09-01 09:35:28,,
v_a751e8e247,/,2026-09-01 09:35:46,,
v_03d8a1f646,/beliefs,2026-09-01 09:57:02,,
v_6b7e47afab,/news/hurricane-season-update,2026-09-01 10:03:59,facebook,
v_2c6ed79df4,/,2026-09-01 10:07:17,,
v_4abe229b32,/news/housing-market-cooldown,2026-09-01 10:18:36,,
v_ba4559720e,/news/church-attendance-study,2026-09-01 10:20:49,referral,
v_3f69032290,/about,2026-09-01 10:38:06,instagram,
v_db4fccfdd0,/,2026-09-01 10:39:33,,
v_ba4559720e,/,2026-09-01 10:44:49,,
v_19199d17f7,/news/ai-regulation-bill,2026-09-01 10:53:25,,
v_048e04323d,/subscribe,2026-09-01 11:02:25,,
v_3f69032290,/,2026-09-01 11:04:06,,
v_b21ac4e69d,/subscribe,2026-09-01 11:05:32,,tim.phillips309@outlook.com
v_72a1d8ee1f,/,2026-09-01 11:26:28,,
v_3816854f61,/,2026-09-01 11:48:47,,
v_1b45cca368,/news/world-series-preview,2026-09-01 12:26:29,instagram,
v_9317a96d6d,/about,2026-09-01 12:26:31,google,
v_1383fcbf3a,/news/housing-market-cooldown,2026-09-01 12:29:10,,
v_8a19183f87,/news/midterm-primaries-recap,2026-09-01 12:39:11,,
v_1b45cca368,/about,2026-09-01 12:41:29,,
v_db4fccfdd0,/subscribe,2026-09-01 12:45:12,,
v_1b45cca368,/,2026-09-01 13:02:29,,
v_b2ab4c654e,/news/new-space-telescope-images,2026-09-01 13:07:22,instagram,
v_ddad658406,/news/ai-regulation-bill,2026-09-01 13:17:08,,
v_6517cbb9eb,/about,2026-09-01 13:18:16,,
v_412da65bb1,/,2026-09-01 13:20:20,,
v_1d369214f5,/,2026-09-01 13:54:46,,
v_51e3668115,/news/what-is-happening-in-sudan,2026-09-01 13:56:31,,
v_1b45cca368,/subscribe,2026-09-01 14:13:29,,naomi.scott703@protonmail.com
v_9634f2b21e,/about,2026-09-01 14:14:10,,
v_da26900cf6,/news/world-series-preview,2026-09-01 14:24:26,instagram,
v_22dbb5da70,/about,2026-09-01 14:28:09,,
v_7acc332cf2,/subscribe,2026-09-01 14:39:45,,
v_311bfb1b56,/news/housing-market-cooldown,2026-09-01 14:42:30,facebook,
v_e70932e269,/subscribe,2026-09-01 14:42:56,,
v_cb54618d0a,/,2026-09-01 15:03:13,,
v_d322703310,/news/ai-regulation-bill,2026-09-01 15:12:38,,
v_69be65a26a,/subscribe,2026-09-01 15:19:38,,
v_b89fd0765e,/news/church-attendance-study,2026-09-01 15:24:22,instagram,
v_d70583d0be,/,2026-09-01 15:26:04,,
v_c3e512b0f9,/,2026-09-01 15:56:08,,
v_b89fd0765e,/subscribe,2026-09-01 16:03:22,,
v_7eb97ad02c,/news/federal-budget-standoff,2026-09-01 16:11:39,instagram,
v_1383fcbf3a,/subscribe,2026-09-01 16:12:28,,
v_498eab1bff,/,2026-09-01 16:14:10,,
v_1f3268a041,/subscribe,2026-09-01 16:18:14,instagram,nathan.bailey408@gmail.com
v_ad6d2bb57f,/news/what-is-happening-in-sudan,2026-09-01 16:33:09,,
v_dddbba485a,/news/new-space-telescope-images,2026-09-01 17:00:44,instagram,
v_83aed09cef,/,2026-09-01 17:20:02,,
v_3f69032290,/subscribe,2026-09-01 17:35:06,,chloe.cooper87@icloud.com
v_63e457ebab,/shadrachs-picks,2026-09-01 17:42:51,,
v_edbfecd82d,/news/new-space-telescope-images,2026-09-01 17:48:55,instagram,
v_b0b2083034,/news/ai-regulation-bill,2026-09-01 18:40:05,google,
v_95d83a0f6b,/news/supreme-court-ruling-explained,2026-09-01 18:46:05,instagram,
v_ba4559720e,/subscribe,2026-09-01 18:47:49,,ben.taylor56@gmail.com
v_957f3e61e8,/subscribe,2026-09-01 18:51:30,,
v_b0b2083034,/shadrachs-picks,2026-09-01 18:59:05,,
v_b2ab4c654e,/subscribe,2026-09-01 19:39:22,,david.mitchell857@gmail.com
v_b0b2083034,/,2026-09-01 19:42:05,,
v_f773446cc4,/subscribe,2026-09-01 20:03:50,,
v_a7eeeb3b22,/subscribe,2026-09-01 20:07:39,facebook,JAMES.EDWARDS280@GMAIL.COM
v_d6770c2c32,/shadrachs-picks,2026-09-01 20:14:52,,
v_8b96a83778,/subscribe,2026-09-01 20:15:50,,
v_aa6fabe6f6,/news/housing-market-cooldown,2026-09-01 20:28:22,,
v_7c8ecc63e1,/news/church-attendance-study,2026-09-01 20:57:30,,
v_94653eb92f,/about,2026-09-01 21:03:37,,
v_7eb97ad02c,/subscribe,2026-09-01 21:06:39,,michael.wright303@gmail.com
v_32d1cb02b5,/,2026-09-01 21:12:22,instagram,
v_b89fd0765e,/subscribe,2026-09-01 21:16:22,,hannah.hill970@gmail.com
v_93ec10189b,/news/ai-regulation-bill,2026-09-01 21:20:50,,
v_4396b0a049,/beliefs,2026-09-01 21:29:52,,
v_32d1cb02b5,/subscribe,2026-09-01 21:40:22,,sam.mitchell343@gmail.com
v_32d1cb02b5,/news/hurricane-season-update,2026-09-01 21:47:22,,
v_1b6ab74ad9,/subscribe,2026-09-01 21:48:54,facebook,
v_6904d702d6,/,2026-09-01 21:54:53,,
v_473051667f,/news/federal-budget-standoff,2026-09-01 21:55:43,,
v_b94d868a40,/news/housing-market-cooldown,2026-09-01 22:14:47,instagram,
v_edbfecd82d,/news/federal-budget-standoff,2026-09-01 22:15:03,,
v_63e457ebab,/subscribe,2026-09-01 23:00:51,,mark.rogers279@gmail.com
v_aece760187,/,2026-09-01 23:08:10,,
v_95d83a0f6b,/subscribe,2026-09-01 23:24:05,,caleb.johnson215@outlook.com
v_c1421ddf8a,/news/what-is-happening-in-sudan,2026-09-01 23:24:43,,
v_54583bca31,/news/housing-market-cooldown,2026-09-01 23:38:23,google,
v_d8f21ae7e8,/shadrachs-picks,2026-09-01 23:49:29,,
v_57c13b3631,/,2026-09-02 00:25:14,,
v_836193587c,/beliefs,2026-09-02 00:28:29,,
v_b0b2083034,/subscribe,2026-09-02 00:35:05,,caleb.parker590@protonmail.com
v_dd1004be79,/about,2026-09-02 01:11:38,facebook,
v_9634f2b21e,/,2026-09-02 01:13:28,,
v_f973b0b7e9,/shadrachs-picks,2026-09-02 01:18:21,,
v_654c54987c,/,2026-09-02 01:38:10,,
v_2604efe7e4,/subscribe,2026-09-02 03:47:16,,
v_c543c7207c,/,2026-09-02 03:53:35,,
v_94653eb92f,/news/hurricane-season-update,2026-09-02 04:08:41,,
v_c46dcb6014,/shadrachs-picks,2026-09-02 04:24:39,,
v_335b8c0826,/shadrachs-picks,2026-09-02 04:45:03,,
v_1dd3c72b63,/,2026-09-02 04:45:31,,
v_3e6c62b057,/news/housing-market-cooldown,2026-09-02 04:46:51,,
v_c07181ac8c,/subscribe,2026-09-02 05:09:15,,
v_d26d460655,/news/federal-budget-standoff,2026-09-02 05:44:21,google,
v_73a63a4391,/subscribe,2026-09-02 05:59:28,,
v_111c86a4aa,/news/what-is-happening-in-sudan,2026-09-02 06:15:53,,
v_f973b0b7e9,/,2026-09-02 06:15:57,,
v_9808905073,/,2026-09-02 06:29:47,,
v_235c77b699,/,2026-09-02 06:32:57,google,
v_19199d17f7,/news/what-is-happening-in-sudan,2026-09-02 06:35:55,,
v_0cf0f47950,/,2026-09-02 07:17:06,,
v_afb13c3161,/about,2026-09-02 07:24:45,,
v_ab34ed9837,/shadrachs-picks,2026-09-02 08:26:24,,
v_add7bfe4b9,/beliefs,2026-09-02 08:32:13,,
v_3a19bffa9d,/,2026-09-02 08:41:45,,
v_f109cd97d4,/,2026-09-02 08:57:41,,
v_2eb83033ec,/news/church-attendance-study,2026-09-02 09:09:36,,
v_fdb37b7818,/news/ai-regulation-bill,2026-09-02 09:22:26,instagram,
v_7f5c539cfc,/subscribe,2026-09-02 09:27:44,,
v_5ba659e9f2,/news/church-attendance-study,2026-09-02 10:12:22,,
v_1a23411cac,/news/new-space-telescope-images,2026-09-02 10:57:39,,
v_638405c13b,/,2026-09-02 11:06:56,facebook,
v_10349f00b2,/,2026-09-02 11:07:13,referral,
v_26e2abecf7,/shadrachs-picks,2026-09-02 11:15:52,,
v_4396b0a049,/,2026-09-02 11:25:45,,
v_6d964f9e32,/news/supreme-court-ruling-explained,2026-09-02 11:29:26,,
v_51f062d517,/shadrachs-picks,2026-09-02 11:38:46,,
v_6309c6ae01,/,2026-09-02 11:58:33,,
v_94653eb92f,/news/world-series-preview,2026-09-02 12:07:07,,
v_0f3b9c4fd2,/,2026-09-02 12:07:26,,
v_f3d2d0c564,/,2026-09-02 12:23:52,,
v_676217f2c0,/subscribe,2026-09-02 12:29:36,,
v_9ad01b6572,/subscribe,2026-09-02 13:19:49,instagram,zoe.brown239@gmail.com
v_b92cab244e,/news/church-attendance-study,2026-09-02 13:21:22,,
v_7078dfc763,/news/ai-regulation-bill,2026-09-02 13:33:10,facebook,
v_e28cd8a661,/,2026-09-02 13:50:52,,
v_15f244bc92,/subscribe,2026-09-02 13:51:00,,
v_7078dfc763,/,2026-09-02 14:02:10,,
v_638405c13b,/subscribe,2026-09-02 14:11:56,,jacob.williams65@gmail.com
v_f3d2d0c564,/subscribe,2026-09-02 14:17:52,,
v_ce856f21c3,/subscribe,2026-09-02 14:23:17,google,aaron.wright732@gmail.com
v_fdb37b7818,/subscribe,2026-09-02 14:28:26,,ben.peterson48@gmail.com
v_3e6c62b057,/news/supreme-court-ruling-explained,2026-09-02 14:28:32,,
v_5fa1b13922,/about,2026-09-02 14:36:10,,
v_10349f00b2,/subscribe,2026-09-02 14:54:13,,lydia.reed127@yahoo.com
v_1340bfe651,/subscribe,2026-09-02 15:11:38,referral,MATTHEW.ROGERS144@GMAIL.COM
v_abb20713f2,/,2026-09-02 15:15:56,,
v_b2ab4c654e,/subscribe,2026-09-02 15:18:18,,
v_a835ddb182,/news/federal-budget-standoff,2026-09-02 15:23:24,,
v_db4fccfdd0,/news/world-series-preview,2026-09-02 15:38:47,,
v_423b70cb67,/news/new-space-telescope-images,2026-09-02 15:57:56,,
v_01388e2717,/about,2026-09-02 15:58:28,,
v_30fd8ca55b,/news/world-series-preview,2026-09-02 16:12:06,instagram,
v_c9e136fd6d,/,2026-09-02 16:19:04,instagram,
v_ae8cb9fd07,/,2026-09-02 16:31:16,,
v_1dd3c72b63,/news/church-attendance-study,2026-09-02 16:34:47,,
v_30fd8ca55b,/beliefs,2026-09-02 16:42:06,,
v_30fd8ca55b,/,2026-09-02 16:51:06,,
v_c9e136fd6d,/about,2026-09-02 16:52:04,,
v_c9e136fd6d,/about,2026-09-02 17:10:04,,
v_7078dfc763,/subscribe,2026-09-02 17:20:10,,LAURA.TAYLOR587@GMAIL.COM
v_5b75b5f7dc,/,2026-09-02 17:31:24,,
v_a751e8e247,/news/hurricane-season-update,2026-09-02 17:53:27,,
v_7078dfc763,/news/what-is-happening-in-sudan,2026-09-02 17:58:20,,
v_30fd8ca55b,/subscribe,2026-09-02 18:00:06,,julia.miller59@hotmail.com
v_9bfbf76f44,/subscribe,2026-09-02 18:12:33,,
v_a4e2f87078,/beliefs,2026-09-02 18:20:05,,
v_d1f67d42bf,/,2026-09-02 18:23:28,,
v_abb20713f2,/our-staff,2026-09-02 18:33:47,,
v_3e6c62b057,/news/housing-market-cooldown,2026-09-02 18:37:40,,
v_a36c434996,/news/church-attendance-study,2026-09-02 18:58:13,,
v_51516147e7,/beliefs,2026-09-02 19:38:33,,
v_019ac32c2d,/beliefs,2026-09-02 19:46:46,instagram,
v_4396b0a049,/beliefs,2026-09-02 20:05:56,,
v_c9e136fd6d,/subscribe,2026-09-02 20:40:04,,joy.hall830@protonmail.com
v_243541fd38,/subscribe,2026-09-02 20:47:41,,
v_7de826814d,/news/church-attendance-study,2026-09-02 20:49:25,,
v_68761f5bd1,/,2026-09-02 20:58:06,,
v_1b65eda261,/shadrachs-picks,2026-09-02 21:10:19,instagram,
v_506a978058,/subscribe,2026-09-02 21:34:29,,
v_c71839650b,/news/what-is-happening-in-sudan,2026-09-02 21:54:19,,
v_4c7b473c34,/our-staff,2026-09-02 22:12:23,,
v_36ffd8541d,/shadrachs-picks,2026-09-02 22:20:56,,
v_915dfe9a74,/,2026-09-02 22:42:27,instagram,
v_638405c13b,/news/new-space-telescope-images,2026-09-02 22:49:49,,
v_7bb0f467a8,/,2026-09-02 22:54:47,,
v_915dfe9a74,/shadrachs-picks,2026-09-02 23:04:27,,
v_a8392fb68a,/news/federal-budget-standoff,2026-09-02 23:06:55,,
v_50b86b16f8,/shadrachs-picks,2026-09-02 23:16:50,,
v_6d964f9e32,/subscribe,2026-09-02 23:24:53,,
v_4abe229b32,/beliefs,2026-09-03 00:27:14,,
v_d3a21af239,/,2026-09-03 00:32:27,,
v_3e6c62b057,/,2026-09-03 00:35:45,,
v_e792b1c600,/subscribe,2026-09-03 00:36:15,instagram,
v_add7bfe4b9,/,2026-09-03 00:36:33,,
v_c9e136fd6d,/subscribe,2026-09-03 00:51:44,,
v_5be4a71254,/shadrachs-picks,2026-09-03 01:21:04,,
v_b03152db03,/,2026-09-03 01:31:16,,
v_fc2d9e782e,/,2026-09-03 01:34:23,,
v_e34151f668,/,2026-09-03 01:35:25,,
v_089af77012,/,2026-09-03 01:46:39,,
v_957f3e61e8,/shadrachs-picks,2026-09-03 01:53:36,,
v_f00c18bbac,/news/hurricane-season-update,2026-09-03 02:06:54,,
v_be23f194af,/news/world-series-preview,2026-09-03 02:26:36,,
v_9b1fe99536,/,2026-09-03 02:51:40,,
v_be23f194af,/,2026-09-03 02:54:01,,
v_915dfe9a74,/subscribe,2026-09-03 03:06:27,,olivia.phillips335@gmail.com
v_be004b6a7d,/news/church-attendance-study,2026-09-03 03:13:37,,
v_c3e512b0f9,/our-staff,2026-09-03 03:28:26,,
v_22dbb5da70,/news/midterm-primaries-recap,2026-09-03 03:33:36,,
v_3d55e1d787,/news/world-series-preview,2026-09-03 03:34:07,,
v_1b65eda261,/subscribe,2026-09-03 03:37:19,,anna.turner41@yahoo.com
v_184bc66ed6,/subscribe,2026-09-03 03:38:55,,
v_c05bfbc834,/shadrachs-picks,2026-09-03 04:05:43,,
v_6517cbb9eb,/,2026-09-03 04:08:56,,
v_be35dcbc30,/shadrachs-picks,2026-09-03 04:13:14,referral,
v_99a2952a98,/news/new-space-telescope-images,2026-09-03 04:18:44,,
v_11edd7d5f7,/subscribe,2026-09-03 04:26:07,,
v_be35dcbc30,/subscribe,2026-09-03 04:30:14,,
v_3d132cf075,/news/church-attendance-study,2026-09-03 04:32:12,,
v_be35dcbc30,/news/hurricane-season-update,2026-09-03 04:33:14,,
v_d4341bb47c,/,2026-09-03 05:12:47,,
v_fea0dc4374,/subscribe,2026-09-03 05:21:44,,
v_0f894e2ac8,/news/hurricane-season-update,2026-09-03 05:44:41,facebook,
v_0f894e2ac8,/news/federal-budget-standoff,2026-09-03 05:52:41,,
v_ae8593f202,/news/church-attendance-study,2026-09-03 05:57:29,podcast,
v_56929cbb85,/subscribe,2026-09-03 06:10:17,,
v_d875da7226,/subscribe,2026-09-03 06:36:09,,
v_ebb8f81b21,/news/world-series-preview,2026-09-03 06:49:56,facebook,
v_4396b0a049,/,2026-09-03 07:10:43,,
v_ebb8f81b21,/,2026-09-03 07:30:56,,
v_ebb8f81b21,/news/church-attendance-study,2026-09-03 07:36:56,,
v_4396b0a049,/news/ai-regulation-bill,2026-09-03 08:01:05,,
v_15f244bc92,/subscribe,2026-09-03 08:10:14,,
v_3f9df59a3f,/shadrachs-picks,2026-09-03 08:26:17,,
v_d2e9b5cb87,/news/new-space-telescope-images,2026-09-03 08:55:31,,
v_080faabc6b,/,2026-09-03 09:00:30,,
v_928eceae31,/subscribe,2026-09-03 09:17:44,,
v_4cae44a35e,/subscribe,2026-09-03 09:31:08,,
v_9cdc57f4f8,/news/church-attendance-study,2026-09-03 09:46:37,,
v_ebb8f81b21,/subscribe,2026-09-03 09:50:56,,ELI.BAILEY143@GMAIL.COM
v_be35dcbc30,/subscribe,2026-09-03 09:51:14,,joy.wright559@gmail.com
v_a713b48984,/,2026-09-03 10:08:31,,
v_997354c358,/,2026-09-03 10:12:43,facebook,
v_d327040122,/news/church-attendance-study,2026-09-03 10:41:15,,
v_f65889bdcb,/news/ai-regulation-bill,2026-09-03 10:47:24,,
v_91ed8a93c3,/news/what-is-happening-in-sudan,2026-09-03 10:47:49,,
v_35a203a45a,/news/what-is-happening-in-sudan,2026-09-03 10:49:13,referral,
v_ae8593f202,/subscribe,2026-09-03 10:53:29,,tim.miller291@icloud.com
v_473051667f,/news/what-is-happening-in-sudan,2026-09-03 11:21:03,,
v_95d83a0f6b,/,2026-09-03 11:50:57,,
v_53f97c801d,/,2026-09-03 12:12:30,,
v_45f6e4a2c2,/,2026-09-03 12:42:15,,
v_4396b0a049,/news/supreme-court-ruling-explained,2026-09-03 12:50:08,,
v_3f69032290,/about,2026-09-03 12:50:18,,
v_38458fc902,/about,2026-09-03 12:54:14,,
v_f3d2d0c564,/news/new-space-telescope-images,2026-09-03 12:57:19,,
v_6faeda3e33,/,2026-09-03 13:29:21,instagram,
v_1383fcbf3a,/,2026-09-03 13:35:05,,
v_50b86b16f8,/,2026-09-03 13:47:00,,
v_99a2952a98,/subscribe,2026-09-03 13:48:44,,joshua.williams559@gmail.com
v_0f894e2ac8,/subscribe,2026-09-03 14:07:41,,joshua.cook204@outlook.com
v_6faeda3e33,/shadrachs-picks,2026-09-03 14:09:21,,
v_ef3c1b6500,/news/federal-budget-standoff,2026-09-03 14:19:05,,
v_3d523ae5e4,/news/what-is-happening-in-sudan,2026-09-03 14:38:02,,
v_f3d2d0c564,/,2026-09-03 14:56:10,,
v_21d068ad64,/news/supreme-court-ruling-explained,2026-09-03 15:02:17,,
v_729e159b29,/news/world-series-preview,2026-09-03 15:25:19,instagram,
v_be35dcbc30,/shadrachs-picks,2026-09-03 15:46:16,,
v_4092b03d85,/,2026-09-03 15:58:51,,
v_8db98d64ba,/subscribe,2026-09-03 16:01:41,google,faith.rogers941@gmail.com
v_849451c7f9,/news/hurricane-season-update,2026-09-03 16:24:10,facebook,
v_1d1a9dc682,/about,2026-09-03 16:32:44,,
v_38458fc902,/news/housing-market-cooldown,2026-09-03 16:52:44,,
v_849451c7f9,/subscribe,2026-09-03 16:54:10,,NATHAN.BAILEY109@GMAIL.COM
v_8c61a4330b,/,2026-09-03 16:57:51,,
v_c05bfbc834,/,2026-09-03 17:23:19,,
v_729e159b29,/subscribe,2026-09-03 17:26:19,,noah.taylor446@gmail.com
v_459da91d5d,/subscribe,2026-09-03 17:39:02,,
v_28dbfd7c2e,/,2026-09-03 17:39:03,,
v_53bd62cf06,/news/ai-regulation-bill,2026-09-03 17:53:53,,
v_8e929934eb,/shadrachs-picks,2026-09-03 17:56:11,,
v_fa1c9a9a57,/,2026-09-03 18:00:18,,
v_dbb1697029,/subscribe,2026-09-03 18:04:02,instagram,andrew.martin699@gmail.com
v_b38e1f5330,/,2026-09-03 18:14:03,,
v_e1f2ad9c7c,/subscribe,2026-09-03 18:18:17,facebook,
v_ad23897001,/subscribe,2026-09-03 18:19:55,google,
v_a4e2f87078,/news/hurricane-season-update,2026-09-03 18:31:52,,
v_35a203a45a,/subscribe,2026-09-03 18:44:13,,josiah.morris472@outlook.com
v_8a19183f87,/,2026-09-03 18:48:38,,
v_89db467b77,/news/what-is-happening-in-sudan,2026-09-03 19:04:42,google,
v_a03439409b,/news/federal-budget-standoff,2026-09-03 19:07:22,,
v_6faeda3e33,/subscribe,2026-09-03 19:11:21,,MICHAEL.DAVIS109@HOTMAIL.COM
v_a89beeeb4e,/news/supreme-court-ruling-explained,2026-09-03 19:22:55,referral,
v_567e2b2bf6,/,2026-09-03 19:29:29,,
v_4abe229b32,/shadrachs-picks,2026-09-03 19:35:34,,
v_fc0120626a,/subscribe,2026-09-03 19:48:09,,
v_c431862b46,/subscribe,2026-09-03 19:59:46,,
v_a89beeeb4e,/,2026-09-03 19:59:55,,
v_f023360b4e,/,2026-09-03 20:04:21,,
v_35a203a45a,/,2026-09-03 20:05:34,,
v_e7a11519e7,/news/midterm-primaries-recap,2026-09-03 20:07:58,facebook,
v_2d2bb9c989,/shadrachs-picks,2026-09-03 20:12:36,,
v_76486e2c54,/,2026-09-03 20:16:38,,
v_a89beeeb4e,/news/supreme-court-ruling-explained,2026-09-03 20:23:55,,
v_e7a11519e7,/subscribe,2026-09-03 20:49:58,,david.lewis726@icloud.com
v_e7a11519e7,/news/world-series-preview,2026-09-03 20:52:58,,
v_fac13094c8,/,2026-09-03 20:54:33,,
v_28b4880220,/,2026-09-03 21:24:40,,
v_3d523ae5e4,/subscribe,2026-09-03 21:25:10,,
v_e7a11519e7,/beliefs,2026-09-03 21:31:58,,
v_3b3efa4b0c,/,2026-09-03 22:01:41,,
v_bcab50a060,/,2026-09-03 22:15:28,,
v_56596eda5f,/,2026-09-03 22:22:35,,
v_7af1da5e1d,/subscribe,2026-09-03 22:28:15,google,julia.campbell28@protonmail.com
v_c71839650b,/,2026-09-03 22:32:41,,
v_984f2540ec,/news/what-is-happening-in-sudan,2026-09-03 22:41:47,,
v_849451c7f9,/news/what-is-happening-in-sudan,2026-09-03 22:55:16,,
v_72a1d8ee1f,/news/hurricane-season-update,2026-09-03 23:06:31,,
v_ac3508e24a,/,2026-09-03 23:15:46,,
v_1a643f46e9,/,2026-09-03 23:41:24,,
v_e32a77ff69,/subscribe,2026-09-03 23:56:00,instagram,
v_b295e9dec2,/news/supreme-court-ruling-explained,2026-09-04 00:14:16,facebook,
v_d322703310,/subscribe,2026-09-04 00:27:08,,
v_47d2bfdfa6,/,2026-09-04 00:30:45,,
v_58c0513c08,/news/midterm-primaries-recap,2026-09-04 00:34:07,,
v_ccd2725577,/shadrachs-picks,2026-09-04 01:25:31,instagram,
v_b295e9dec2,/subscribe,2026-09-04 01:37:16,,joshua.scott364@gmail.com
v_f3d2d0c564,/,2026-09-04 01:48:17,,
v_ccd2725577,/shadrachs-picks,2026-09-04 02:01:31,,
v_79c6888fa3,/subscribe,2026-09-04 02:04:42,instagram,
v_add7bfe4b9,/our-staff,2026-09-04 02:20:47,,
v_42ae3367eb,/,2026-09-04 03:10:29,,
v_194736c582,/news/midterm-primaries-recap,2026-09-04 03:10:54,google,
v_a895fd265a,/news/church-attendance-study,2026-09-04 03:12:41,instagram,
v_47a227e1d1,/beliefs,2026-09-04 03:19:26,,
v_cc590ba6a7,/news/supreme-court-ruling-explained,2026-09-04 03:20:40,,
v_abee214526,/,2026-09-04 03:21:29,,
v_a895fd265a,/,2026-09-04 03:36:41,,
v_abb20713f2,/shadrachs-picks,2026-09-04 03:43:39,,
v_cca2c3705e,/subscribe,2026-09-04 03:55:11,facebook,lydia.davis4@gmail.com
v_28dbfd7c2e,/shadrachs-picks,2026-09-04 04:02:58,,
v_365095ea32,/news/hurricane-season-update,2026-09-04 04:05:10,,
v_2f6658fc84,/shadrachs-picks,2026-09-04 04:06:00,,
v_771edab512,/,2026-09-04 04:09:58,google,
v_a895fd265a,/shadrachs-picks,2026-09-04 04:21:41,,
v_a89beeeb4e,/subscribe,2026-09-04 04:38:55,,josiah.turner212@protonmail.com
v_c71839650b,/shadrachs-picks,2026-09-04 05:01:33,,
v_9b1fe99536,/news/what-is-happening-in-sudan,2026-09-04 05:03:28,,
v_1dd3c72b63,/,2026-09-04 06:19:54,,
v_72a1d8ee1f,/beliefs,2026-09-04 07:04:33,,
v_80d279cc6b,/subscribe,2026-09-04 07:19:39,,
v_db4fccfdd0,/,2026-09-04 07:20:31,,
v_0d3418817d,/subscribe,2026-09-04 07:30:50,,
v_2dd7dcf2fe,/subscribe,2026-09-04 07:33:55,,
v_358eedbac8,/beliefs,2026-09-04 07:38:37,,
v_2f8f528a7a,/,2026-09-04 07:44:26,,
v_ccd2725577,/subscribe,2026-09-04 07:44:31,,anna.young561@gmail.com
v_c46dcb6014,/,2026-09-04 07:45:12,,
v_84a5c80dfd,/news/hurricane-season-update,2026-09-04 07:46:08,referral,
v_e7a11519e7,/news/midterm-primaries-recap,2026-09-04 07:51:39,,
v_262aace039,/subscribe,2026-09-04 07:58:30,,
v_362003165c,/news/world-series-preview,2026-09-04 08:39:10,,
v_bc3b06874c,/,2026-09-04 08:42:55,,
v_a895fd265a,/subscribe,2026-09-04 08:53:41,,tim.anderson878@gmail.com
v_9076e5facd,/news/federal-budget-standoff,2026-09-04 09:25:54,,
v_382c549faa,/news/housing-market-cooldown,2026-09-04 10:05:26,,
v_1f75a81a59,/shadrachs-picks,2026-09-04 10:33:06,,
v_a751e8e247,/news/housing-market-cooldown,2026-09-04 10:36:01,,
v_80cb39080e,/news/new-space-telescope-images,2026-09-04 10:37:59,facebook,
v_3de0ba6720,/,2026-09-04 10:42:18,,
v_2b22fc177d,/news/housing-market-cooldown,2026-09-04 11:15:20,,
v_817a1d6398,/news/housing-market-cooldown,2026-09-04 11:19:19,podcast,
v_498eab1bff,/news/hurricane-season-update,2026-09-04 11:35:47,,
v_68af73aba2,/news/hurricane-season-update,2026-09-04 11:41:01,facebook,
v_2b2a85c5fd,/subscribe,2026-09-04 11:41:59,google,
v_c48692878d,/subscribe,2026-09-04 11:44:30,,
v_817a1d6398,/,2026-09-04 11:55:19,,
v_33f89fa76d,/news/new-space-telescope-images,2026-09-04 11:55:24,referral,
v_abb20713f2,/news/federal-budget-standoff,2026-09-04 12:02:55,,
v_0fb40d515d,/,2026-09-04 12:22:29,instagram,
v_3aa032e623,/news/ai-regulation-bill,2026-09-04 12:49:03,facebook,
v_ca961e670e,/subscribe,2026-09-04 12:58:46,,
v_200214fae1,/,2026-09-04 13:01:03,facebook,
v_de549d03f2,/subscribe,2026-09-04 13:11:20,facebook,ellie.peterson400@hotmail.com
v_260d0ee3b1,/subscribe,2026-09-04 13:16:01,,
v_19799ee79e,/news/supreme-court-ruling-explained,2026-09-04 13:32:21,,
v_095ace483f,/,2026-09-04 13:42:04,facebook,
v_095ace483f,/subscribe,2026-09-04 14:17:04,,
v_a2bd5f0d51,/beliefs,2026-09-04 14:17:07,,
v_095ace483f,/news/hurricane-season-update,2026-09-04 14:22:04,,
v_3ebd6b745e,/,2026-09-04 14:36:43,,
v_335b8c0826,/,2026-09-04 14:47:19,,
v_41404619b6,/subscribe,2026-09-04 14:57:19,,
v_3b6341b090,/,2026-09-04 14:58:30,,
v_813d3eea9a,/shadrachs-picks,2026-09-04 15:18:16,,
v_3f69032290,/news/midterm-primaries-recap,2026-09-04 15:24:18,,
v_0d3418817d,/,2026-09-04 15:40:16,,
v_b15b9a236a,/news/ai-regulation-bill,2026-09-04 16:02:59,,
v_095ace483f,/subscribe,2026-09-04 16:12:04,,daniel.lewis649@gmail.com
v_62d07f73ab,/news/housing-market-cooldown,2026-09-04 16:19:44,,
v_3f4e60e9b1,/,2026-09-04 16:20:00,google,
v_84a5c80dfd,/subscribe,2026-09-04 16:25:08,,naomi.hill86@gmail.com
v_9ac38ac373,/beliefs,2026-09-04 16:29:44,,
v_28dbfd7c2e,/,2026-09-04 16:34:19,,
v_534de4c577,/news/hurricane-season-update,2026-09-04 17:18:02,,
v_e4a0691503,/news/federal-budget-standoff,2026-09-04 17:28:07,,
v_df2611bd0f,/news/what-is-happening-in-sudan,2026-09-04 17:29:40,,
v_4a9f4ded7b,/shadrachs-picks,2026-09-04 17:30:06,,
v_817a1d6398,/subscribe,2026-09-04 17:40:19,,emily.evans870@outlook.com
v_6923f77245,/news/midterm-primaries-recap,2026-09-04 17:46:19,,
v_8e929934eb,/,2026-09-04 18:15:48,,
v_b9c701032c,/,2026-09-04 18:18:17,,
v_68af73aba2,/subscribe,2026-09-04 18:25:01,,david.cook782@gmail.com
v_8750310d08,/news/federal-budget-standoff,2026-09-04 18:34:23,,
v_5a4274f08c,/subscribe,2026-09-04 18:39:30,,
v_1c037423b6,/news/church-attendance-study,2026-09-04 18:49:09,podcast,
v_fc9b906e84,/,2026-09-04 18:49:15,facebook,
v_21d068ad64,/about,2026-09-04 19:10:21,,
v_1b36799123,/shadrachs-picks,2026-09-04 19:24:29,,
v_e34151f668,/,2026-09-04 19:37:19,,
v_33f89fa76d,/subscribe,2026-09-04 19:41:24,,leah.williams993@gmail.com
v_478b0f9bca,/subscribe,2026-09-04 20:01:40,,
v_94653eb92f,/beliefs,2026-09-04 20:16:13,,
v_807691e413,/news/church-attendance-study,2026-09-04 20:19:40,google,
v_d2f58309d6,/subscribe,2026-09-04 20:21:44,podcast,andrew.nelson114@gmail.com
v_923d667f1f,/about,2026-09-04 20:30:24,,
v_638405c13b,/beliefs,2026-09-04 20:40:49,,
v_db4fccfdd0,/,2026-09-04 21:16:35,,
v_53bd62cf06,/news/ai-regulation-bill,2026-09-04 21:44:47,,
v_38458fc902,/,2026-09-04 21:48:20,,
v_d5f5a8801d,/,2026-09-04 21:55:23,instagram,
v_6d5dc20ae6,/,2026-09-04 22:10:14,instagram,
v_73d7504532,/,2026-09-04 22:13:19,,
v_bf33c46895,/news/what-is-happening-in-sudan,2026-09-04 22:25:21,,
v_1383fcbf3a,/,2026-09-04 22:53:49,,
v_c3e512b0f9,/news/church-attendance-study,2026-09-04 22:57:53,,
v_da7646de1e,/subscribe,2026-09-04 23:10:17,instagram,megan.phillips403@hotmail.com
v_0c568b4e30,/news/new-space-telescope-images,2026-09-04 23:11:02,,
v_fd7650c10d,/news/hurricane-season-update,2026-09-04 23:50:27,,
v_3dfdc0337c,/about,2026-09-04 23:57:28,,
v_d25f83d215,/news/supreme-court-ruling-explained,2026-09-05 00:10:20,,
v_3371670765,/news/what-is-happening-in-sudan,2026-09-05 00:20:18,,
v_be35dcbc30,/,2026-09-05 01:05:14,,
v_be23f194af,/beliefs,2026-09-05 01:24:24,,
v_4a9f4ded7b,/shadrachs-picks,2026-09-05 01:27:43,,
v_edb53c619c,/shadrachs-picks,2026-09-05 01:31:03,google,
v_f109cd97d4,/shadrachs-picks,2026-09-05 01:45:42,,
v_deb4ef5fcb,/news/hurricane-season-update,2026-09-05 01:59:42,,
v_edb53c619c,/about,2026-09-05 02:13:03,,
v_d322703310,/news/new-space-telescope-images,2026-09-05 02:25:03,,
v_edb53c619c,/,2026-09-05 02:28:03,,
v_1dd3c72b63,/news/ai-regulation-bill,2026-09-05 02:45:06,,
v_5bb82b07ed,/,2026-09-05 03:00:08,,
v_354336b730,/,2026-09-05 03:06:53,,
v_d25f83d215,/subscribe,2026-09-05 03:09:20,,megan.thomas521@gmail.com
v_087f16ff95,/subscribe,2026-09-05 03:14:21,,
v_807691e413,/subscribe,2026-09-05 03:35:40,,sam.anderson785@icloud.com
v_473051667f,/news/federal-budget-standoff,2026-09-05 03:46:26,,
v_8cb178e334,/,2026-09-05 04:35:22,,
v_eb8b2afe11,/,2026-09-05 04:41:55,,
v_1c037423b6,/subscribe,2026-09-05 04:44:09,,ellie.smith322@gmail.com
v_50de35354f,/news/housing-market-cooldown,2026-09-05 05:03:41,,
v_89c094d314,/,2026-09-05 05:08:45,,
v_c9147ac777,/news/church-attendance-study,2026-09-05 05:19:00,,
v_8e07b6e323,/,2026-09-05 05:24:48,google,
v_f32232eb5d,/,2026-09-05 05:28:27,google,
v_21d068ad64,/news/ai-regulation-bill,2026-09-05 05:51:28,,
v_eb931e11f7,/subscribe,2026-09-05 06:17:39,,
v_93ec10189b,/news/federal-budget-standoff,2026-09-05 06:21:43,,
v_243541fd38,/,2026-09-05 06:31:20,,
v_1d369214f5,/subscribe,2026-09-05 06:40:15,,
v_636007104e,/news/ai-regulation-bill,2026-09-05 07:09:20,,
v_f1fd20f107,/subscribe,2026-09-05 07:13:01,instagram,ben.rogers324@icloud.com
v_58c0513c08,/news/federal-budget-standoff,2026-09-05 07:23:38,,
v_a713b48984,/about,2026-09-05 07:27:27,,
v_704068a72a,/news/midterm-primaries-recap,2026-09-05 07:30:21,,
v_7078dfc763,/news/what-is-happening-in-sudan,2026-09-05 07:40:25,,
v_4d32b10a15,/news/housing-market-cooldown,2026-09-05 08:32:03,,
v_8e07b6e323,/subscribe,2026-09-05 08:43:48,,peter.clark650@gmail.com
v_85d2f41134,/,2026-09-05 08:48:35,,
v_a713b48984,/news/federal-budget-standoff,2026-09-05 08:53:48,,
v_eb749530c4,/shadrachs-picks,2026-09-05 09:03:23,instagram,
v_50b86b16f8,/beliefs,2026-09-05 09:03:58,,
v_ed53cf4b7b,/news/hurricane-season-update,2026-09-05 09:07:33,referral,
v_c1421ddf8a,/shadrachs-picks,2026-09-05 09:17:50,,
v_1620f0f342,/news/ai-regulation-bill,2026-09-05 09:30:03,,
v_8de6c5da94,/news/supreme-court-ruling-explained,2026-09-05 09:43:32,,
v_2872a63803,/,2026-09-05 09:50:44,,
v_edb53c619c,/subscribe,2026-09-05 10:01:03,,abigail.reed678@icloud.com
v_8a1b853ba7,/news/supreme-court-ruling-explained,2026-09-05 10:01:13,instagram,
v_eb749530c4,/subscribe,2026-09-05 10:34:23,,leah.williams147@gmail.com
v_1b45cca368,/news/housing-market-cooldown,2026-09-05 10:48:08,,
v_ccd2725577,/,2026-09-05 11:06:21,,
v_d2c66a4da9,/,2026-09-05 11:21:13,instagram,
v_942f19637a,/about,2026-09-05 11:21:46,,
v_4a9f4ded7b,/shadrachs-picks,2026-09-05 11:27:51,,
v_bbfbc182d0,/news/ai-regulation-bill,2026-09-05 11:40:46,,
v_3f2d7eef1c,/,2026-09-05 11:43:38,,
v_8d8f976646,/,2026-09-05 12:04:14,,
v_9ac38ac373,/news/new-space-telescope-images,2026-09-05 12:04:34,,
v_bbfbc182d0,/,2026-09-05 12:12:46,,
v_a9c013073a,/news/ai-regulation-bill,2026-09-05 12:16:55,facebook,
v_dfe2a7fbc6,/,2026-09-05 12:25:03,,
v_bbfbc182d0,/subscribe,2026-09-05 12:32:46,,jacob.morgan321@icloud.com
v_9a8dc7c327,/,2026-09-05 12:35:03,,
v_19199d17f7,/,2026-09-05 12:37:11,,
v_8cb178e334,/news/church-attendance-study,2026-09-05 12:58:07,,
v_351fbbf5d7,/news/ai-regulation-bill,2026-09-05 12:59:57,,
v_4996f3f47a,/subscribe,2026-09-05 13:05:17,,
v_c431862b46,/,2026-09-05 13:10:14,,
v_82488e7712,/subscribe,2026-09-05 13:20:12,,
v_567e2b2bf6,/,2026-09-05 13:26:01,,
v_47d2bfdfa6,/,2026-09-05 13:28:13,,
v_e03ad7830e,/news/hurricane-season-update,2026-09-05 13:30:11,,
v_a713b48984,/,2026-09-05 13:35:11,,
v_ed53cf4b7b,/subscribe,2026-09-05 13:35:33,,ben.peterson635@gmail.com
v_321b52213b,/shadrachs-picks,2026-09-05 13:45:21,,
v_7c8ecc63e1,/shadrachs-picks,2026-09-05 14:18:11,,
v_cca2c3705e,/news/federal-budget-standoff,2026-09-05 14:42:05,,
v_6080059deb,/news/church-attendance-study,2026-09-05 14:44:54,instagram,
v_6080059deb,/news/what-is-happening-in-sudan,2026-09-05 14:46:54,,
v_87e396d495,/,2026-09-05 14:47:09,,
v_6080059deb,/subscribe,2026-09-05 14:51:54,,
v_33f89fa76d,/about,2026-09-05 14:59:56,,
v_2be5844600,/news/new-space-telescope-images,2026-09-05 15:14:12,,
v_38458fc902,/news/housing-market-cooldown,2026-09-05 15:21:41,,
v_991e1b41a7,/,2026-09-05 15:32:58,,
v_6080059deb,/subscribe,2026-09-05 15:42:54,,MEGAN.ROGERS628@PROTONMAIL.COM
v_7166ae5ad6,/news/federal-budget-standoff,2026-09-05 15:54:42,,
v_157e163062,/subscribe,2026-09-05 15:55:18,,
v_89c094d314,/news/midterm-primaries-recap,2026-09-05 16:17:45,,
v_db4fccfdd0,/news/housing-market-cooldown,2026-09-05 16:17:50,,
v_94b3ef09d0,/,2026-09-05 16:26:36,,
v_d2e9b5cb87,/,2026-09-05 17:04:31,,
v_5fc6658f7a,/,2026-09-05 17:06:41,,
v_f7b563b4ea,/,2026-09-05 17:06:59,,
v_6d441d3138,/,2026-09-05 17:12:29,,
v_643bbadae3,/,2026-09-05 17:56:58,,
v_136bdaa0b5,/news/supreme-court-ruling-explained,2026-09-05 17:59:37,,
v_89c094d314,/news/hurricane-season-update,2026-09-05 18:20:46,,
v_656c9197c7,/news/hurricane-season-update,2026-09-05 18:34:23,instagram,
v_a5e40a4055,/subscribe,2026-09-05 18:50:40,,
v_c0174347b9,/news/housing-market-cooldown,2026-09-05 19:11:31,instagram,
v_32c67e020f,/,2026-09-05 19:21:24,,
v_53bd62cf06,/news/federal-budget-standoff,2026-09-05 19:21:33,,
v_7d853a7321,/news/new-space-telescope-images,2026-09-05 20:13:51,,
v_78157322bb,/news/housing-market-cooldown,2026-09-05 20:21:18,,
v_335b8c0826,/subscribe,2026-09-05 20:22:09,,
v_4a9f4ded7b,/news/new-space-telescope-images,2026-09-05 20:39:53,,
v_c07181ac8c,/subscribe,2026-09-05 20:49:00,,
v_410fd9f5e6,/news/ai-regulation-bill,2026-09-05 21:19:24,,
v_19199d17f7,/,2026-09-05 21:39:04,,
v_4cae44a35e,/,2026-09-05 21:52:44,,
v_942f19637a,/news/ai-regulation-bill,2026-09-05 22:06:25,,
v_8cb178e334,/,2026-09-05 22:38:39,,
v_6bc0201505,/subscribe,2026-09-05 22:57:06,,
v_ef1c496495,/subscribe,2026-09-05 23:36:06,instagram,paul.scott535@gmail.com
v_30fd8ca55b,/news/what-is-happening-in-sudan,2026-09-05 23:45:56,,
v_b28a1d9c13,/news/ai-regulation-bill,2026-09-05 23:48:49,facebook,
v_7acc332cf2,/subscribe,2026-09-06 00:01:03,instagram,
v_d04023b175,/news/housing-market-cooldown,2026-09-06 00:04:20,,
v_b28a1d9c13,/about,2026-09-06 00:04:49,,
v_1d369214f5,/news/hurricane-season-update,2026-09-06 00:07:51,,
v_d518e5e105,/about,2026-09-06 00:21:23,,
v_b28a1d9c13,/subscribe,2026-09-06 00:32:49,,laura.allen655@yahoo.com
v_22b00f4e0e,/,2026-09-06 00:36:28,,
v_6dc605daeb,/,2026-09-06 01:02:39,,
v_7c6c631ac2,/news/midterm-primaries-recap,2026-09-06 01:04:00,,
v_2f5e616080,/,2026-09-06 01:18:04,,
v_c24eed0571,/,2026-09-06 01:20:21,,
v_daee8a79ae,/news/midterm-primaries-recap,2026-09-06 01:30:47,,
v_edc835dd9b,/subscribe,2026-09-06 01:48:03,instagram,michael.anderson215@gmail.com
v_c0174347b9,/subscribe,2026-09-06 01:52:31,,james.bell28@protonmail.com
v_f3f8f6bd2c,/news/midterm-primaries-recap,2026-09-06 02:01:54,,
v_534de4c577,/,2026-09-06 02:02:24,,
v_53bd62cf06,/news/new-space-telescope-images,2026-09-06 02:15:59,,
v_21d068ad64,/news/new-space-telescope-images,2026-09-06 02:18:03,,
v_7b184933da,/news/ai-regulation-bill,2026-09-06 02:18:34,,
v_be23f194af,/news/housing-market-cooldown,2026-09-06 02:28:19,,
v_21d068ad64,/news/what-is-happening-in-sudan,2026-09-06 02:45:29,,
v_a4e2f87078,/,2026-09-06 02:55:51,,
v_cb54618d0a,/subscribe,2026-09-06 03:09:30,,
v_5bb82b07ed,/,2026-09-06 03:10:28,,
v_deb4ef5fcb,/,2026-09-06 03:18:43,,
v_bbfbc182d0,/subscribe,2026-09-06 03:26:45,,
v_d322703310,/,2026-09-06 03:44:24,,
v_7d3ec24549,/,2026-09-06 03:52:08,,
v_eea702de9e,/,2026-09-06 04:00:10,,
v_6d507a9c67,/,2026-09-06 04:01:45,,
v_410fd9f5e6,/,2026-09-06 04:07:09,,
v_52a0f93b7d,/news/supreme-court-ruling-explained,2026-09-06 04:21:00,,
v_989f962e69,/subscribe,2026-09-06 04:26:53,,
v_47a227e1d1,/news/hurricane-season-update,2026-09-06 04:31:56,,
v_d561be740a,/subscribe,2026-09-06 04:41:08,google,
v_00e0f89ef8,/news/hurricane-season-update,2026-09-06 04:43:47,facebook,
v_351fbbf5d7,/news/supreme-court-ruling-explained,2026-09-06 04:46:38,,
v_4f29875ed4,/news/what-is-happening-in-sudan,2026-09-06 05:06:24,,
v_6517cbb9eb,/,2026-09-06 05:18:15,,
v_00e0f89ef8,/,2026-09-06 05:19:47,,
v_b52e1fbefe,/news/world-series-preview,2026-09-06 06:07:48,instagram,
v_098d80a408,/,2026-09-06 06:36:43,,
v_f973b0b7e9,/,2026-09-06 06:41:22,,
v_f313796c76,/news/what-is-happening-in-sudan,2026-09-06 06:48:56,instagram,
v_333f15b68f,/subscribe,2026-09-06 06:51:42,referral,aaron.wilson893@gmail.com
v_8065889a4f,/about,2026-09-06 06:52:53,podcast,
v_19a59f327f,/shadrachs-picks,2026-09-06 07:15:26,facebook,
v_38458fc902,/shadrachs-picks,2026-09-06 07:20:46,,
v_8065889a4f,/news/church-attendance-study,2026-09-06 07:22:53,,
v_9cd1c66869,/subscribe,2026-09-06 07:31:40,,
v_7d3ec24549,/subscribe,2026-09-06 07:34:52,,
v_b0b2083034,/,2026-09-06 07:50:23,,
v_00e0f89ef8,/subscribe,2026-09-06 08:01:47,,peter.peterson255@gmail.com
v_19199d17f7,/,2026-09-06 08:28:19,,
v_2842f1f320,/,2026-09-06 08:55:06,,
v_cb54618d0a,/,2026-09-06 08:58:53,,
v_1b3257eefd,/our-staff,2026-09-06 09:03:15,facebook,
v_6b46948d4a,/about,2026-09-06 09:21:15,,
v_6f49e6d0d3,/news/church-attendance-study,2026-09-06 09:28:08,,
v_db4fccfdd0,/news/supreme-court-ruling-explained,2026-09-06 09:38:48,,
v_52bc9cc680,/beliefs,2026-09-06 09:59:53,,
v_21d068ad64,/subscribe,2026-09-06 10:08:17,,
v_3e6c62b057,/news/supreme-court-ruling-explained,2026-09-06 10:11:21,,
v_7f5c539cfc,/,2026-09-06 10:16:57,,
v_bc2968c643,/news/church-attendance-study,2026-09-06 10:21:38,instagram,
v_95d117e728,/,2026-09-06 10:32:41,,
v_9bc6b2ff5e,/news/new-space-telescope-images,2026-09-06 10:34:00,,
v_3e6c62b057,/beliefs,2026-09-06 11:06:12,,
v_99a2952a98,/news/ai-regulation-bill,2026-09-06 11:11:11,,
v_d512018057,/news/midterm-primaries-recap,2026-09-06 11:17:27,podcast,
v_c48692878d,/subscribe,2026-09-06 11:21:54,,
v_b2b8685a28,/,2026-09-06 11:24:42,,
v_8065889a4f,/subscribe,2026-09-06 11:54:53,,AARON.MORGAN157@GMAIL.COM
v_a2ea407cd8,/about,2026-09-06 11:59:00,instagram,
v_ce490c21ee,/beliefs,2026-09-06 12:22:40,,
v_edc835dd9b,/news/federal-budget-standoff,2026-09-06 12:36:21,,
v_c48692878d,/,2026-09-06 12:50:06,,
v_a2ea407cd8,/subscribe,2026-09-06 13:24:00,,megan.adams538@gmail.com
v_58c0513c08,/,2026-09-06 13:44:43,,
v_d6d24296b8,/about,2026-09-06 13:45:16,,
v_f428dcf9e1,/,2026-09-06 13:48:20,,
v_25ae9e9c9d,/news/what-is-happening-in-sudan,2026-09-06 13:51:21,referral,
v_f973b0b7e9,/our-staff,2026-09-06 13:58:05,,
v_1d369214f5,/,2026-09-06 14:30:37,,
v_25ae9e9c9d,/subscribe,2026-09-06 14:40:21,,olivia.rogers833@gmail.com
v_5096d06954,/news/church-attendance-study,2026-09-06 14:47:13,,
v_56929cbb85,/about,2026-09-06 14:50:23,,
v_3f9df59a3f,/,2026-09-06 15:10:44,,
v_8750310d08,/about,2026-09-06 15:15:34,,
v_ed4b5ea78f,/,2026-09-06 15:27:31,,
v_42009b8059,/shadrachs-picks,2026-09-06 15:28:40,,
v_bc2968c643,/subscribe,2026-09-06 15:31:38,,faith.evans222@outlook.com
v_8001a480c8,/beliefs,2026-09-06 15:59:38,,
v_e34151f668,/news/ai-regulation-bill,2026-09-06 16:04:13,,
v_7b132ce803,/subscribe,2026-09-06 16:09:41,facebook,matthew.murphy33@gmail.com
v_4354256820,/,2026-09-06 16:15:10,,
v_63d4f06261,/news/new-space-telescope-images,2026-09-06 16:22:16,referral,
v_d512018057,/subscribe,2026-09-06 16:36:27,,tim.carter318@icloud.com
v_8c69759ee9,/subscribe,2026-09-06 16:48:52,instagram,joshua.reed805@protonmail.com
v_aa6fabe6f6,/news/church-attendance-study,2026-09-06 16:53:27,,
v_85d2f41134,/news/hurricane-season-update,2026-09-06 16:55:56,,
v_638405c13b,/news/new-space-telescope-images,2026-09-06 17:19:15,,
v_1f75a81a59,/,2026-09-06 17:20:10,,
v_25ae9e9c9d,/about,2026-09-06 17:50:27,,
v_c7c69b0ade,/,2026-09-06 18:10:43,,
v_dc63f19d1b,/about,2026-09-06 18:19:32,,
v_7a3029a0dd,/subscribe,2026-09-06 18:35:09,google,ethan.nelson771@gmail.com
v_704068a72a,/subscribe,2026-09-06 18:52:45,,
v_d63057fa5c,/subscribe,2026-09-06 18:55:06,,
v_72a1d8ee1f,/shadrachs-picks,2026-09-06 19:03:46,,
v_63d4f06261,/subscribe,2026-09-06 19:15:16,,paul.anderson37@gmail.com
v_9bc6b2ff5e,/news/midterm-primaries-recap,2026-09-06 19:38:45,,
v_165317b95b,/subscribe,2026-09-06 19:38:55,,
v_cb3d4259af,/news/federal-budget-standoff,2026-09-06 20:14:45,instagram,
v_bbfbc182d0,/news/federal-budget-standoff,2026-09-06 20:15:24,,
v_a5c53a8f8e,/,2026-09-06 20:16:07,facebook,
v_6080059deb,/,2026-09-06 20:16:24,,
v_cb3d4259af,/,2026-09-06 20:18:45,,
v_cb3d4259af,/news/hurricane-season-update,2026-09-06 20:28:45,,
v_ca961e670e,/about,2026-09-06 20:41:08,,
v_b6402b2f25,/,2026-09-06 20:48:45,,
v_2a765fb012,/news/new-space-telescope-images,2026-09-06 20:56:58,,
v_5abc156a0e,/news/world-series-preview,2026-09-06 20:59:00,,
v_6a3b2d6143,/shadrachs-picks,2026-09-06 21:00:39,,
v_ef3c1b6500,/news/world-series-preview,2026-09-06 21:01:22,,
v_b0f1d25369,/news/what-is-happening-in-sudan,2026-09-06 21:17:43,facebook,
v_e70932e269,/beliefs,2026-09-06 21:25:08,,
v_0e85c427dc,/news/new-space-telescope-images,2026-09-06 21:26:26,,
v_3f2d7eef1c,/news/midterm-primaries-recap,2026-09-06 21:47:19,,
v_00d7613d4b,/about,2026-09-06 21:59:09,,
v_1c7698a8b3,/news/housing-market-cooldown,2026-09-06 22:15:17,,
v_c1421ddf8a,/,2026-09-06 22:18:45,,
v_7e07330f2a,/shadrachs-picks,2026-09-06 22:45:39,google,
v_19f846108a,/news/hurricane-season-update,2026-09-06 22:57:35,instagram,
v_5e98bcc939,/news/world-series-preview,2026-09-06 23:09:19,,
v_eda51c124d,/news/midterm-primaries-recap,2026-09-06 23:13:17,google,
v_eda51c124d,/news/hurricane-season-update,2026-09-06 23:14:17,,
v_eb0ccdc557,/subscribe,2026-09-06 23:27:49,,
v_19f846108a,/news/new-space-telescope-images,2026-09-06 23:33:35,,
v_8474ebb4c0,/news/supreme-court-ruling-explained,2026-09-06 23:35:38,,
v_19f846108a,/,2026-09-06 23:44:35,,
v_c236c7ad68,/,2026-09-06 23:52:31,twitter,
v_5e82d5b311,/news/what-is-happening-in-sudan,2026-09-07 00:11:31,,
v_63c128f570,/shadrachs-picks,2026-09-07 00:16:41,instagram,
v_c236c7ad68,/,2026-09-07 00:17:31,,
v_4a9f4ded7b,/,2026-09-07 00:19:21,,
v_c9e136fd6d,/subscribe,2026-09-07 00:19:37,,
v_b2ab4c654e,/,2026-09-07 00:51:47,,
v_a4e2f87078,/,2026-09-07 00:53:40,,
v_d70583d0be,/news/ai-regulation-bill,2026-09-07 01:03:22,,
v_5b16198a7b,/,2026-09-07 01:14:38,facebook,
v_5b75b5f7dc,/news/world-series-preview,2026-09-07 01:17:35,,
v_28b4880220,/shadrachs-picks,2026-09-07 01:26:24,,
v_1383fcbf3a,/,2026-09-07 01:38:42,,
v_19f846108a,/subscribe,2026-09-07 01:57:35,,NOAH.GREEN106@GMAIL.COM
v_afb13c3161,/,2026-09-07 01:58:37,,
v_bed7c69f88,/,2026-09-07 02:07:03,,
v_95c362cbc5,/subscribe,2026-09-07 02:36:08,referral,joy.rogers18@gmail.com
v_cb3d4259af,/subscribe,2026-09-07 02:36:45,,HANNAH.SMITH725@GMAIL.COM
v_6641182e8a,/,2026-09-07 02:47:06,google,
v_abb20713f2,/news/supreme-court-ruling-explained,2026-09-07 03:11:10,,
v_9bc6b2ff5e,/beliefs,2026-09-07 03:11:22,,
v_edb53c619c,/,2026-09-07 03:30:49,,
v_bf4aaaea68,/,2026-09-07 03:39:18,instagram,
v_c3e512b0f9,/news/new-space-telescope-images,2026-09-07 04:04:41,,
v_3cc38e068b,/subscribe,2026-09-07 04:27:22,,chloe.edwards498@gmail.com
v_c236c7ad68,/subscribe,2026-09-07 04:50:31,,anna.cook970@hotmail.com
v_1f75a81a59,/,2026-09-07 04:56:46,,
v_2f5e616080,/subscribe,2026-09-07 05:03:11,,
v_f9c7a723f9,/,2026-09-07 05:12:50,,
v_eda51c124d,/subscribe,2026-09-07 05:49:17,,kate.walker277@gmail.com
v_c3e512b0f9,/,2026-09-07 05:55:52,,
v_add7bfe4b9,/news/what-is-happening-in-sudan,2026-09-07 06:02:18,,
v_9ebac87cb4,/,2026-09-07 06:11:51,,
v_4a4644db02,/,2026-09-07 06:33:06,,
v_df2611bd0f,/news/new-space-telescope-images,2026-09-07 06:38:00,,
v_902673df20,/,2026-09-07 06:48:51,,
v_1d369214f5,/shadrachs-picks,2026-09-07 06:59:18,,
v_87e7734a2f,/about,2026-09-07 07:08:38,,
v_ddf8e9f728,/beliefs,2026-09-07 07:32:14,,
v_f973b0b7e9,/,2026-09-07 07:35:18,,
v_5b16198a7b,/subscribe,2026-09-07 07:53:38,,emily.phillips458@icloud.com
v_9d78cd9c96,/news/supreme-court-ruling-explained,2026-09-07 08:09:15,facebook,
v_a327657b61,/,2026-09-07 08:12:27,google,
v_127cda9502,/shadrachs-picks,2026-09-07 08:18:46,,
v_85d2f41134,/,2026-09-07 08:18:49,,
v_892cce233d,/subscribe,2026-09-07 08:30:54,,
v_be23f194af,/news/housing-market-cooldown,2026-09-07 08:31:29,,
v_928eceae31,/,2026-09-07 08:31:40,,
v_3483095e3f,/,2026-09-07 08:50:50,,
v_72a1d8ee1f,/,2026-09-07 08:53:57,,
v_bb56cf01b5,/,2026-09-07 09:11:51,,
v_7e256699fb,/news/ai-regulation-bill,2026-09-07 09:25:54,referral,
v_12db8d977a,/,2026-09-07 09:40:29,twitter,
v_367ae3b1f2,/,2026-09-07 09:53:13,,
v_63c128f570,/subscribe,2026-09-07 10:03:41,,sarah.johnson152@hotmail.com
v_a713b48984,/news/federal-budget-standoff,2026-09-07 10:18:25,,
v_c8a34bb260,/,2026-09-07 10:37:59,facebook,
v_26e2abecf7,/news/what-is-happening-in-sudan,2026-09-07 10:43:12,,
v_d322703310,/news/midterm-primaries-recap,2026-09-07 11:18:51,,
v_57c13b3631,/subscribe,2026-09-07 11:24:03,,
v_cd738bed80,/subscribe,2026-09-07 11:33:01,,
v_22b00f4e0e,/news/hurricane-season-update,2026-09-07 11:56:24,,
v_c48692878d,/,2026-09-07 12:02:52,,
v_7e256699fb,/subscribe,2026-09-07 12:20:54,,OLIVIA.CAMPBELL867@GMAIL.COM
v_0e075576aa,/news/ai-regulation-bill,2026-09-07 12:23:54,facebook,
v_3cda0fa5cf,/subscribe,2026-09-07 12:34:31,instagram,AARON.REED745@GMAIL.COM
v_eb4359854c,/subscribe,2026-09-07 12:36:39,,
v_ddb59828db,/news/ai-regulation-bill,2026-09-07 12:42:17,,
v_80d279cc6b,/news/housing-market-cooldown,2026-09-07 12:52:21,,
v_9991dd4320,/news/world-series-preview,2026-09-07 12:55:57,,
v_edae92b12b,/news/new-space-telescope-images,2026-09-07 13:05:41,,
v_534de4c577,/news/church-attendance-study,2026-09-07 13:06:19,,
v_4a9f4ded7b,/,2026-09-07 13:42:53,,
v_33f89fa76d,/news/supreme-court-ruling-explained,2026-09-07 13:48:34,,
v_12db8d977a,/subscribe,2026-09-07 13:53:29,,paul.johnson830@gmail.com
v_3691cf7cd8,/news/supreme-court-ruling-explained,2026-09-07 14:03:10,,
v_1dd3c72b63,/,2026-09-07 14:15:26,,
v_335b8c0826,/,2026-09-07 14:17:08,,
v_bf33c46895,/about,2026-09-07 14:32:19,,
v_638405c13b,/news/supreme-court-ruling-explained,2026-09-07 14:54:04,,
v_d6d24296b8,/,2026-09-07 14:55:02,,
v_669260cae4,/news/hurricane-season-update,2026-09-07 15:01:12,google,
v_a895fd265a,/news/ai-regulation-bill,2026-09-07 15:01:13,,
v_bbfbc182d0,/,2026-09-07 15:11:51,,
v_78b90368a9,/news/church-attendance-study,2026-09-07 15:44:52,google,
v_7f4f6d41cc,/news/world-series-preview,2026-09-07 15:47:13,,
v_0ac09065fe,/news/midterm-primaries-recap,2026-09-07 15:58:27,,
v_bef94737a7,/news/midterm-primaries-recap,2026-09-07 16:37:20,,
v_78b90368a9,/subscribe,2026-09-07 16:44:52,,MEGAN.MARTIN825@GMAIL.COM
v_872c789019,/,2026-09-07 16:45:05,,
v_a713b48984,/news/new-space-telescope-images,2026-09-07 16:56:35,,
v_cb3d4259af,/news/new-space-telescope-images,2026-09-07 17:03:44,,
v_9bfbf76f44,/news/new-space-telescope-images,2026-09-07 17:10:35,,
v_f973b0b7e9,/subscribe,2026-09-07 17:20:46,,
v_8d8f976646,/news/new-space-telescope-images,2026-09-07 17:29:19,,
v_be23f194af,/subscribe,2026-09-07 17:34:10,,
v_add7bfe4b9,/,2026-09-07 17:37:45,,
v_add7bfe4b9,/subscribe,2026-09-07 17:49:25,,
v_a895fd265a,/news/church-attendance-study,2026-09-07 17:51:54,,
v_669260cae4,/subscribe,2026-09-07 17:55:12,,ben.reed37@hotmail.com
v_19799ee79e,/shadrachs-picks,2026-09-07 18:01:32,,
v_fca1816562,/subscribe,2026-09-07 18:20:07,twitter,david.phillips489@gmail.com
v_9bc6b2ff5e,/,2026-09-07 18:23:02,,
v_aa6fabe6f6,/beliefs,2026-09-07 18:34:02,,
v_b78964135e,/news/church-attendance-study,2026-09-07 18:39:32,instagram,
v_001b24b641,/news/supreme-court-ruling-explained,2026-09-07 18:56:57,,
v_73062c2073,/,2026-09-07 19:00:36,google,
v_0fc950f066,/news/new-space-telescope-images,2026-09-07 19:02:45,referral,
v_b78964135e,/subscribe,2026-09-07 19:03:32,,
v_6dc605daeb,/subscribe,2026-09-07 19:20:18,,
v_22dbb5da70,/about,2026-09-07 19:44:38,,
v_7e07330f2a,/subscribe,2026-09-07 19:45:50,google,
v_ccd2725577,/subscribe,2026-09-07 20:45:45,,
v_f1fd20f107,/,2026-09-07 22:08:49,,
v_3f9df59a3f,/shadrachs-picks,2026-09-07 22:09:25,,
v_e2a969a223,/,2026-09-07 22:31:20,,
v_fcac72628b,/beliefs,2026-09-07 22:54:00,,
v_243541fd38,/,2026-09-07 23:10:09,,
v_ab34ed9837,/subscribe,2026-09-07 23:46:09,,
v_d2ff000d37,/news/housing-market-cooldown,2026-09-07 23:47:33,,
v_eea702de9e,/,2026-09-08 00:06:36,,
v_668d78cd34,/,2026-09-08 00:13:16,,
v_b05c8310bc,/,2026-09-08 00:17:16,instagram,
v_22dbb5da70,/news/church-attendance-study,2026-09-08 00:28:45,,
v_1d369214f5,/news/what-is-happening-in-sudan,2026-09-08 00:29:28,,
v_b05c8310bc,/,2026-09-08 00:30:16,,
v_84b713dbd6,/,2026-09-08 00:34:26,,
v_ed4b5ea78f,/subscribe,2026-09-08 00:42:58,,
v_cb3d4259af,/,2026-09-08 00:45:41,,
v_b05c8310bc,/,2026-09-08 00:54:16,,
v_b78964135e,/subscribe,2026-09-08 00:54:32,,hannah.cook255@gmail.com
v_e8e7bc6f5a,/about,2026-09-08 00:54:47,instagram,
v_03034a9824,/subscribe,2026-09-08 01:36:03,facebook,ellie.smith647@gmail.com
v_cca2c3705e,/about,2026-09-08 01:56:19,,
v_19a95f120a,/news/midterm-primaries-recap,2026-09-08 02:14:33,,
v_849451c7f9,/,2026-09-08 02:26:06,,
v_7af1da5e1d,/about,2026-09-08 02:34:45,,
v_91247b668b,/subscribe,2026-09-08 03:04:28,,
v_9076e5facd,/,2026-09-08 03:18:46,,
v_0e2ac6744d,/,2026-09-08 03:32:08,,
v_c365b84643,/our-staff,2026-09-08 03:44:56,instagram,
v_8ec1dd37cd,/news/what-is-happening-in-sudan,2026-09-08 03:47:43,,
v_4abe229b32,/subscribe,2026-09-08 04:05:26,,
v_d6770c2c32,/about,2026-09-08 04:06:59,,
v_df22a2368c,/shadrachs-picks,2026-09-08 04:17:59,instagram,
v_0fc950f066,/subscribe,2026-09-08 04:32:45,,naomi.campbell294@protonmail.com
v_d322703310,/news/what-is-happening-in-sudan,2026-09-08 04:51:25,,
v_0cf0f47950,/news/midterm-primaries-recap,2026-09-08 05:11:40,,
v_ffa5c69a8b,/,2026-09-08 05:16:52,google,
v_42009b8059,/news/midterm-primaries-recap,2026-09-08 05:27:03,,
v_e8e7bc6f5a,/subscribe,2026-09-08 05:39:47,,JULIA.HALL818@GMAIL.COM
v_3de0ba6720,/about,2026-09-08 05:53:32,,
v_4f8d32bd91,/news/world-series-preview,2026-09-08 05:55:48,,
v_6f3d7aaa06,/news/housing-market-cooldown,2026-09-08 06:03:32,,
v_31e6f0e594,/,2026-09-08 06:28:29,,
v_b70d0713a5,/news/supreme-court-ruling-explained,2026-09-08 06:37:07,facebook,
v_371800c7aa,/our-staff,2026-09-08 06:46:40,,
v_654c54987c,/news/midterm-primaries-recap,2026-09-08 06:51:07,,
v_5b16198a7b,/news/ai-regulation-bill,2026-09-08 07:14:59,,
v_b0b2083034,/subscribe,2026-09-08 07:23:13,,
v_be23f194af,/,2026-09-08 07:37:53,,
v_b05c8310bc,/subscribe,2026-09-08 07:49:16,,luke.cooper328@gmail.com
v_78b90368a9,/,2026-09-08 07:59:26,,
v_0ab98ec1aa,/beliefs,2026-09-08 08:27:53,,
v_335b8c0826,/subscribe,2026-09-08 08:50:13,,
v_3d523ae5e4,/subscribe,2026-09-08 09:16:49,,
v_62dbe0645d,/news/supreme-court-ruling-explained,2026-09-08 09:22:32,referral,
v_7e2a904369,/news/supreme-court-ruling-explained,2026-09-08 09:41:14,instagram,
v_1dd3c72b63,/news/hurricane-season-update,2026-09-08 09:50:59,,
v_1d369214f5,/subscribe,2026-09-08 09:57:03,,
v_62dbe0645d,/news/church-attendance-study,2026-09-08 10:02:32,,
v_6ace693385,/,2026-09-08 10:06:17,instagram,
v_edc835dd9b,/beliefs,2026-09-08 10:27:08,,
v_0d35f7999a,/news/federal-budget-standoff,2026-09-08 10:30:39,facebook,
v_1b36799123,/news/housing-market-cooldown,2026-09-08 10:36:50,,
v_04d012fb3f,/about,2026-09-08 11:11:02,,
v_5fff5f80e0,/about,2026-09-08 11:11:51,facebook,
v_3d523ae5e4,/,2026-09-08 11:12:06,,
v_09c6b17146,/news/ai-regulation-bill,2026-09-08 11:15:34,,
v_c844735e4c,/subscribe,2026-09-08 11:24:06,,
v_5fff5f80e0,/news/federal-budget-standoff,2026-09-08 11:38:51,,
v_85d2f41134,/news/world-series-preview,2026-09-08 11:39:17,,
v_26e2abecf7,/,2026-09-08 11:56:30,,
v_e92c01b348,/news/new-space-telescope-images,2026-09-08 12:13:27,,
v_2604efe7e4,/beliefs,2026-09-08 12:29:11,,
v_6fae6598d1,/,2026-09-08 12:36:00,google,
v_df22a2368c,/subscribe,2026-09-08 12:39:59,,NAOMI.NELSON453@GMAIL.COM
v_95d83a0f6b,/news/ai-regulation-bill,2026-09-08 13:10:55,,
v_3d3e1eede4,/news/supreme-court-ruling-explained,2026-09-08 13:15:05,referral,
v_2165c30c33,/,2026-09-08 13:17:06,,
v_345cf94411,/shadrachs-picks,2026-09-08 13:18:48,google,
v_25881234fd,/news/federal-budget-standoff,2026-09-08 13:22:16,,
v_3d3e1eede4,/shadrachs-picks,2026-09-08 13:31:05,,
v_3d3e1eede4,/subscribe,2026-09-08 13:54:05,,
v_534de4c577,/about,2026-09-08 13:55:14,,
v_4a9f4ded7b,/news/new-space-telescope-images,2026-09-08 14:03:48,,
v_e0389cbc77,/about,2026-09-08 14:04:44,,
v_c9147ac777,/news/federal-budget-standoff,2026-09-08 14:05:40,,
v_5ba659e9f2,/,2026-09-08 14:06:56,,
v_27f62031b7,/,2026-09-08 14:12:52,,
v_5b16198a7b,/news/federal-budget-standoff,2026-09-08 14:31:19,,
v_024a4658f4,/subscribe,2026-09-08 14:31:25,,
v_354ee44fb8,/news/housing-market-cooldown,2026-09-08 14:39:08,,
v_0d35f7999a,/subscribe,2026-09-08 14:49:39,,leah.clark402@outlook.com
v_3cc702765c,/,2026-09-08 14:56:41,referral,
v_0e075576aa,/,2026-09-08 15:20:58,,
v_a713b48984,/news/midterm-primaries-recap,2026-09-08 15:25:39,,
v_3789ab8d76,/,2026-09-08 15:28:05,,
v_6bc0201505,/beliefs,2026-09-08 15:46:37,,
v_62dbe0645d,/subscribe,2026-09-08 16:16:32,,ethan.allen457@hotmail.com
v_19199d17f7,/subscribe,2026-09-08 16:42:08,,
v_9b1fe99536,/,2026-09-08 16:44:21,,
v_2f5e616080,/news/midterm-primaries-recap,2026-09-08 16:47:00,,
v_41b3deef0a,/,2026-09-08 16:52:27,,
v_4a9f4ded7b,/,2026-09-08 17:05:35,,
v_21d068ad64,/news/housing-market-cooldown,2026-09-08 17:15:04,,
v_d70583d0be,/subscribe,2026-09-08 17:29:19,,
v_f973b0b7e9,/subscribe,2026-09-08 17:31:09,,
v_c7f0df008a,/about,2026-09-08 17:36:55,,
v_7e2a904369,/subscribe,2026-09-08 17:39:14,,joy.miller191@gmail.com
v_d322703310,/our-staff,2026-09-08 17:42:01,,
v_3d3e1eede4,/subscribe,2026-09-08 17:44:05,,NAOMI.BROWN563@GMAIL.COM
v_4a9f4ded7b,/news/what-is-happening-in-sudan,2026-09-08 18:43:19,,
v_7d853a7321,/shadrachs-picks,2026-09-08 18:44:17,,
v_d322703310,/,2026-09-08 19:26:05,,
v_48ce71b2a5,/news/church-attendance-study,2026-09-08 19:37:57,,
v_5fff5f80e0,/subscribe,2026-09-08 19:39:51,,hope.king136@gmail.com
v_9a8dc7c327,/news/hurricane-season-update,2026-09-08 21:02:48,,
v_095ace483f,/beliefs,2026-09-08 21:08:33,,
v_534de4c577,/,2026-09-08 21:11:23,,
v_2aa7b7d911,/shadrachs-picks,2026-09-08 21:16:08,,
v_9ac38ac373,/subscribe,2026-09-08 21:27:01,,
v_f3d2d0c564,/subscribe,2026-09-08 21:32:01,,
v_7b132ce803,/subscribe,2026-09-08 21:32:14,,
v_27f62031b7,/news/housing-market-cooldown,2026-09-08 21:35:36,,
v_8483b92b77,/,2026-09-08 21:54:29,instagram,
v_c07181ac8c,/news/what-is-happening-in-sudan,2026-09-08 21:56:51,,
v_fc2d9e782e,/about,2026-09-08 21:59:36,,
v_42009b8059,/,2026-09-08 22:04:15,,
v_95f5c99ed6,/news/hurricane-season-update,2026-09-08 22:04:43,instagram,
v_6b46948d4a,/news/world-series-preview,2026-09-08 22:22:03,,
v_478b0f9bca,/news/new-space-telescope-images,2026-09-08 22:25:25,,
v_501a39825c,/about,2026-09-08 22:37:20,,
v_651468b50e,/subscribe,2026-09-08 22:39:49,,
v_61f9790c68,/beliefs,2026-09-08 22:56:34,,
v_e7a11519e7,/,2026-09-08 23:00:51,,
v_00aba104c8,/,2026-09-08 23:22:06,,
v_7adacab462,/shadrachs-picks,2026-09-08 23:34:04,instagram,
v_c2ea9fe2d0,/subscribe,2026-09-08 23:37:18,facebook,faith.lee834@gmail.com
v_1aad0959b2,/about,2026-09-08 23:40:02,,
v_7adacab462,/news/new-space-telescope-images,2026-09-08 23:55:04,,
v_fd10661b1e,/subscribe,2026-09-08 23:56:32,,
v_955dcfe0fa,/shadrachs-picks,2026-09-09 00:00:26,referral,
v_b52e1fbefe,/news/new-space-telescope-images,2026-09-09 00:23:52,google,
v_7adacab462,/beliefs,2026-09-09 00:24:04,,
v_dccdbeaeb8,/subscribe,2026-09-09 00:28:13,google,abigail.turner616@hotmail.com
v_3cc702765c,/subscribe,2026-09-09 00:28:41,,mark.bell640@gmail.com
v_c3e512b0f9,/news/federal-budget-standoff,2026-09-09 00:34:54,,
v_955dcfe0fa,/,2026-09-09 00:36:26,,
v_fdb37b7818,/,2026-09-09 00:37:46,,
v_aa233dda22,/subscribe,2026-09-09 00:39:11,facebook,
v_955dcfe0fa,/,2026-09-09 00:42:26,,
v_977f93a857,/news/church-attendance-study,2026-09-09 00:56:57,google,
v_d81c0b5379,/subscribe,2026-09-09 01:16:39,,
v_d2948d3d6c,/news/world-series-preview,2026-09-09 01:19:47,,
v_3ebd6b745e,/subscribe,2026-09-09 01:22:45,,
v_46eccd2728,/,2026-09-09 01:24:49,,
v_72a1d8ee1f,/,2026-09-09 01:31:59,,
v_d2948d3d6c,/subscribe,2026-09-09 01:39:47,,
v_d7d4e33051,/,2026-09-09 01:41:22,,
v_e01d1db698,/news/world-series-preview,2026-09-09 01:43:01,instagram,
v_21d068ad64,/subscribe,2026-09-09 01:44:30,,
v_d2948d3d6c,/news/new-space-telescope-images,2026-09-09 02:10:47,,
v_4c05884ce6,/beliefs,2026-09-09 02:15:35,,
v_53bd62cf06,/subscribe,2026-09-09 02:19:09,,
v_94653eb92f,/,2026-09-09 02:30:28,,
v_a5048fbbcd,/subscribe,2026-09-09 02:31:21,referral,laura.allen170@gmail.com
v_19f846108a,/news/hurricane-season-update,2026-09-09 02:34:44,,
v_cadbb58e2f,/about,2026-09-09 02:40:51,,
v_e01d1db698,/subscribe,2026-09-09 02:48:01,,laura.edwards632@gmail.com
v_7fd4ed9090,/subscribe,2026-09-09 02:52:18,,
v_6d964f9e32,/,2026-09-09 02:52:50,,
v_bd06c27ab6,/news/housing-market-cooldown,2026-09-09 02:54:32,,
v_d2948d3d6c,/subscribe,2026-09-09 02:57:47,,seth.cooper134@gmail.com
v_534de4c577,/news/hurricane-season-update,2026-09-09 03:05:40,,
v_c05bfbc834,/news/housing-market-cooldown,2026-09-09 03:11:35,,
v_19799ee79e,/news/ai-regulation-bill,2026-09-09 03:16:30,,
v_0886873037,/shadrachs-picks,2026-09-09 03:26:23,,
v_ca961e670e,/,2026-09-09 03:34:24,,
v_f8ee14f89e,/,2026-09-09 03:43:14,,
v_a895fd265a,/,2026-09-09 03:49:37,,
v_22b00f4e0e,/news/midterm-primaries-recap,2026-09-09 04:00:18,,
v_3245a27ef5,/news/ai-regulation-bill,2026-09-09 04:19:41,facebook,
v_4354256820,/,2026-09-09 04:51:06,,
v_915dfe9a74,/news/hurricane-season-update,2026-09-09 04:59:37,,
v_7f1a7f8b47,/,2026-09-09 05:01:49,referral,
v_714ecdfa4b,/,2026-09-09 05:04:35,instagram,
v_184bc66ed6,/news/housing-market-cooldown,2026-09-09 05:12:55,,
v_f973b0b7e9,/,2026-09-09 05:18:21,,
v_63d4f06261,/subscribe,2026-09-09 05:27:44,,
v_bbfbc182d0,/news/federal-budget-standoff,2026-09-09 05:34:31,,
v_2ea5daef72,/,2026-09-09 05:38:41,podcast,
v_f7107e9d1b,/subscribe,2026-09-09 05:47:24,,
v_d322703310,/shadrachs-picks,2026-09-09 05:59:03,,
v_7adacab462,/subscribe,2026-09-09 05:59:04,,sam.wilson620@outlook.com
v_128f3999d7,/,2026-09-09 06:02:13,,
v_26a29836ad,/news/world-series-preview,2026-09-09 06:06:53,,
v_6faeda3e33,/,2026-09-09 06:19:49,,
v_44ce9693fb,/news/midterm-primaries-recap,2026-09-09 06:38:54,instagram,
v_714ecdfa4b,/subscribe,2026-09-09 06:42:35,,LUKE.MURPHY384@HOTMAIL.COM
v_955dcfe0fa,/subscribe,2026-09-09 06:48:26,,peter.king91@gmail.com
v_8750310d08,/shadrachs-picks,2026-09-09 06:58:29,,
v_2165c30c33,/news/housing-market-cooldown,2026-09-09 07:01:08,,
v_6517cbb9eb,/news/ai-regulation-bill,2026-09-09 07:02:33,,
v_95f5c99ed6,/subscribe,2026-09-09 07:04:43,,josiah.campbell826@gmail.com
v_0f894e2ac8,/,2026-09-09 07:15:47,,
v_9ac38ac373,/,2026-09-09 07:18:05,,
v_8474ebb4c0,/news/housing-market-cooldown,2026-09-09 07:19:23,,
v_30f9034b9a,/shadrachs-picks,2026-09-09 07:40:07,,
v_5f397264dd,/news/ai-regulation-bill,2026-09-09 07:40:30,google,
v_c53d909222,/,2026-09-09 07:54:32,,
v_714ecdfa4b,/,2026-09-09 08:21:10,,
v_fd5d5645c7,/,2026-09-09 08:30:41,,
v_33dc6e526b,/news/midterm-primaries-recap,2026-09-09 08:34:47,facebook,
v_d875da7226,/news/housing-market-cooldown,2026-09-09 08:41:48,,
v_5f397264dd,/subscribe,2026-09-09 09:00:30,,sam.green798@gmail.com
v_33dc6e526b,/subscribe,2026-09-09 09:09:47,,ELLIE.MOORE787@GMAIL.COM
v_33dc6e526b,/,2026-09-09 09:14:47,,
v_2ea5daef72,/subscribe,2026-09-09 09:20:41,,emily.reed894@outlook.com
v_7f1a7f8b47,/subscribe,2026-09-09 09:20:49,,abigail.campbell81@yahoo.com
v_9312a661f2,/,2026-09-09 09:34:40,,
v_7b1d7904ad,/shadrachs-picks,2026-09-09 10:07:03,podcast,
v_1383fcbf3a,/news/hurricane-season-update,2026-09-09 10:22:14,,
v_7b1d7904ad,/news/church-attendance-study,2026-09-09 10:30:03,,
v_d2948d3d6c,/shadrachs-picks,2026-09-09 10:40:46,,
v_be004b6a7d,/news/church-attendance-study,2026-09-09 11:05:14,,
v_7b1d7904ad,/news/midterm-primaries-recap,2026-09-09 11:11:03,,
v_87e7734a2f,/news/what-is-happening-in-sudan,2026-09-09 11:12:33,,
v_62dbe0645d,/,2026-09-09 11:19:49,,
v_3cda0fa5cf,/,2026-09-09 11:21:17,,
v_1383fcbf3a,/,2026-09-09 11:23:29,,
v_2658f684f7,/our-staff,2026-09-09 11:30:55,,
v_e4ffea090c,/,2026-09-09 11:33:18,,
v_041a4c752f,/,2026-09-09 11:35:39,instagram,
v_3db8fd0b4d,/about,2026-09-09 12:04:29,,
v_e1346d0dff,/subscribe,2026-09-09 12:21:26,,
v_c543c7207c,/,2026-09-09 12:33:16,,
v_2ea5daef72,/news/ai-regulation-bill,2026-09-09 12:35:01,,
v_9ad01b6572,/news/ai-regulation-bill,2026-09-09 12:37:34,,
v_cd03cb9d8c,/shadrachs-picks,2026-09-09 12:48:27,instagram,
v_b05c8310bc,/beliefs,2026-09-09 13:15:43,,
v_75d326d905,/subscribe,2026-09-09 13:29:03,twitter,daniel.peterson540@gmail.com
v_262aace039,/news/world-series-preview,2026-09-09 13:40:47,,
v_2936ac3ecb,/,2026-09-09 13:43:16,,
v_f8a40dcce1,/news/ai-regulation-bill,2026-09-09 13:44:52,,
v_009a381ea1,/,2026-09-09 13:53:59,facebook,
v_654c54987c,/news/world-series-preview,2026-09-09 13:57:14,,
v_714ecdfa4b,/,2026-09-09 14:12:14,,
v_335b8c0826,/news/midterm-primaries-recap,2026-09-09 14:16:16,,
v_a8f5803604,/subscribe,2026-09-09 14:16:56,instagram,lydia.wilson733@outlook.com
v_501a39825c,/beliefs,2026-09-09 14:19:59,,
v_8474ebb4c0,/news/supreme-court-ruling-explained,2026-09-09 14:37:27,,
v_009a381ea1,/subscribe,2026-09-09 15:12:59,,RUTH.WILSON904@GMAIL.COM
v_68c8c5d741,/news/federal-budget-standoff,2026-09-09 15:22:42,,
v_21d068ad64,/news/hurricane-season-update,2026-09-09 16:15:39,,
v_93b660d717,/subscribe,2026-09-09 16:34:13,,
v_134ec75f74,/,2026-09-09 16:47:56,,
v_74688253f3,/news/world-series-preview,2026-09-09 17:32:32,facebook,
v_74688253f3,/news/midterm-primaries-recap,2026-09-09 17:34:32,,
v_704068a72a,/subscribe,2026-09-09 17:56:59,,
v_1c7c8e4c58,/subscribe,2026-09-09 18:05:27,,
v_111c86a4aa,/subscribe,2026-09-09 18:26:57,,
v_b0b2083034,/news/housing-market-cooldown,2026-09-09 19:04:26,,
v_041a4c752f,/subscribe,2026-09-09 19:07:39,,joshua.martin579@gmail.com
v_654c54987c,/news/new-space-telescope-images,2026-09-09 19:19:08,,
v_7b1d7904ad,/subscribe,2026-09-09 19:22:03,,ANNA.BELL139@PROTONMAIL.COM
v_892cce233d,/about,2026-09-09 19:24:50,,
v_ef1c496495,/our-staff,2026-09-09 19:35:50,,
v_b2ab4c654e,/,2026-09-09 19:47:21,,
v_85d2f41134,/,2026-09-09 19:53:42,,
v_e307df7b1b,/news/church-attendance-study,2026-09-09 20:18:57,,
v_e28cd8a661,/news/supreme-court-ruling-explained,2026-09-09 20:26:05,,
v_1b050877fa,/,2026-09-09 20:57:56,referral,
v_1b050877fa,/shadrachs-picks,2026-09-09 21:14:56,,
v_31499bda40,/,2026-09-09 21:24:46,,
v_b2ecd29adf,/,2026-09-09 21:30:59,,
v_56859fd609,/beliefs,2026-09-09 22:05:57,,
v_74688253f3,/subscribe,2026-09-09 22:18:32,,eli.murphy686@protonmail.com
v_b522488229,/subscribe,2026-09-09 22:18:52,,
v_42d7d2ed3d,/news/midterm-primaries-recap,2026-09-09 22:31:41,referral,
v_2f5e616080,/about,2026-09-09 22:50:28,,
v_a8f5803604,/about,2026-09-09 22:57:28,,
v_2ea5daef72,/subscribe,2026-09-09 23:02:41,,
v_9c5c67fe12,/subscribe,2026-09-09 23:10:12,,
v_42d7d2ed3d,/subscribe,2026-09-09 23:11:41,,matthew.collins3@gmail.com
v_26e2abecf7,/news/hurricane-season-update,2026-09-09 23:14:29,,
v_6127712ba0,/,2026-09-09 23:18:01,,
v_95d83a0f6b,/news/new-space-telescope-images,2026-09-09 23:20:24,,
v_f98911dd6d,/news/midterm-primaries-recap,2026-09-09 23:27:04,,
v_6517cbb9eb,/,2026-09-10 00:04:49,,
v_87e7734a2f,/subscribe,2026-09-10 00:06:52,,
v_87e7734a2f,/about,2026-09-10 00:18:10,,
v_94653eb92f,/,2026-09-10 00:55:04,,
v_e7a11519e7,/,2026-09-10 01:08:21,,
v_21d068ad64,/,2026-09-10 01:09:22,,
v_2b22fc177d,/news/world-series-preview,2026-09-10 01:11:14,,
v_1768729237,/subscribe,2026-09-10 01:31:49,,
v_68761f5bd1,/about,2026-09-10 01:36:46,,
v_c6b0ce6261,/shadrachs-picks,2026-09-10 01:44:47,instagram,
v_9bc6b2ff5e,/beliefs,2026-09-10 01:49:59,,
v_eda51c124d,/subscribe,2026-09-10 02:06:24,,
v_c48692878d,/,2026-09-10 02:23:09,,
v_b52e1fbefe,/subscribe,2026-09-10 02:34:52,,
v_e7a11519e7,/,2026-09-10 02:46:06,,
v_c6b0ce6261,/subscribe,2026-09-10 02:58:47,,david.phillips424@gmail.com
v_f973b0b7e9,/news/ai-regulation-bill,2026-09-10 03:00:31,,
v_473051667f,/,2026-09-10 03:04:56,,
v_bbfbc182d0,/news/world-series-preview,2026-09-10 03:20:28,,
v_15d470f568,/news/world-series-preview,2026-09-10 04:27:38,instagram,
v_1b050877fa,/subscribe,2026-09-10 04:34:56,,sam.clark184@hotmail.com
v_e797baa104,/shadrachs-picks,2026-09-10 04:56:48,,
v_01388e2717,/beliefs,2026-09-10 05:19:10,,
v_612e417cfd,/about,2026-09-10 05:29:47,,
v_e542c8e9cd,/about,2026-09-10 05:31:48,google,
v_32ee968b02,/,2026-09-10 05:42:07,,
v_e4ffea090c,/about,2026-09-10 05:42:54,,
v_abb20713f2,/news/federal-budget-standoff,2026-09-10 06:01:22,,
v_7e4b7dba7f,/,2026-09-10 06:09:17,google,
v_d1ad6f95d5,/subscribe,2026-09-10 06:10:03,,naomi.baker104@gmail.com
v_e1346d0dff,/,2026-09-10 06:12:02,,
v_e92c01b348,/news/church-attendance-study,2026-09-10 06:14:33,,
v_594b6b2737,/shadrachs-picks,2026-09-10 06:28:56,google,
v_f3d2d0c564,/news/midterm-primaries-recap,2026-09-10 06:32:47,,
v_7e4b7dba7f,/news/housing-market-cooldown,2026-09-10 06:33:17,,
v_6ac35d598d,/news/ai-regulation-bill,2026-09-10 06:40:00,facebook,
v_94653eb92f,/news/what-is-happening-in-sudan,2026-09-10 06:45:22,,
v_6ac35d598d,/our-staff,2026-09-10 06:51:00,,
v_7e4b7dba7f,/news/midterm-primaries-recap,2026-09-10 07:00:17,,
v_4a9f4ded7b,/subscribe,2026-09-10 07:04:23,,
v_5dc471840c,/shadrachs-picks,2026-09-10 07:21:33,instagram,
v_5dc471840c,/,2026-09-10 07:22:33,,
v_136bdaa0b5,/our-staff,2026-09-10 07:44:02,google,
v_6e196f3f11,/shadrachs-picks,2026-09-10 07:52:04,,
v_bbfbc182d0,/about,2026-09-10 07:58:08,,
v_f3d2d0c564,/,2026-09-10 08:24:46,,
v_7bb0f467a8,/subscribe,2026-09-10 09:20:29,,
v_cb3d4259af,/subscribe,2026-09-10 09:23:25,,
v_d322703310,/news/federal-budget-standoff,2026-09-10 09:24:15,,
v_f8982d9299,/,2026-09-10 09:42:53,google,
v_15d470f568,/subscribe,2026-09-10 09:49:38,,nathan.garcia303@gmail.com
v_5e98bcc939,/,2026-09-10 09:51:23,,
v_2604efe7e4,/,2026-09-10 10:05:34,,
v_5f397264dd,/subscribe,2026-09-10 10:09:03,,
v_ddc503d9b6,/about,2026-09-10 10:26:21,,
v_f33a80e7e5,/,2026-09-10 10:28:39,,
v_7e2a904369,/news/federal-budget-standoff,2026-09-10 10:36:27,,
v_2ed50695f7,/,2026-09-10 10:58:05,,
v_42d7d2ed3d,/news/housing-market-cooldown,2026-09-10 11:21:07,,
v_5b16198a7b,/,2026-09-10 11:37:31,,
v_b28a1d9c13,/news/world-series-preview,2026-09-10 11:43:18,,
v_72a1d8ee1f,/news/federal-budget-standoff,2026-09-10 11:43:29,,
v_4a9f4ded7b,/,2026-09-10 11:46:36,,
v_8db98d64ba,/,2026-09-10 11:59:06,,
v_f7b563b4ea,/beliefs,2026-09-10 12:05:08,,
v_fb01d215b5,/news/midterm-primaries-recap,2026-09-10 12:19:27,,
v_41554f835e,/news/what-is-happening-in-sudan,2026-09-10 12:43:38,instagram,
v_1383fcbf3a,/,2026-09-10 12:55:33,,
v_8c90fbd524,/news/housing-market-cooldown,2026-09-10 13:17:41,instagram,
v_19199d17f7,/news/supreme-court-ruling-explained,2026-09-10 13:24:58,,
v_824691619c,/about,2026-09-10 13:28:38,,
v_bae8bff794,/subscribe,2026-09-10 13:33:07,,
v_8c90fbd524,/news/midterm-primaries-recap,2026-09-10 13:41:41,,
v_317d29b75a,/news/new-space-telescope-images,2026-09-10 13:45:45,,
v_edb53c619c,/news/world-series-preview,2026-09-10 14:11:40,,
v_7f5c539cfc,/shadrachs-picks,2026-09-10 14:23:29,,
v_8c90fbd524,/about,2026-09-10 14:23:41,,
v_4ebdc2ef61,/subscribe,2026-09-10 14:30:02,,ruth.nelson420@gmail.com
v_704068a72a,/subscribe,2026-09-10 14:41:43,,
v_6ac35d598d,/subscribe,2026-09-10 14:43:00,,BEN.ALLEN235@GMAIL.COM
v_09c6b17146,/,2026-09-10 15:03:13,,
v_638405c13b,/news/ai-regulation-bill,2026-09-10 15:05:15,,
v_38458fc902,/shadrachs-picks,2026-09-10 15:06:42,,
v_4a2a9ba3e9,/shadrachs-picks,2026-09-10 15:13:40,instagram,
v_33dc6e526b,/subscribe,2026-09-10 15:20:38,,
v_2f6658fc84,/,2026-09-10 15:22:07,,
v_7e4b7dba7f,/subscribe,2026-09-10 15:24:17,,eli.smith909@gmail.com
v_2f5e616080,/news/church-attendance-study,2026-09-10 15:43:06,,
v_5dc471840c,/subscribe,2026-09-10 16:01:33,,peter.morris436@icloud.com
v_7b184933da,/,2026-09-10 16:16:58,,
v_089af77012,/,2026-09-10 16:20:52,,
v_2eb83033ec,/,2026-09-10 16:27:14,,
v_1383fcbf3a,/,2026-09-10 16:39:33,,
v_e03ad7830e,/news/new-space-telescope-images,2026-09-10 17:02:52,,
v_089af77012,/news/what-is-happening-in-sudan,2026-09-10 17:14:46,,
v_a93f7a2dbe,/,2026-09-10 17:18:22,google,
v_8c90fbd524,/subscribe,2026-09-10 17:29:41,,chloe.lee587@outlook.com
v_a93f7a2dbe,/news/federal-budget-standoff,2026-09-10 17:48:22,,
v_22dbb5da70,/,2026-09-10 18:07:06,,
v_3231da2b1c,/about,2026-09-10 18:10:41,facebook,
v_52ef8fcf0b,/news/ai-regulation-bill,2026-09-10 18:12:07,instagram,
v_52ef8fcf0b,/news/ai-regulation-bill,2026-09-10 18:16:07,,
v_52ef8fcf0b,/news/ai-regulation-bill,2026-09-10 18:17:07,,
v_a93f7a2dbe,/,2026-09-10 18:30:22,,
v_8359c0d1fd,/subscribe,2026-09-10 18:33:37,google,
v_7d3ec24549,/news/new-space-telescope-images,2026-09-10 18:36:49,,
v_41b3deef0a,/news/ai-regulation-bill,2026-09-10 18:38:59,,
v_01a89a9795,/,2026-09-10 18:46:13,google,
v_31fe8e9078,/,2026-09-10 18:57:07,,
v_c46dcb6014,/subscribe,2026-09-10 18:59:47,,
v_01a89a9795,/subscribe,2026-09-10 19:20:13,,caleb.hall578@gmail.com
v_bd56764229,/news/midterm-primaries-recap,2026-09-10 19:27:19,referral,
v_d322703310,/about,2026-09-10 19:28:30,,
v_bd56764229,/,2026-09-10 19:47:19,,
v_add7bfe4b9,/news/world-series-preview,2026-09-10 19:58:47,,
v_56bf232526,/,2026-09-10 20:10:44,instagram,
v_d2948d3d6c,/news/midterm-primaries-recap,2026-09-10 20:19:48,,
v_bd56764229,/news/church-attendance-study,2026-09-10 20:23:19,,
v_56bf232526,/,2026-09-10 20:37:44,,
v_45f6e4a2c2,/news/what-is-happening-in-sudan,2026-09-10 20:49:35,,
v_8e9a56cdb6,/,2026-09-10 21:07:17,,
v_19199d17f7,/our-staff,2026-09-10 21:17:06,,
v_22b00f4e0e,/subscribe,2026-09-10 21:17:37,,
v_93a6213a5b,/,2026-09-10 21:48:57,facebook,
v_be35dcbc30,/about,2026-09-10 21:52:37,,
v_c7f0df008a,/news/federal-budget-standoff,2026-09-10 22:33:54,,
v_ae8cb9fd07,/subscribe,2026-09-10 22:39:31,,
v_591161b0fb,/about,2026-09-10 22:44:27,facebook,
v_6517cbb9eb,/,2026-09-10 22:47:31,,
v_f00b0b3453,/,2026-09-10 22:52:25,,
v_fc09f73d97,/news/church-attendance-study,2026-09-10 23:25:21,google,
v_f8b271928a,/about,2026-09-10 23:44:46,instagram,
v_56bf232526,/subscribe,2026-09-10 23:45:44,,olivia.smith217@gmail.com
v_f8b271928a,/,2026-09-10 23:45:46,,
v_f8b271928a,/news/supreme-court-ruling-explained,2026-09-10 23:49:46,,
v_3ae87fa5c9,/,2026-09-10 23:53:05,,
v_a06734aaa5,/subscribe,2026-09-11 00:10:24,,
v_654fcafd03,/,2026-09-11 00:29:19,instagram,
v_1b36799123,/,2026-09-11 00:34:25,,
v_bd56764229,/subscribe,2026-09-11 00:45:19,,julia.miller524@protonmail.com
v_5b16198a7b,/our-staff,2026-09-11 00:58:39,,
v_638405c13b,/subscribe,2026-09-11 01:02:19,,
v_b30e5ef27a,/news/what-is-happening-in-sudan,2026-09-11 01:16:06,instagram,
v_26e2abecf7,/,2026-09-11 01:19:46,,
v_f7b563b4ea,/,2026-09-11 01:19:47,,
v_21cd344ae3,/about,2026-09-11 01:24:26,,
v_8c90fbd524,/,2026-09-11 01:25:25,,
v_ba2dca792b,/subscribe,2026-09-11 01:27:35,instagram,aaron.moore592@yahoo.com
v_b30e5ef27a,/subscribe,2026-09-11 01:36:06,,
v_6538503b71,/subscribe,2026-09-11 01:40:33,instagram,sam.rogers905@protonmail.com
v_15d470f568,/,2026-09-11 01:50:43,,
v_a93f7a2dbe,/subscribe,2026-09-11 01:57:22,,michael.lewis119@gmail.com
v_52ef8fcf0b,/subscribe,2026-09-11 02:15:07,,joy.peterson504@protonmail.com
v_335b8c0826,/subscribe,2026-09-11 03:01:15,,
v_704068a72a,/news/church-attendance-study,2026-09-11 03:15:01,,
v_e797baa104,/news/church-attendance-study,2026-09-11 03:16:41,,
v_6517cbb9eb,/our-staff,2026-09-11 03:23:00,,
v_15752b6d09,/subscribe,2026-09-11 03:24:43,,
v_c236c7ad68,/shadrachs-picks,2026-09-11 03:36:07,,
v_da325bbd97,/beliefs,2026-09-11 03:44:41,,
v_d875da7226,/,2026-09-11 03:52:39,,
v_a072e2bb9d,/news/hurricane-season-update,2026-09-11 03:53:52,,
v_a072e2bb9d,/,2026-09-11 03:57:52,,
v_a072e2bb9d,/subscribe,2026-09-11 03:59:52,,
v_498eab1bff,/about,2026-09-11 04:05:52,,
v_766905a83d,/subscribe,2026-09-11 04:13:15,,
v_6788cd8198,/subscribe,2026-09-11 04:20:27,,
v_b220d8cafa,/shadrachs-picks,2026-09-11 04:36:05,facebook,
v_d7aaa58eee,/about,2026-09-11 04:44:27,google,
v_3f9df59a3f,/news/ai-regulation-bill,2026-09-11 04:51:18,,
v_36fc76336e,/beliefs,2026-09-11 04:52:28,,
v_33dc6e526b,/,2026-09-11 04:52:34,,
v_25d1ccb8f5,/news/federal-budget-standoff,2026-09-11 04:54:49,,
v_d7aaa58eee,/news/ai-regulation-bill,2026-09-11 05:03:27,,
v_f8b271928a,/subscribe,2026-09-11 05:10:46,,zoe.hall331@gmail.com
v_ab7de47cbd,/shadrachs-picks,2026-09-11 05:13:36,,
v_266423dfca,/about,2026-09-11 05:26:24,,
v_19f846108a,/,2026-09-11 05:36:56,,
v_db4fccfdd0,/,2026-09-11 05:44:13,,
v_89f077b252,/,2026-09-11 05:48:12,,
v_abb20713f2,/beliefs,2026-09-11 05:53:39,,
v_da1318d875,/news/midterm-primaries-recap,2026-09-11 06:16:38,,
v_32c6fd68cd,/about,2026-09-11 06:19:45,,
v_d7148f2a00,/shadrachs-picks,2026-09-11 06:57:32,podcast,
v_bf4aaaea68,/news/what-is-happening-in-sudan,2026-09-11 07:12:39,facebook,
v_ba6734a5ed,/shadrachs-picks,2026-09-11 07:28:35,instagram,
v_6d2f6b9c37,/news/housing-market-cooldown,2026-09-11 07:37:48,,
v_b496b4b547,/,2026-09-11 08:10:40,,
v_9cd1c66869,/news/new-space-telescope-images,2026-09-11 08:10:56,facebook,
v_a9a16cf393,/subscribe,2026-09-11 08:20:15,instagram,
v_b30e5ef27a,/subscribe,2026-09-11 08:21:06,,faith.hill75@gmail.com
v_d7aaa58eee,/subscribe,2026-09-11 08:25:27,,ANNA.ANDERSON74@OUTLOOK.COM
v_ff34828d10,/shadrachs-picks,2026-09-11 08:35:28,instagram,
v_a072e2bb9d,/subscribe,2026-09-11 08:37:52,,JACOB.WILSON836@GMAIL.COM
v_ba6734a5ed,/subscribe,2026-09-11 08:42:35,,chloe.miller488@hotmail.com
v_5d9976ea8b,/beliefs,2026-09-11 08:48:19,,
v_6ac35d598d,/news/hurricane-season-update,2026-09-11 09:16:44,,
v_c68a78fe2a,/news/ai-regulation-bill,2026-09-11 09:21:01,,
v_ff34828d10,/subscribe,2026-09-11 09:37:28,,LAURA.DAVIS38@GMAIL.COM
v_c68a78fe2a,/,2026-09-11 09:46:01,,
v_2dd7dcf2fe,/beliefs,2026-09-11 09:50:37,,
v_c68a78fe2a,/news/ai-regulation-bill,2026-09-11 09:55:01,,
v_3ae87fa5c9,/news/supreme-court-ruling-explained,2026-09-11 10:08:46,,
v_c68a78fe2a,/subscribe,2026-09-11 10:21:01,,KATE.MURPHY620@HOTMAIL.COM
v_60b25d6b86,/,2026-09-11 10:26:15,,
v_d19e0c944c,/news/supreme-court-ruling-explained,2026-09-11 10:30:53,facebook,
v_94653eb92f,/news/world-series-preview,2026-09-11 10:42:14,,
v_6f3d7aaa06,/news/federal-budget-standoff,2026-09-11 10:55:29,,
v_1028a63830,/news/new-space-telescope-images,2026-09-11 11:05:14,,
v_9ad1922b14,/news/housing-market-cooldown,2026-09-11 11:11:28,,
v_d19e0c944c,/news/housing-market-cooldown,2026-09-11 11:14:53,,
v_d7d4e33051,/news/supreme-court-ruling-explained,2026-09-11 11:26:37,,
v_8c90fbd524,/news/supreme-court-ruling-explained,2026-09-11 11:45:24,,
v_1dd3c72b63,/news/church-attendance-study,2026-09-11 11:45:52,,
v_c48692878d,/,2026-09-11 12:03:31,,
v_055d3cf55f,/news/ai-regulation-bill,2026-09-11 12:28:37,instagram,
v_94653eb92f,/,2026-09-11 12:43:07,,
v_d7148f2a00,/subscribe,2026-09-11 12:46:32,,grace.edwards291@gmail.com
v_ef3c1b6500,/about,2026-09-11 12:50:15,,
v_055d3cf55f,/news/what-is-happening-in-sudan,2026-09-11 12:58:37,,
v_243541fd38,/,2026-09-11 12:58:39,,
v_7f5c539cfc,/subscribe,2026-09-11 13:09:20,,
v_055d3cf55f,/news/federal-budget-standoff,2026-09-11 13:11:37,,
v_38458fc902,/about,2026-09-11 13:19:31,,
v_3f9df59a3f,/,2026-09-11 13:30:39,,
v_d19e0c944c,/subscribe,2026-09-11 13:35:53,,kate.mitchell454@protonmail.com
v_ba2dca792b,/shadrachs-picks,2026-09-11 13:42:16,,
v_2c4dbdfa34,/,2026-09-11 14:06:32,,
v_8750310d08,/,2026-09-11 14:11:16,,
v_b33c28a23b,/news/supreme-court-ruling-explained,2026-09-11 14:33:56,,
v_7f2a6ee255,/about,2026-09-11 14:39:39,podcast,
v_f1f70c089b,/subscribe,2026-09-11 14:46:20,,
v_385e8982f9,/shadrachs-picks,2026-09-11 14:48:06,instagram,
v_b142021511,/,2026-09-11 14:55:18,,
v_6d964f9e32,/subscribe,2026-09-11 14:59:30,,
v_f3d2d0c564,/subscribe,2026-09-11 15:11:34,,
v_25881234fd,/news/supreme-court-ruling-explained,2026-09-11 15:20:26,,
v_8a19183f87,/news/midterm-primaries-recap,2026-09-11 15:33:06,,
v_03d8a1f646,/news/midterm-primaries-recap,2026-09-11 15:39:19,,
v_864fcb72d6,/our-staff,2026-09-11 15:54:23,,
v_19199d17f7,/news/ai-regulation-bill,2026-09-11 15:55:29,,
v_9ac38ac373,/subscribe,2026-09-11 15:57:04,,
v_d7d4e33051,/about,2026-09-11 15:57:12,,
v_89c094d314,/,2026-09-11 16:04:26,,
v_6774dc6ee3,/news/federal-budget-standoff,2026-09-11 16:11:53,google,
v_56929cbb85,/news/what-is-happening-in-sudan,2026-09-11 16:18:18,,
v_c3e512b0f9,/subscribe,2026-09-11 16:18:55,,
v_d322703310,/news/hurricane-season-update,2026-09-11 16:22:25,,
v_bef2ce0bb3,/about,2026-09-11 16:35:07,,
v_6774dc6ee3,/,2026-09-11 16:41:53,,
v_6774dc6ee3,/news/world-series-preview,2026-09-11 16:43:53,,
v_89c094d314,/,2026-09-11 16:47:03,,
v_85821100c8,/,2026-09-11 16:53:13,google,
v_385e8982f9,/subscribe,2026-09-11 17:18:06,,isaac.bailey22@outlook.com
v_0680c2a41c,/,2026-09-11 17:18:19,,
v_d7148f2a00,/about,2026-09-11 17:18:24,,
v_335b8c0826,/subscribe,2026-09-11 17:35:55,,
v_ff34828d10,/subscribe,2026-09-11 17:46:18,,
v_1383fcbf3a,/,2026-09-11 17:47:16,,
v_498eab1bff,/about,2026-09-11 17:55:28,,
v_0aa162b85e,/news/hurricane-season-update,2026-09-11 17:57:24,instagram,
v_2f5e616080,/subscribe,2026-09-11 18:12:39,,
v_85d2f41134,/shadrachs-picks,2026-09-11 18:27:25,,
v_3d132cf075,/news/church-attendance-study,2026-09-11 18:45:09,,
v_53f97c801d,/news/hurricane-season-update,2026-09-11 19:08:31,,
v_915dfe9a74,/,2026-09-11 19:15:22,,
v_5096d06954,/shadrachs-picks,2026-09-11 19:16:48,,
v_7f2a6ee255,/subscribe,2026-09-11 19:28:39,,esther.roberts178@outlook.com
v_435aac79d7,/news/hurricane-season-update,2026-09-11 19:46:52,,
v_0aa162b85e,/subscribe,2026-09-11 19:54:24,,john.johnson116@protonmail.com
v_98e59b279e,/subscribe,2026-09-11 20:04:50,,
v_42009b8059,/subscribe,2026-09-11 20:27:20,,
v_603a8ea3a9,/,2026-09-11 20:36:26,facebook,
v_cb3d4259af,/news/hurricane-season-update,2026-09-11 20:40:26,,
v_be23f194af,/subscribe,2026-09-11 20:49:12,,
v_1dd3c72b63,/,2026-09-11 20:49:29,,
v_055d3cf55f,/subscribe,2026-09-11 20:54:37,,MEGAN.ADAMS664@GMAIL.COM
v_3f9df59a3f,/subscribe,2026-09-11 20:57:06,,
v_6538503b71,/subscribe,2026-09-11 21:11:53,,
v_c48692878d,/news/midterm-primaries-recap,2026-09-11 21:21:02,,
v_53bd62cf06,/news/ai-regulation-bill,2026-09-11 21:23:22,,
v_4e8cb2f403,/news/new-space-telescope-images,2026-09-11 22:04:25,,
v_0bc1e0ac66,/news/federal-budget-standoff,2026-09-11 22:10:16,,
v_ba2dca792b,/,2026-09-11 22:17:32,,
v_498eab1bff,/shadrachs-picks,2026-09-11 22:22:54,,
v_6517cbb9eb,/,2026-09-11 22:37:12,,
v_0aa162b85e,/,2026-09-11 23:14:23,,
v_1383fcbf3a,/beliefs,2026-09-11 23:32:10,,
v_52eec641f5,/news/federal-budget-standoff,2026-09-12 00:05:34,,
v_08f344785a,/news/church-attendance-study,2026-09-12 00:40:05,,
v_d8f21ae7e8,/news/supreme-court-ruling-explained,2026-09-12 00:50:06,,
v_80d279cc6b,/our-staff,2026-09-12 00:56:28,,
v_cb3d4259af,/subscribe,2026-09-12 00:56:36,,
v_91c41725f5,/news/what-is-happening-in-sudan,2026-09-12 01:11:24,facebook,
v_0edc47a664,/news/housing-market-cooldown,2026-09-12 01:14:26,instagram,
v_1f75a81a59,/news/housing-market-cooldown,2026-09-12 01:15:43,,
v_7b1e37d577,/about,2026-09-12 01:27:26,,
v_3d55e1d787,/news/ai-regulation-bill,2026-09-12 01:31:00,,
v_6774dc6ee3,/subscribe,2026-09-12 01:48:53,,CHLOE.SCOTT301@GMAIL.COM
v_25ae9e9c9d,/,2026-09-12 01:49:52,,
v_e01d1db698,/news/housing-market-cooldown,2026-09-12 02:10:35,,
v_5462e8cff7,/news/federal-budget-standoff,2026-09-12 02:21:48,,
v_a8f5803604,/beliefs,2026-09-12 02:28:01,,
v_358eedbac8,/news/housing-market-cooldown,2026-09-12 02:29:29,,
v_28d83ebe0a,/,2026-09-12 02:44:58,referral,
v_f3d2d0c564,/news/federal-budget-standoff,2026-09-12 02:59:23,,
v_ccd68ff1e3,/news/federal-budget-standoff,2026-09-12 03:05:42,,
v_03d8a1f646,/our-staff,2026-09-12 03:08:21,,
v_c952d2eab1,/shadrachs-picks,2026-09-12 03:20:37,,
v_81a2430425,/subscribe,2026-09-12 03:22:48,referral,ruth.morgan358@gmail.com
v_7a3029a0dd,/,2026-09-12 03:29:37,,
v_62dbe0645d,/news/world-series-preview,2026-09-12 03:32:13,,
v_6e8727586e,/news/midterm-primaries-recap,2026-09-12 03:37:41,,
v_243541fd38,/,2026-09-12 04:01:17,,
v_e48d211fc3,/news/new-space-telescope-images,2026-09-12 04:05:28,,
v_1cf26afa62,/news/hurricane-season-update,2026-09-12 04:21:24,,
v_25cacc2463,/about,2026-09-12 04:48:08,referral,
v_99a2952a98,/about,2026-09-12 04:49:24,,
v_d7d4e33051,/shadrachs-picks,2026-09-12 04:58:29,,
v_a751e8e247,/,2026-09-12 05:14:46,,
v_25cacc2463,/subscribe,2026-09-12 05:18:08,,
v_99a2952a98,/subscribe,2026-09-12 05:31:30,,
v_b17cfab4a0,/news/hurricane-season-update,2026-09-12 05:45:02,,
v_b30e5ef27a,/news/ai-regulation-bill,2026-09-12 05:54:11,,
v_d59c1c8d5a,/subscribe,2026-09-12 05:59:10,google,ellie.morris506@outlook.com
v_80d279cc6b,/,2026-09-12 06:05:46,,
v_41404619b6,/about,2026-09-12 06:09:53,,
v_638405c13b,/shadrachs-picks,2026-09-12 06:28:25,,
v_bf856dfd0d,/news/midterm-primaries-recap,2026-09-12 06:36:43,instagram,
v_add7bfe4b9,/subscribe,2026-09-12 06:38:30,,
v_5048132704,/subscribe,2026-09-12 06:54:22,google,sarah.walker319@icloud.com
v_57c13b3631,/news/supreme-court-ruling-explained,2026-09-12 06:58:32,,
v_654c54987c,/,2026-09-12 07:18:22,,
v_087f16ff95,/beliefs,2026-09-12 07:20:08,,
v_d1ad6f95d5,/news/federal-budget-standoff,2026-09-12 07:28:09,,
v_ba2dca792b,/news/hurricane-season-update,2026-09-12 07:36:23,,
v_85d2f41134,/news/federal-budget-standoff,2026-09-12 07:49:12,,
v_c48692878d,/shadrachs-picks,2026-09-12 07:55:19,,
v_e022811cc4,/,2026-09-12 08:00:04,referral,
v_0d35f7999a,/,2026-09-12 08:04:05,,
v_e022811cc4,/,2026-09-12 08:10:04,,
v_faa1f0e5ef,/,2026-09-12 08:12:18,,
v_7f5c539cfc,/subscribe,2026-09-12 08:21:50,,
v_7e2a904369,/shadrachs-picks,2026-09-12 08:24:48,,
v_abb20713f2,/subscribe,2026-09-12 08:46:55,,
v_0d35f7999a,/beliefs,2026-09-12 08:56:21,,
v_b08108eab8,/news/housing-market-cooldown,2026-09-12 08:59:25,,
v_714ecdfa4b,/,2026-09-12 09:45:12,,
v_714ecdfa4b,/,2026-09-12 09:51:31,,
v_91c41725f5,/subscribe,2026-09-12 09:52:24,,chloe.jones956@hotmail.com
v_b797c47bbd,/subscribe,2026-09-12 10:02:14,,
v_56859fd609,/,2026-09-12 10:04:47,google,
v_25d1ccb8f5,/news/ai-regulation-bill,2026-09-12 10:17:30,,
v_d7ce722f7d,/,2026-09-12 10:21:01,instagram,
v_3f69032290,/,2026-09-12 10:27:07,,
v_095ace483f,/,2026-09-12 10:28:16,,
v_fd5d5645c7,/subscribe,2026-09-12 10:35:53,,
v_d7ce722f7d,/our-staff,2026-09-12 10:36:01,,
v_43b465dcfc,/news/supreme-court-ruling-explained,2026-09-12 10:42:16,google,
v_d7ce722f7d,/news/new-space-telescope-images,2026-09-12 10:44:01,,
v_f32232eb5d,/,2026-09-12 10:59:30,,
v_a4e2f87078,/,2026-09-12 11:03:04,,
v_43b465dcfc,/,2026-09-12 11:08:16,,
v_0d35f7999a,/,2026-09-12 11:10:45,,
v_d7ce722f7d,/subscribe,2026-09-12 11:37:01,,isaac.taylor168@gmail.com
v_56596eda5f,/,2026-09-12 11:45:24,,
v_5048132704,/news/what-is-happening-in-sudan,2026-09-12 11:47:55,,
v_2165c30c33,/subscribe,2026-09-12 11:52:48,,
v_776c5d2b5c,/,2026-09-12 12:00:47,,
v_a06734aaa5,/about,2026-09-12 12:02:18,,
v_6eac046ad7,/news/federal-budget-standoff,2026-09-12 12:15:48,,
v_e022811cc4,/subscribe,2026-09-12 12:25:04,,abigail.stewart701@gmail.com
v_38dbe165e2,/news/supreme-court-ruling-explained,2026-09-12 12:28:18,instagram,
v_b9068ddb46,/subscribe,2026-09-12 12:32:34,,
v_38dbe165e2,/,2026-09-12 12:38:18,,
v_38dbe165e2,/news/housing-market-cooldown,2026-09-12 12:40:18,,
v_6bc0201505,/shadrachs-picks,2026-09-12 12:40:59,,
v_28d83ebe0a,/subscribe,2026-09-12 12:42:58,,david.johnson794@outlook.com
v_43b465dcfc,/subscribe,2026-09-12 12:45:16,,mark.turner935@outlook.com
v_66ebb57671,/news/church-attendance-study,2026-09-12 12:49:54,google,
v_2ea5daef72,/news/midterm-primaries-recap,2026-09-12 12:54:19,,
v_5362ccce19,/subscribe,2026-09-12 12:58:54,,joshua.nelson554@yahoo.com
v_9076e5facd,/,2026-09-12 13:03:43,,
v_25cacc2463,/subscribe,2026-09-12 13:23:08,,megan.collins805@icloud.com
v_16dd6014ca,/subscribe,2026-09-12 13:23:47,,
v_a3cf0923bb,/our-staff,2026-09-12 13:26:13,,
v_942f19637a,/news/what-is-happening-in-sudan,2026-09-12 13:36:24,,
v_d7ce722f7d,/,2026-09-12 13:51:46,,
v_d322703310,/news/midterm-primaries-recap,2026-09-12 13:53:43,,
v_4a9f4ded7b,/,2026-09-12 13:55:00,,
v_e797baa104,/,2026-09-12 14:08:58,,
v_6bc0201505,/news/what-is-happening-in-sudan,2026-09-12 14:46:05,,
v_12db8d977a,/news/supreme-court-ruling-explained,2026-09-12 14:56:13,,
v_b28a1d9c13,/subscribe,2026-09-12 15:05:02,,
v_776c5d2b5c,/,2026-09-12 15:20:06,,
v_575a2fd99d,/news/ai-regulation-bill,2026-09-12 15:29:51,,
v_3377afbc75,/,2026-09-12 15:46:59,referral,
v_94653eb92f,/beliefs,2026-09-12 15:52:14,,
v_75e92f9636,/news/church-attendance-study,2026-09-12 15:57:00,instagram,
v_edb53c619c,/news/ai-regulation-bill,2026-09-12 16:03:26,,
v_8d8f976646,/shadrachs-picks,2026-09-12 16:15:34,,
v_75e92f9636,/subscribe,2026-09-12 16:32:00,,
v_75e92f9636,/news/church-attendance-study,2026-09-12 16:50:00,,
v_6fb3939de7,/our-staff,2026-09-12 16:54:07,,
v_e82005c811,/news/housing-market-cooldown,2026-09-12 17:09:40,facebook,
v_131c3f6bfa,/,2026-09-12 17:27:51,,
v_a93c9eef94,/news/supreme-court-ruling-explained,2026-09-12 17:37:25,referral,
v_e82005c811,/,2026-09-12 17:45:40,,
v_1d233d65c1,/,2026-09-12 18:05:51,,
v_e7a11519e7,/news/hurricane-season-update,2026-09-12 18:08:14,,
v_c9147ac777,/,2026-09-12 18:10:23,,
v_8474ebb4c0,/our-staff,2026-09-12 18:17:21,,
v_776c5d2b5c,/,2026-09-12 18:32:50,,
v_3f9df59a3f,/subscribe,2026-09-12 18:41:31,,
v_3377afbc75,/subscribe,2026-09-12 18:48:59,,paul.king678@icloud.com
v_1a23411cac,/news/federal-budget-standoff,2026-09-12 19:31:20,,
v_25ae9e9c9d,/news/what-is-happening-in-sudan,2026-09-12 19:36:48,,
v_3d523ae5e4,/shadrachs-picks,2026-09-12 19:49:53,,
v_75e92f9636,/subscribe,2026-09-12 19:59:00,,michael.bell480@hotmail.com
v_e82005c811,/subscribe,2026-09-12 20:02:40,,kate.adams194@hotmail.com
v_54ccefd725,/,2026-09-12 20:03:38,,
v_841c8bff33,/,2026-09-12 20:09:14,,
v_d7148f2a00,/news/world-series-preview,2026-09-12 20:12:52,,
v_b30e5ef27a,/news/supreme-court-ruling-explained,2026-09-12 20:25:57,,
v_68761f5bd1,/subscribe,2026-09-12 20:30:54,,
v_23a872f802,/news/housing-market-cooldown,2026-09-12 20:31:34,,
v_e94d7bc1c0,/,2026-09-12 20:31:51,,
v_b2ecd29adf,/about,2026-09-12 20:32:19,,
v_38dbe165e2,/subscribe,2026-09-12 20:55:18,,eli.lewis460@hotmail.com
v_2c509c08f0,/,2026-09-12 21:05:12,,
v_add7bfe4b9,/shadrachs-picks,2026-09-12 21:11:13,,
v_955dcfe0fa,/news/supreme-court-ruling-explained,2026-09-12 21:15:51,,
v_fddfceced8,/news/ai-regulation-bill,2026-09-12 21:43:50,facebook,
v_4c56d8d94b,/news/supreme-court-ruling-explained,2026-09-12 21:55:45,referral,
v_32afc6e3ac,/news/ai-regulation-bill,2026-09-12 22:06:40,facebook,
v_779ce321be,/subscribe,2026-09-12 22:07:23,,
v_534de4c577,/about,2026-09-12 22:11:08,,
v_4c56d8d94b,/about,2026-09-12 22:14:45,,
v_76a6517f92,/,2026-09-12 22:26:33,instagram,
v_498eab1bff,/subscribe,2026-09-12 22:29:35,,
v_4c56d8d94b,/news/church-attendance-study,2026-09-12 22:38:45,,
v_4c56d8d94b,/subscribe,2026-09-12 22:39:45,,chloe.martin834@hotmail.com
v_4396b0a049,/news/ai-regulation-bill,2026-09-12 22:42:09,,
v_7f1a7f8b47,/news/world-series-preview,2026-09-12 22:43:05,,
v_32afc6e3ac,/,2026-09-12 22:45:40,,
v_35a203a45a,/,2026-09-12 22:50:06,,
v_a9074a4fdb,/beliefs,2026-09-12 22:59:36,,
v_bbd08b83dc,/,2026-09-12 23:24:49,,
v_5b75b5f7dc,/news/hurricane-season-update,2026-09-12 23:58:12,,
v_be23f194af,/subscribe,2026-09-12 23:58:14,,
v_714ecdfa4b,/,2026-09-13 00:09:13,,
v_e4387cf95a,/subscribe,2026-09-13 00:10:11,,
v_e82005c811,/subscribe,2026-09-13 00:12:26,,
v_76a6517f92,/subscribe,2026-09-13 00:15:33,,grace.wilson712@outlook.com
v_2ea5daef72,/,2026-09-13 00:56:52,,
v_a7aeeaad69,/news/housing-market-cooldown,2026-09-13 01:10:03,,
v_7d3ec24549,/beliefs,2026-09-13 01:38:43,,
v_3d55e1d787,/news/federal-budget-standoff,2026-09-13 01:45:26,,
v_a93c9eef94,/subscribe,2026-09-13 01:50:25,,jacob.wilson744@yahoo.com
v_12db8d977a,/,2026-09-13 01:52:12,,
v_bbfbc182d0,/,2026-09-13 01:56:53,,
v_4f425c8f45,/subscribe,2026-09-13 01:57:18,instagram,eli.lee252@gmail.com
v_4a925757f4,/about,2026-09-13 01:58:32,,
v_c68a78fe2a,/shadrachs-picks,2026-09-13 02:27:51,,
v_53b90a2cc4,/news/church-attendance-study,2026-09-13 02:37:59,,
v_be35dcbc30,/,2026-09-13 02:45:27,,
v_0f3b9c4fd2,/news/new-space-telescope-images,2026-09-13 02:57:41,,
v_d12bb38997,/news/supreme-court-ruling-explained,2026-09-13 03:03:35,google,
v_1b050877fa,/news/federal-budget-standoff,2026-09-13 03:11:35,,
v_146a80b5f4,/news/midterm-primaries-recap,2026-09-13 03:26:37,,
v_32afc6e3ac,/subscribe,2026-09-13 04:06:40,,leah.carter263@icloud.com
v_e42937e30d,/subscribe,2026-09-13 04:07:19,instagram,julia.peterson304@protonmail.com
v_c0fa3bae90,/news/hurricane-season-update,2026-09-13 04:07:58,google,
v_3d523ae5e4,/,2026-09-13 04:17:46,,
v_0853cef2a2,/subscribe,2026-09-13 04:36:55,instagram,jacob.carter923@yahoo.com
v_776c5d2b5c,/,2026-09-13 04:40:59,,
v_09c6b17146,/our-staff,2026-09-13 04:50:52,,
v_27f62031b7,/about,2026-09-13 04:58:13,,
v_a93c9eef94,/,2026-09-13 05:09:22,,
v_5c9e73535d,/shadrachs-picks,2026-09-13 05:15:33,facebook,
v_4092b03d85,/news/what-is-happening-in-sudan,2026-09-13 05:20:49,,
v_1804725ec0,/news/world-series-preview,2026-09-13 05:56:03,,
v_ff34828d10,/our-staff,2026-09-13 06:03:06,,
v_41554f835e,/news/what-is-happening-in-sudan,2026-09-13 06:20:59,facebook,
v_62dbe0645d,/news/new-space-telescope-images,2026-09-13 06:27:17,,
v_980f78a17b,/,2026-09-13 06:27:40,,
v_f08439d691,/subscribe,2026-09-13 06:57:06,podcast,john.turner397@icloud.com
v_d7ce722f7d,/,2026-09-13 07:11:17,,
v_be23f194af,/news/church-attendance-study,2026-09-13 07:34:30,,
v_db4fccfdd0,/beliefs,2026-09-13 08:11:55,,
v_ed53cf4b7b,/about,2026-09-13 08:17:30,,
v_6d5dc20ae6,/,2026-09-13 08:24:11,,
v_c1cccbfc9a,/news/new-space-telescope-images,2026-09-13 08:26:38,facebook,
v_b1709566cf,/news/housing-market-cooldown,2026-09-13 08:28:21,referral,
v_c16689f087,/news/federal-budget-standoff,2026-09-13 08:31:25,facebook,
v_0d35f7999a,/about,2026-09-13 08:34:14,,
v_503f9c38fd,/,2026-09-13 08:34:26,instagram,
v_c16689f087,/news/ai-regulation-bill,2026-09-13 08:37:25,,
v_31f4e2d936,/news/new-space-telescope-images,2026-09-13 08:50:17,twitter,
v_370b235d5e,/subscribe,2026-09-13 09:15:02,instagram,
v_c16689f087,/shadrachs-picks,2026-09-13 09:18:25,,
v_31f4e2d936,/,2026-09-13 09:19:17,,
v_ba2dca792b,/news/hurricane-season-update,2026-09-13 09:30:32,,
v_5be4a71254,/news/what-is-happening-in-sudan,2026-09-13 09:38:50,,
v_e197b9b65c,/news/what-is-happening-in-sudan,2026-09-13 09:42:30,,
v_febacd1baa,/our-staff,2026-09-13 09:46:38,,
v_31f4e2d936,/,2026-09-13 09:57:17,,
v_087f16ff95,/news/ai-regulation-bill,2026-09-13 10:05:34,,
v_b05c8310bc,/news/hurricane-season-update,2026-09-13 10:20:43,,
v_31f4e2d936,/subscribe,2026-09-13 10:52:17,,ellie.cooper342@gmail.com
v_df2611bd0f,/,2026-09-13 10:56:06,,
v_4a9f4ded7b,/,2026-09-13 11:06:15,,
v_73062c2073,/news/supreme-court-ruling-explained,2026-09-13 11:07:44,facebook,
v_abb20713f2,/,2026-09-13 11:08:05,,
v_714ecdfa4b,/shadrachs-picks,2026-09-13 11:26:30,,
v_c46dcb6014,/,2026-09-13 11:37:45,,
v_f49b591cb9,/,2026-09-13 11:51:46,google,
v_4b3f2a4662,/,2026-09-13 11:53:21,,
v_38458fc902,/,2026-09-13 11:57:10,,
v_4908818a3b,/news/what-is-happening-in-sudan,2026-09-13 12:03:25,facebook,
v_be23f194af,/news/ai-regulation-bill,2026-09-13 12:06:26,,
v_055d3cf55f,/about,2026-09-13 12:12:05,,
v_d12bb38997,/subscribe,2026-09-13 12:12:35,,luke.hill340@icloud.com
v_57c13b3631,/news/midterm-primaries-recap,2026-09-13 12:16:51,,
v_80ef88b085,/news/housing-market-cooldown,2026-09-13 12:19:21,,
v_335b8c0826,/beliefs,2026-09-13 12:21:40,,
v_7a3029a0dd,/news/midterm-primaries-recap,2026-09-13 12:30:13,,
v_b1709566cf,/subscribe,2026-09-13 12:34:21,,seth.jones677@icloud.com
v_1e9d8783c2,/shadrachs-picks,2026-09-13 12:40:27,,
v_9bc6b2ff5e,/news/supreme-court-ruling-explained,2026-09-13 13:05:00,,
v_942f19637a,/,2026-09-13 13:08:57,,
v_4396b0a049,/news/new-space-telescope-images,2026-09-13 13:35:47,,
v_1d369214f5,/news/world-series-preview,2026-09-13 13:54:33,,
v_575a2fd99d,/news/ai-regulation-bill,2026-09-13 13:56:21,,
v_317d29b75a,/,2026-09-13 14:15:49,,
v_0d35f7999a,/news/housing-market-cooldown,2026-09-13 14:32:50,,
v_b89e1e1157,/subscribe,2026-09-13 14:36:13,,
v_ba2dca792b,/beliefs,2026-09-13 14:38:56,,
v_942f19637a,/news/hurricane-season-update,2026-09-13 14:56:03,,
v_eeb5cfdba1,/subscribe,2026-09-13 14:57:52,,
v_5f6e4d3377,/news/federal-budget-standoff,2026-09-13 15:14:39,twitter,
v_5f6e4d3377,/,2026-09-13 15:17:39,,
v_4f425c8f45,/,2026-09-13 15:18:37,,
v_be23f194af,/news/what-is-happening-in-sudan,2026-09-13 15:30:55,,
v_7e2a904369,/news/housing-market-cooldown,2026-09-13 15:33:22,,
v_19f846108a,/,2026-09-13 15:44:19,,
v_6538503b71,/subscribe,2026-09-13 15:47:09,,
v_fd2f8df98e,/,2026-09-13 15:51:57,,
v_5f6e4d3377,/subscribe,2026-09-13 16:24:39,,HANNAH.MOORE450@YAHOO.COM
v_5f6e4d3377,/shadrachs-picks,2026-09-13 16:48:49,,
v_d7aaa58eee,/news/world-series-preview,2026-09-13 17:05:35,,
v_ae30eb9aee,/about,2026-09-13 17:08:25,,
v_8a19183f87,/news/midterm-primaries-recap,2026-09-13 17:14:27,,
v_c16689f087,/subscribe,2026-09-13 17:15:25,,LUKE.REED596@ICLOUD.COM
v_a06734aaa5,/news/what-is-happening-in-sudan,2026-09-13 17:18:17,,
v_0fc9e5156d,/subscribe,2026-09-13 17:24:34,,
v_9bc6b2ff5e,/beliefs,2026-09-13 17:30:16,,
v_a93c9eef94,/shadrachs-picks,2026-09-13 18:01:00,,
v_abadde4727,/,2026-09-13 18:01:54,instagram,
v_abadde4727,/,2026-09-13 18:11:54,,
v_2eb83033ec,/news/supreme-court-ruling-explained,2026-09-13 18:17:09,,
v_abadde4727,/,2026-09-13 18:34:54,,
v_c71839650b,/,2026-09-13 18:37:34,,
v_25cacc2463,/,2026-09-13 18:49:00,,
v_3371670765,/,2026-09-13 19:03:25,,
v_3476050c90,/news/church-attendance-study,2026-09-13 19:15:52,,
v_2c58c90882,/shadrachs-picks,2026-09-13 19:17:43,,
v_770c97095f,/subscribe,2026-09-13 19:21:30,,
v_3867a7cba4,/about,2026-09-13 19:25:26,google,
v_3867a7cba4,/,2026-09-13 19:55:26,,
v_654c54987c,/news/church-attendance-study,2026-09-13 19:57:08,,
v_928eceae31,/,2026-09-13 19:58:41,,
v_d6770c2c32,/,2026-09-13 20:00:12,,
v_abadde4727,/subscribe,2026-09-13 20:00:54,,hope.mitchell103@protonmail.com
v_3867a7cba4,/news/housing-market-cooldown,2026-09-13 20:14:26,,
v_9a2d648f44,/news/midterm-primaries-recap,2026-09-13 20:15:55,,
v_ba2dca792b,/beliefs,2026-09-13 20:22:10,,
v_6d964f9e32,/subscribe,2026-09-13 20:29:30,,
v_87e7734a2f,/news/hurricane-season-update,2026-09-13 20:45:21,,
v_54901a5e14,/subscribe,2026-09-13 20:50:16,instagram,lydia.williams4@gmail.com
v_ba2dca792b,/news/ai-regulation-bill,2026-09-13 20:53:46,,
v_955dcfe0fa,/subscribe,2026-09-13 20:55:21,,
v_ba2dca792b,/subscribe,2026-09-13 21:02:37,,
v_be35dcbc30,/news/world-series-preview,2026-09-13 21:03:36,,
v_c16689f087,/news/hurricane-season-update,2026-09-13 21:35:14,,
v_a895fd265a,/shadrachs-picks,2026-09-13 21:35:56,,
v_ba2dca792b,/,2026-09-13 21:53:52,,
v_cca89bc2db,/,2026-09-13 22:10:26,,
v_d322703310,/,2026-09-13 22:29:44,,
v_055d3cf55f,/news/federal-budget-standoff,2026-09-13 22:37:24,,
v_93b4b1c286,/news/supreme-court-ruling-explained,2026-09-13 22:39:46,podcast,
v_e542c8e9cd,/news/ai-regulation-bill,2026-09-13 22:45:56,,
v_19199d17f7,/news/new-space-telescope-images,2026-09-13 22:52:49,,
v_21551a402b,/subscribe,2026-09-13 22:57:19,,
v_21551a402b,/,2026-09-13 22:57:52,,
v_1c037423b6,/news/midterm-primaries-recap,2026-09-13 23:09:03,,
v_93b4b1c286,/news/new-space-telescope-images,2026-09-13 23:12:46,,
v_25cacc2463,/news/supreme-court-ruling-explained,2026-09-13 23:16:24,,
v_93b4b1c286,/news/midterm-primaries-recap,2026-09-13 23:27:46,,
v_054eb88e79,/,2026-09-13 23:29:43,instagram,
v_eea702de9e,/subscribe,2026-09-13 23:48:58,,
v_c080970980,/beliefs,2026-09-13 23:54:09,,
v_3867a7cba4,/subscribe,2026-09-14 00:11:26,,caleb.baker303@yahoo.com
v_30fd8ca55b,/news/midterm-primaries-recap,2026-09-14 00:27:28,,
v_93b4b1c286,/subscribe,2026-09-14 01:01:46,,emily.cooper914@gmail.com
v_e42937e30d,/beliefs,2026-09-14 01:11:58,,
v_72a1d8ee1f,/news/ai-regulation-bill,2026-09-14 01:18:38,,
v_fefafb0868,/news/supreme-court-ruling-explained,2026-09-14 01:24:14,,
v_3bf56a261e,/our-staff,2026-09-14 01:36:28,,
v_714ecdfa4b,/subscribe,2026-09-14 01:45:24,,
v_3867a7cba4,/our-staff,2026-09-14 02:21:06,,
v_19199d17f7,/shadrachs-picks,2026-09-14 02:32:47,,
v_1c037423b6,/,2026-09-14 02:38:22,,
v_bf33c46895,/,2026-09-14 02:39:15,,
v_d2948d3d6c,/subscribe,2026-09-14 02:43:36,,
v_1d369214f5,/news/new-space-telescope-images,2026-09-14 03:06:21,,
v_15f244bc92,/subscribe,2026-09-14 03:07:14,,
v_c9e136fd6d,/,2026-09-14 03:14:59,,
v_a072e2bb9d,/,2026-09-14 03:28:02,,
v_42009b8059,/,2026-09-14 03:33:23,,
v_a93c9eef94,/news/midterm-primaries-recap,2026-09-14 03:38:25,,
v_89c094d314,/beliefs,2026-09-14 03:49:29,,
v_89c094d314,/news/midterm-primaries-recap,2026-09-14 03:52:03,,
v_928eceae31,/,2026-09-14 04:01:49,,
v_8474ebb4c0,/news/what-is-happening-in-sudan,2026-09-14 04:03:08,,
v_d40ab0ab1d,/,2026-09-14 04:04:16,,
v_c51577d528,/news/world-series-preview,2026-09-14 04:29:25,instagram,
v_c51577d528,/news/church-attendance-study,2026-09-14 04:30:25,,
v_e022811cc4,/about,2026-09-14 04:43:27,,
v_c9b79b42b1,/subscribe,2026-09-14 04:56:20,facebook,laura.jones361@gmail.com
v_c51577d528,/,2026-09-14 05:04:25,,
v_d2e9b5cb87,/,2026-09-14 05:14:56,,
v_e18afa3ab6,/news/new-space-telescope-images,2026-09-14 05:25:14,facebook,
v_fd10661b1e,/our-staff,2026-09-14 05:31:15,,
v_94508c91ca,/shadrachs-picks,2026-09-14 05:34:34,facebook,
v_942f19637a,/shadrachs-picks,2026-09-14 05:39:14,,
v_94653eb92f,/,2026-09-14 05:56:25,,
v_aaa7dbab17,/,2026-09-14 05:59:26,,
v_120e968289,/our-staff,2026-09-14 06:15:59,google,
v_43ad2aa1bd,/subscribe,2026-09-14 06:17:25,facebook,
v_c51577d528,/subscribe,2026-09-14 06:20:25,,isaac.evans484@protonmail.com
v_054eb88e79,/subscribe,2026-09-14 06:28:43,,josiah.taylor774@gmail.com
v_4b69f5fa5d,/,2026-09-14 06:31:57,,
v_43b465dcfc,/,2026-09-14 06:55:49,,
v_5096d06954,/,2026-09-14 07:32:53,,
v_517aff1753,/shadrachs-picks,2026-09-14 07:35:55,,
v_df77a8cd78,/subscribe,2026-09-14 07:51:39,,anna.murphy764@yahoo.com
v_ab34ed9837,/,2026-09-14 07:52:07,,
v_83aed09cef,/,2026-09-14 07:54:04,,
v_72a1d8ee1f,/,2026-09-14 08:24:23,,
v_de549d03f2,/,2026-09-14 08:38:31,,
v_8db98d64ba,/news/ai-regulation-bill,2026-09-14 08:48:52,,
v_cdce77981f,/news/world-series-preview,2026-09-14 08:55:42,,
v_5db5140307,/subscribe,2026-09-14 08:57:35,,
v_1d369214f5,/news/housing-market-cooldown,2026-09-14 09:21:00,,
v_63397f6fe2,/beliefs,2026-09-14 09:27:31,,
v_5078eb2da4,/subscribe,2026-09-14 09:33:18,,
v_b9068ddb46,/about,2026-09-14 09:49:04,,
v_d6d24296b8,/about,2026-09-14 10:04:17,,
v_e0935ebbfd,/subscribe,2026-09-14 10:10:09,,
v_d2e9b5cb87,/,2026-09-14 10:17:44,,
v_54c857a735,/news/hurricane-season-update,2026-09-14 10:20:22,,
v_fefafb0868,/subscribe,2026-09-14 10:21:14,,lydia.wilson246@gmail.com
v_1c037423b6,/,2026-09-14 10:24:36,,
v_4a9f4ded7b,/,2026-09-14 10:28:58,,
v_8ec1dd37cd,/,2026-09-14 10:31:59,,
v_849451c7f9,/,2026-09-14 10:37:36,,
v_243541fd38,/,2026-09-14 10:45:05,,
v_0aa162b85e,/,2026-09-14 10:51:48,,
v_b96facae6f,/news/hurricane-season-update,2026-09-14 11:10:58,instagram,
v_ad23897001,/subscribe,2026-09-14 11:11:13,,
v_87e7734a2f,/news/midterm-primaries-recap,2026-09-14 11:35:06,,
v_bbfbc182d0,/news/midterm-primaries-recap,2026-09-14 11:40:03,,
v_bc2968c643,/news/midterm-primaries-recap,2026-09-14 12:02:45,,
v_b96facae6f,/subscribe,2026-09-14 12:04:58,,daniel.morris628@yahoo.com
v_83d84680f3,/news/church-attendance-study,2026-09-14 12:14:19,,
v_cb3d4259af,/about,2026-09-14 12:17:37,,
v_f973b0b7e9,/,2026-09-14 12:18:07,,
v_d7ce722f7d,/,2026-09-14 12:42:40,,
v_335b8c0826,/,2026-09-14 12:53:46,,
v_0c8c678ebf,/shadrachs-picks,2026-09-14 13:16:03,,
v_5bd4884d1e,/news/midterm-primaries-recap,2026-09-14 13:19:30,facebook,
v_a89beeeb4e,/news/supreme-court-ruling-explained,2026-09-14 13:21:26,,
v_1383fcbf3a,/news/world-series-preview,2026-09-14 13:27:13,,
v_1dd3c72b63,/,2026-09-14 14:08:46,,
v_144dc3b69b,/news/church-attendance-study,2026-09-14 14:22:12,,
v_e2dec877fa,/,2026-09-14 14:45:19,referral,
v_eb537e621c,/shadrachs-picks,2026-09-14 14:53:37,,
v_1a23411cac,/,2026-09-14 15:07:46,,
v_d7ce722f7d,/news/church-attendance-study,2026-09-14 15:22:17,,
v_1b36799123,/,2026-09-14 16:02:38,,
v_3867a7cba4,/subscribe,2026-09-14 16:06:23,,
v_a69994c723,/news/world-series-preview,2026-09-14 16:09:05,instagram,
v_31e6f0e594,/,2026-09-14 16:16:49,,
v_19f846108a,/news/what-is-happening-in-sudan,2026-09-14 16:20:57,,
v_e2dec877fa,/subscribe,2026-09-14 16:22:19,,claire.williams327@yahoo.com
v_85821100c8,/news/hurricane-season-update,2026-09-14 16:24:24,google,
v_33f89fa76d,/,2026-09-14 16:25:40,,
v_8750310d08,/beliefs,2026-09-14 16:26:56,,
v_31499bda40,/,2026-09-14 16:27:33,,
v_b050ee0649,/shadrachs-picks,2026-09-14 16:28:54,twitter,
v_b050ee0649,/our-staff,2026-09-14 16:31:54,,
v_4a9f4ded7b,/our-staff,2026-09-14 16:34:55,,
v_e022811cc4,/subscribe,2026-09-14 16:39:28,,
v_fb01d215b5,/news/midterm-primaries-recap,2026-09-14 16:42:33,,
v_3e6c62b057,/about,2026-09-14 16:52:11,,
v_6e196f3f11,/news/federal-budget-standoff,2026-09-14 17:02:08,,
v_94aa69f112,/news/federal-budget-standoff,2026-09-14 17:09:51,,
v_9c60d23429,/subscribe,2026-09-14 17:21:52,,
v_e275926d74,/,2026-09-14 17:35:47,,
v_14038b34ef,/subscribe,2026-09-14 17:41:23,,
v_55d654285a,/news/new-space-telescope-images,2026-09-14 17:45:10,,
v_55d654285a,/subscribe,2026-09-14 18:02:10,,
v_3e6c62b057,/news/world-series-preview,2026-09-14 18:15:19,,
v_0aa162b85e,/news/housing-market-cooldown,2026-09-14 18:23:33,,
v_19199d17f7,/,2026-09-14 18:31:32,,
v_fefafb0868,/shadrachs-picks,2026-09-14 18:37:45,,
v_5b75b5f7dc,/,2026-09-14 18:50:02,,
v_f3d2d0c564,/,2026-09-14 18:57:57,,
v_64120a9bb7,/news/ai-regulation-bill,2026-09-14 19:03:01,,
v_704068a72a,/,2026-09-14 19:10:32,,
v_bee6e89e77,/shadrachs-picks,2026-09-14 19:29:09,facebook,
v_ba2dca792b,/news/federal-budget-standoff,2026-09-14 20:23:01,,
v_85b4f6f73d,/subscribe,2026-09-14 20:31:24,,
v_779ce321be,/,2026-09-14 20:40:23,,
v_0fc76f2806,/news/midterm-primaries-recap,2026-09-14 20:41:30,referral,
v_8aa84033f2,/,2026-09-14 20:46:47,,
v_3e4e985509,/news/church-attendance-study,2026-09-14 20:47:52,instagram,
v_3e4e985509,/subscribe,2026-09-14 20:52:52,,
v_0df46d2de2,/news/supreme-court-ruling-explained,2026-09-14 20:56:16,,
v_d81c0b5379,/subscribe,2026-09-14 21:41:36,,
v_9d78cd9c96,/subscribe,2026-09-14 21:42:55,,
v_32c67e020f,/,2026-09-14 21:50:42,,
v_a713b48984,/news/midterm-primaries-recap,2026-09-14 21:54:01,,
v_7b1ba7a0fd,/news/new-space-telescope-images,2026-09-14 22:49:00,,
v_1197c2175d,/subscribe,2026-09-14 22:58:40,google,
v_358eedbac8,/news/ai-regulation-bill,2026-09-14 23:06:36,,
v_63c128f570,/shadrachs-picks,2026-09-14 23:12:15,,
v_1ee6e8b535,/shadrachs-picks,2026-09-14 23:24:32,facebook,
v_53bd62cf06,/,2026-09-14 23:29:54,,
v_55d654285a,/subscribe,2026-09-14 23:37:10,,paul.stewart445@yahoo.com
v_3e4e985509,/subscribe,2026-09-14 23:41:52,,john.green321@gmail.com
v_a69994c723,/subscribe,2026-09-14 23:54:05,,luke.green975@gmail.com
v_62dbe0645d,/news/federal-budget-standoff,2026-09-14 23:59:11,,
v_354ee44fb8,/news/ai-regulation-bill,2026-09-15 00:07:54,,
v_d2948d3d6c,/shadrachs-picks,2026-09-15 00:08:22,,
v_85d2f41134,/,2026-09-15 00:10:07,,
v_b050ee0649,/subscribe,2026-09-15 00:17:54,,NATHAN.MITCHELL272@PROTONMAIL.COM
v_3f9df59a3f,/,2026-09-15 00:18:55,,
v_9008f18189,/subscribe,2026-09-15 00:23:45,,
v_62dbe0645d,/,2026-09-15 00:24:46,,
v_42d7d2ed3d,/subscribe,2026-09-15 00:27:18,,
v_d238afa12a,/,2026-09-15 00:29:56,,
v_98fefb99bf,/,2026-09-15 00:37:58,,
v_bf856dfd0d,/shadrachs-picks,2026-09-15 00:44:22,google,
v_9116c40002,/beliefs,2026-09-15 01:06:17,,
v_b8a7664215,/news/world-series-preview,2026-09-15 01:08:39,google,
v_3816854f61,/news/hurricane-season-update,2026-09-15 01:19:59,,
v_b15b9a236a,/,2026-09-15 01:29:57,,
v_1ee6e8b535,/subscribe,2026-09-15 01:45:32,,MEGAN.HALL149@ICLOUD.COM
v_461169d3e1,/news/church-attendance-study,2026-09-15 02:11:45,instagram,
v_03d8a1f646,/shadrachs-picks,2026-09-15 02:39:00,,
v_f9ab589a1d,/news/supreme-court-ruling-explained,2026-09-15 02:51:09,,
v_b723670dad,/news/supreme-court-ruling-explained,2026-09-15 03:02:19,,
v_bee6e89e77,/subscribe,2026-09-15 03:04:09,,eli.peterson647@outlook.com
v_bc2968c643,/subscribe,2026-09-15 03:26:46,,
v_f0059b4a14,/subscribe,2026-09-15 03:28:53,instagram,andrew.allen352@outlook.com
v_6127982b54,/news/midterm-primaries-recap,2026-09-15 03:54:46,,
v_0d35f7999a,/beliefs,2026-09-15 04:00:51,,
v_6517cbb9eb,/shadrachs-picks,2026-09-15 04:01:04,,
v_f023360b4e,/,2026-09-15 04:41:09,,
v_054eb88e79,/news/supreme-court-ruling-explained,2026-09-15 04:47:27,,
v_cec9fd90b1,/news/ai-regulation-bill,2026-09-15 04:48:50,facebook,
v_054eb88e79,/news/ai-regulation-bill,2026-09-15 04:53:51,,
v_19f846108a,/beliefs,2026-09-15 04:54:04,,
v_ef1c496495,/,2026-09-15 05:16:45,,
v_3c72e4e337,/subscribe,2026-09-15 05:27:31,,
v_5a054c30c1,/,2026-09-15 05:29:09,,
v_cec9fd90b1,/news/housing-market-cooldown,2026-09-15 05:31:50,,
v_bae8bff794,/news/federal-budget-standoff,2026-09-15 05:33:58,google,
v_3e230cffb1,/news/hurricane-season-update,2026-09-15 05:47:45,instagram,
v_cec9fd90b1,/news/what-is-happening-in-sudan,2026-09-15 05:50:50,,
v_2ea5daef72,/about,2026-09-15 05:56:02,,
v_25cacc2463,/news/housing-market-cooldown,2026-09-15 05:56:48,,
v_0fc76f2806,/subscribe,2026-09-15 05:57:30,,peter.phillips547@gmail.com
v_eeb5cfdba1,/news/housing-market-cooldown,2026-09-15 06:01:02,,
v_19199d17f7,/,2026-09-15 06:02:22,,
v_25cacc2463,/about,2026-09-15 06:04:14,,
v_461169d3e1,/subscribe,2026-09-15 06:20:45,,paul.parker105@protonmail.com
v_2658f684f7,/,2026-09-15 06:36:45,,
v_ba2dca792b,/shadrachs-picks,2026-09-15 06:55:07,,
v_97ae44b667,/subscribe,2026-09-15 06:55:12,facebook,daniel.parker799@gmail.com
v_c9fcb6a5c2,/news/ai-regulation-bill,2026-09-15 07:21:33,referral,
v_c9fcb6a5c2,/shadrachs-picks,2026-09-15 07:29:33,,
v_a93c9eef94,/,2026-09-15 07:35:40,,
v_31f4e2d936,/subscribe,2026-09-15 07:39:13,,
v_c9fcb6a5c2,/,2026-09-15 07:39:33,,
v_2664f0c9ab,/about,2026-09-15 07:52:57,google,
v_3f69032290,/news/ai-regulation-bill,2026-09-15 07:55:21,,
v_3ef255300f,/,2026-09-15 08:09:51,,
v_f023360b4e,/shadrachs-picks,2026-09-15 08:20:44,,
v_19f846108a,/subscribe,2026-09-15 08:50:04,,
v_89c094d314,/,2026-09-15 09:00:19,,
v_97ae44b667,/news/church-attendance-study,2026-09-15 09:00:46,,
v_e4387cf95a,/news/world-series-preview,2026-09-15 09:04:41,,
v_3ebd6b745e,/beliefs,2026-09-15 09:06:44,,
v_c2ea9fe2d0,/,2026-09-15 09:09:44,,
v_53bd62cf06,/beliefs,2026-09-15 09:19:07,,
v_2fbac72195,/,2026-09-15 09:19:12,,
v_c68a78fe2a,/news/hurricane-season-update,2026-09-15 09:48:33,,
v_b05c8310bc,/beliefs,2026-09-15 10:01:25,,
v_4b804d8a2b,/news/midterm-primaries-recap,2026-09-15 10:05:39,,
v_128f3999d7,/,2026-09-15 10:22:32,,
v_89c094d314,/news/federal-budget-standoff,2026-09-15 10:33:20,,
v_db4fccfdd0,/news/church-attendance-study,2026-09-15 10:34:42,,
v_e9d907696a,/news/housing-market-cooldown,2026-09-15 10:35:43,,
v_864fcb72d6,/,2026-09-15 10:37:29,,
v_19199d17f7,/news/church-attendance-study,2026-09-15 10:48:21,,
v_7c8ecc63e1,/,2026-09-15 10:48:49,,
v_5b16198a7b,/shadrachs-picks,2026-09-15 10:52:36,,
v_a4e2f87078,/shadrachs-picks,2026-09-15 10:54:46,,
v_5abc156a0e,/about,2026-09-15 10:57:32,,
v_13a4b15d30,/news/hurricane-season-update,2026-09-15 11:06:45,instagram,
v_cdd302bf39,/news/housing-market-cooldown,2026-09-15 11:10:54,,
v_b609b971bb,/news/housing-market-cooldown,2026-09-15 11:37:19,podcast,
v_1ee6e8b535,/shadrachs-picks,2026-09-15 12:14:52,,
v_b609b971bb,/news/midterm-primaries-recap,2026-09-15 12:16:19,,
v_3d132cf075,/subscribe,2026-09-15 12:21:03,,
v_b609b971bb,/subscribe,2026-09-15 12:31:19,,
v_2ea5daef72,/shadrachs-picks,2026-09-15 12:34:38,,
v_b9f9a9d0fc,/subscribe,2026-09-15 12:35:28,,
v_ab34ed9837,/news/hurricane-season-update,2026-09-15 12:41:02,,
v_85d2f41134,/shadrachs-picks,2026-09-15 12:48:19,,
v_cec9fd90b1,/subscribe,2026-09-15 12:52:50,,eli.wilson580@outlook.com
v_68c8c5d741,/,2026-09-15 13:03:37,,
v_72a1d8ee1f,/news/housing-market-cooldown,2026-09-15 13:33:29,,
v_c3fb1496b7,/news/what-is-happening-in-sudan,2026-09-15 13:50:57,facebook,
v_923d667f1f,/,2026-09-15 13:57:36,,
v_b58a575f06,/news/church-attendance-study,2026-09-15 14:06:50,,
v_3eeed20894,/news/new-space-telescope-images,2026-09-15 14:23:00,instagram,
v_b58a575f06,/,2026-09-15 14:25:50,,
v_f3d2d0c564,/news/world-series-preview,2026-09-15 14:36:46,,
v_f08439d691,/subscribe,2026-09-15 14:47:19,,
v_b58a575f06,/,2026-09-15 14:47:50,,
v_517aff1753,/news/church-attendance-study,2026-09-15 15:04:31,,
v_b07a34f23b,/shadrachs-picks,2026-09-15 15:06:29,facebook,
v_e022811cc4,/,2026-09-15 15:30:32,,
v_ed4b5ea78f,/,2026-09-15 15:32:31,,
v_b142a7371e,/subscribe,2026-09-15 15:34:51,google,
v_014b406d50,/,2026-09-15 15:42:34,,
v_cec9fd90b1,/shadrachs-picks,2026-09-15 15:43:11,,
v_1383fcbf3a,/,2026-09-15 15:44:44,,
v_2ea5daef72,/news/supreme-court-ruling-explained,2026-09-15 16:23:16,,
v_f0df3611bb,/subscribe,2026-09-15 16:29:34,instagram,ELI.THOMAS366@GMAIL.COM
v_b609b971bb,/subscribe,2026-09-15 16:42:19,,peter.clark211@hotmail.com
v_87e7734a2f,/about,2026-09-15 16:50:52,,
v_3d523ae5e4,/about,2026-09-15 16:51:48,,
v_041a4c752f,/,2026-09-15 17:04:49,,
v_2664f0c9ab,/subscribe,2026-09-15 17:04:57,,jacob.campbell877@gmail.com
v_3d523ae5e4,/about,2026-09-15 17:14:10,,
v_c9fcb6a5c2,/subscribe,2026-09-15 17:21:33,,ELI.PARKER46@HOTMAIL.COM
v_d70583d0be,/subscribe,2026-09-15 17:42:00,,
v_498eab1bff,/,2026-09-15 17:42:25,,
v_34d3d56afd,/subscribe,2026-09-15 17:44:37,instagram,
v_054eb88e79,/,2026-09-15 17:47:18,,
v_594b6b2737,/news/federal-budget-standoff,2026-09-15 17:51:23,google,
v_a03439409b,/news/world-series-preview,2026-09-15 18:09:29,,
v_461169d3e1,/subscribe,2026-09-15 18:19:01,,
v_9f917a63f1,/news/hurricane-season-update,2026-09-15 18:24:48,instagram,
v_d3ed841b5f,/news/world-series-preview,2026-09-15 18:25:15,,
v_0aa162b85e,/,2026-09-15 18:26:50,,
v_4a534f5703,/subscribe,2026-09-15 18:28:58,,
v_fb01d215b5,/,2026-09-15 18:53:12,,
v_13a4b15d30,/subscribe,2026-09-15 18:53:45,,AARON.ADAMS537@ICLOUD.COM
v_9f917a63f1,/,2026-09-15 19:01:48,,
v_e323c9901b,/news/federal-budget-standoff,2026-09-15 19:02:25,,
v_06daa8098a,/news/church-attendance-study,2026-09-15 19:03:42,referral,
v_fe0db178b9,/,2026-09-15 19:08:00,,
v_4f425c8f45,/,2026-09-15 19:12:29,,
v_06daa8098a,/subscribe,2026-09-15 19:31:42,,
v_06daa8098a,/subscribe,2026-09-15 19:32:42,,noah.mitchell570@yahoo.com
v_06daa8098a,/news/world-series-preview,2026-09-15 19:41:00,,
v_df22a2368c,/news/ai-regulation-bill,2026-09-15 19:53:45,,
v_06daa8098a,/,2026-09-15 19:55:42,,
v_54901a5e14,/,2026-09-15 20:25:32,,
v_21d068ad64,/subscribe,2026-09-15 20:29:13,,
v_3816854f61,/,2026-09-15 20:32:17,,
v_6127982b54,/,2026-09-15 20:48:53,,
v_e7a11519e7,/news/what-is-happening-in-sudan,2026-09-15 20:56:35,,
v_9fa02fb079,/,2026-09-15 21:16:18,google,
v_bcab50a060,/,2026-09-15 21:17:41,,
v_0ac09065fe,/news/midterm-primaries-recap,2026-09-15 21:27:18,,
v_915dfe9a74,/,2026-09-15 21:35:48,,
v_9f917a63f1,/subscribe,2026-09-15 21:38:48,,josiah.lee125@gmail.com
v_6517cbb9eb,/,2026-09-15 21:51:20,,
v_0aa162b85e,/subscribe,2026-09-15 22:00:42,,
v_928eceae31,/news/ai-regulation-bill,2026-09-15 22:02:15,,
v_f8a40dcce1,/shadrachs-picks,2026-09-15 22:05:44,,
v_9bc6b2ff5e,/shadrachs-picks,2026-09-15 22:33:47,,
v_b05c8310bc,/news/new-space-telescope-images,2026-09-15 22:34:52,,
v_b07a34f23b,/subscribe,2026-09-15 22:43:29,,LYDIA.CARTER139@YAHOO.COM
v_5ba659e9f2,/,2026-09-15 22:45:32,,
v_a8f5803604,/subscribe,2026-09-15 22:47:34,,
v_8750310d08,/,2026-09-15 22:48:26,,
v_89c094d314,/news/what-is-happening-in-sudan,2026-09-15 23:07:30,,
v_78b90368a9,/,2026-09-15 23:33:47,,
v_57bad48486,/subscribe,2026-09-15 23:37:58,,
v_b58a575f06,/subscribe,2026-09-15 23:53:50,,paul.miller983@hotmail.com
v_e022811cc4,/subscribe,2026-09-16 00:00:49,,
v_8750310d08,/,2026-09-16 00:09:11,,
v_2c6ed79df4,/news/federal-budget-standoff,2026-09-16 00:10:15,,
v_61f9790c68,/news/midterm-primaries-recap,2026-09-16 00:19:37,,
v_38db2e18d2,/,2026-09-16 00:21:39,referral,
v_8aa3c10088,/about,2026-09-16 00:24:53,referral,
v_534de4c577,/news/ai-regulation-bill,2026-09-16 00:34:40,,
v_0ab98ec1aa,/our-staff,2026-09-16 00:38:00,,
v_2eb83033ec,/news/ai-regulation-bill,2026-09-16 00:43:09,,
v_38db2e18d2,/,2026-09-16 00:45:39,,
v_8aa3c10088,/beliefs,2026-09-16 00:54:53,,
v_a06734aaa5,/,2026-09-16 01:01:29,,
v_38db2e18d2,/about,2026-09-16 01:13:39,,
v_8aa3c10088,/,2026-09-16 01:22:53,,
v_2ea5daef72,/subscribe,2026-09-16 01:35:17,,
v_80d279cc6b,/beliefs,2026-09-16 01:39:50,,
v_e5ad59e075,/,2026-09-16 01:42:07,,
v_5048132704,/about,2026-09-16 02:02:19,,
v_48ce71b2a5,/,2026-09-16 02:26:53,,
v_ba2dca792b,/subscribe,2026-09-16 02:30:55,,
v_afcdcf3449,/shadrachs-picks,2026-09-16 02:39:43,,
v_506a978058,/about,2026-09-16 02:45:18,,
v_42fd9f0727,/news/midterm-primaries-recap,2026-09-16 02:52:02,,
v_9fa02fb079,/subscribe,2026-09-16 02:57:18,,lydia.morgan764@gmail.com
v_7b1d7904ad,/,2026-09-16 03:01:13,,
v_06daa8098a,/,2026-09-16 03:12:14,,
v_054eb88e79,/beliefs,2026-09-16 03:16:10,,
v_f9c7a723f9,/subscribe,2026-09-16 03:26:20,,
v_38db2e18d2,/subscribe,2026-09-16 03:45:39,,matthew.green689@gmail.com
v_0354a57dfe,/subscribe,2026-09-16 03:48:59,google,anna.reed424@hotmail.com
v_0354a57dfe,/shadrachs-picks,2026-09-16 03:52:14,,
v_01980b670a,/shadrachs-picks,2026-09-16 04:28:02,,
v_56596eda5f,/news/federal-budget-standoff,2026-09-16 04:37:09,,
v_c16689f087,/news/housing-market-cooldown,2026-09-16 05:25:07,,
v_c68a78fe2a,/news/ai-regulation-bill,2026-09-16 05:34:52,,
v_958c3dd320,/about,2026-09-16 05:45:43,,
v_61f9790c68,/news/midterm-primaries-recap,2026-09-16 05:46:17,,
v_2332f2d139,/,2026-09-16 06:12:07,podcast,
v_2dd7dcf2fe,/,2026-09-16 06:13:57,,
v_1b36799123,/news/supreme-court-ruling-explained,2026-09-16 06:22:02,,
v_c1421ddf8a,/news/what-is-happening-in-sudan,2026-09-16 06:28:46,,
v_3d523ae5e4,/subscribe,2026-09-16 06:32:58,,
v_1383fcbf3a,/,2026-09-16 06:43:00,,
v_942f19637a,/news/federal-budget-standoff,2026-09-16 06:46:18,,
v_2332f2d139,/subscribe,2026-09-16 06:52:07,,
v_602eec3945,/news/hurricane-season-update,2026-09-16 06:57:05,instagram,
v_be23f194af,/news/what-is-happening-in-sudan,2026-09-16 07:14:50,,
v_41554f835e,/news/what-is-happening-in-sudan,2026-09-16 07:37:36,,
v_e0990d2f49,/news/church-attendance-study,2026-09-16 07:40:27,referral,
v_1383fcbf3a,/beliefs,2026-09-16 08:13:29,,
v_03da3a74bd,/shadrachs-picks,2026-09-16 08:38:59,referral,
v_50b86b16f8,/news/housing-market-cooldown,2026-09-16 08:53:00,,
v_385e8982f9,/,2026-09-16 09:08:07,,
v_add7bfe4b9,/news/ai-regulation-bill,2026-09-16 09:20:32,,
v_c7f0df008a,/news/hurricane-season-update,2026-09-16 09:30:19,,
v_93b4b1c286,/,2026-09-16 09:35:13,,
v_06daa8098a,/subscribe,2026-09-16 09:44:12,,
v_8aa3c10088,/subscribe,2026-09-16 09:44:53,,john.turner61@gmail.com
v_abee214526,/news/world-series-preview,2026-09-16 09:46:02,,
v_0aa162b85e,/news/housing-market-cooldown,2026-09-16 10:20:02,,
v_fbfc588839,/about,2026-09-16 10:23:57,,
v_914ffede2f,/news/federal-budget-standoff,2026-09-16 10:29:58,instagram,
v_6d441d3138,/about,2026-09-16 10:57:53,,
v_df22a2368c,/news/church-attendance-study,2026-09-16 11:01:50,,
v_8b431d2ceb,/subscribe,2026-09-16 11:02:14,,
v_6156ac54e6,/news/what-is-happening-in-sudan,2026-09-16 11:03:03,,
v_914ffede2f,/,2026-09-16 11:11:58,,
v_6517cbb9eb,/beliefs,2026-09-16 11:13:28,,
v_d7148f2a00,/,2026-09-16 11:20:40,,
v_0d3418817d,/news/hurricane-season-update,2026-09-16 11:50:46,,
v_53bd62cf06,/news/what-is-happening-in-sudan,2026-09-16 12:01:12,,
v_3f9df59a3f,/shadrachs-picks,2026-09-16 12:19:22,,
v_2dd7dcf2fe,/news/hurricane-season-update,2026-09-16 12:39:41,,
v_3d523ae5e4,/,2026-09-16 12:43:11,,
v_612217f136,/,2026-09-16 12:43:42,,
v_1dd3c72b63,/beliefs,2026-09-16 12:55:00,,
v_f0059b4a14,/subscribe,2026-09-16 12:55:11,,
v_9634f2b21e,/news/world-series-preview,2026-09-16 12:56:36,,
v_2332f2d139,/subscribe,2026-09-16 13:23:07,,NAOMI.JOHNSON760@GMAIL.COM
v_157e163062,/news/hurricane-season-update,2026-09-16 13:23:13,,
v_3cda0fa5cf,/news/new-space-telescope-images,2026-09-16 13:27:09,,
v_602eec3945,/subscribe,2026-09-16 13:40:05,,zoe.edwards36@protonmail.com
v_0d35f7999a,/news/hurricane-season-update,2026-09-16 13:43:18,,
v_e0990d2f49,/subscribe,2026-09-16 13:46:27,,hope.brown949@outlook.com
v_a6dccf7bb5,/shadrachs-picks,2026-09-16 14:00:22,facebook,
v_25881234fd,/shadrachs-picks,2026-09-16 14:02:02,,
v_4b804d8a2b,/,2026-09-16 14:03:03,google,
v_aa56973532,/news/midterm-primaries-recap,2026-09-16 14:15:25,facebook,
v_aa56973532,/,2026-09-16 14:32:25,,
v_f968377d2b,/subscribe,2026-09-16 14:34:39,,
v_2fd8ce087d,/subscribe,2026-09-16 14:58:51,,
v_87e7734a2f,/,2026-09-16 15:07:44,,
v_714ecdfa4b,/news/supreme-court-ruling-explained,2026-09-16 15:33:17,,
v_03da3a74bd,/subscribe,2026-09-16 15:53:59,,ben.morgan872@outlook.com
v_c7f0df008a,/subscribe,2026-09-16 16:04:46,,
v_f023360b4e,/news/hurricane-season-update,2026-09-16 16:16:17,,
v_0d35f7999a,/subscribe,2026-09-16 16:20:00,,
v_f3d2d0c564,/news/ai-regulation-bill,2026-09-16 16:22:21,,
v_4a6a58cfb6,/subscribe,2026-09-16 16:37:24,google,
v_d875da7226,/,2026-09-16 16:37:47,,
v_914ffede2f,/subscribe,2026-09-16 17:03:58,,claire.nelson439@hotmail.com
v_a751e8e247,/about,2026-09-16 17:08:31,,
v_240a4807c5,/,2026-09-16 17:12:52,google,
v_2936ac3ecb,/news/supreme-court-ruling-explained,2026-09-16 17:36:07,,
v_3f69032290,/news/what-is-happening-in-sudan,2026-09-16 17:41:18,,
v_3d132cf075,/news/supreme-court-ruling-explained,2026-09-16 17:50:51,,
v_72a1d8ee1f,/subscribe,2026-09-16 18:08:10,,
v_d12bb38997,/news/what-is-happening-in-sudan,2026-09-16 18:25:09,,
v_654c54987c,/shadrachs-picks,2026-09-16 18:27:19,,
v_2d794c8a27,/news/hurricane-season-update,2026-09-16 18:27:20,,
v_3ae2b1cdd1,/,2026-09-16 18:56:40,instagram,
v_89f077b252,/about,2026-09-16 18:56:41,facebook,
v_589a3ff3c6,/,2026-09-16 18:57:57,google,
v_a244acff1a,/news/housing-market-cooldown,2026-09-16 19:01:53,,
v_87e7734a2f,/shadrachs-picks,2026-09-16 19:12:18,,
v_ce7e3c163c,/news/federal-budget-standoff,2026-09-16 19:21:00,facebook,
v_c71839650b,/news/new-space-telescope-images,2026-09-16 19:35:55,,
v_a6dccf7bb5,/subscribe,2026-09-16 19:36:22,,emily.allen812@gmail.com
v_dc63f19d1b,/,2026-09-16 19:42:03,,
v_054eb88e79,/news/supreme-court-ruling-explained,2026-09-16 20:00:00,,
v_3cb9ab1087,/subscribe,2026-09-16 20:14:41,,
v_1072d87352,/news/church-attendance-study,2026-09-16 20:27:13,referral,
v_b050ee0649,/about,2026-09-16 20:35:59,,
v_19f846108a,/shadrachs-picks,2026-09-16 20:38:33,,
v_4c05884ce6,/about,2026-09-16 20:48:35,,
v_cec9fd90b1,/news/hurricane-season-update,2026-09-16 20:50:03,,
v_534de4c577,/news/hurricane-season-update,2026-09-16 20:54:29,,
v_3377afbc75,/news/midterm-primaries-recap,2026-09-16 21:15:19,,
v_928eceae31,/beliefs,2026-09-16 21:31:28,,
v_aa56973532,/subscribe,2026-09-16 21:42:25,,james.nelson49@gmail.com
v_53f97c801d,/,2026-09-16 21:47:20,,
v_b96facae6f,/,2026-09-16 22:13:29,,
v_354336b730,/news/new-space-telescope-images,2026-09-16 22:18:48,,
v_914ffede2f,/news/new-space-telescope-images,2026-09-16 22:23:50,,
v_38dbe165e2,/,2026-09-16 22:38:24,,
v_32afc6e3ac,/,2026-09-16 22:42:30,,
v_af1d146f29,/news/what-is-happening-in-sudan,2026-09-16 23:01:07,instagram,
v_ebcdc3fde5,/,2026-09-16 23:06:54,instagram,
v_a7aeeaad69,/,2026-09-16 23:18:21,,
v_af1d146f29,/news/federal-budget-standoff,2026-09-16 23:20:07,,
v_b30e5ef27a,/shadrachs-picks,2026-09-16 23:24:44,,
v_8de6c5da94,/news/midterm-primaries-recap,2026-09-16 23:28:09,,
v_ebcdc3fde5,/news/federal-budget-standoff,2026-09-16 23:42:54,,
v_ebcdc3fde5,/,2026-09-17 00:00:54,,
v_fefafb0868,/subscribe,2026-09-17 00:10:31,,
v_2eb83033ec,/,2026-09-17 00:19:49,,
v_7d3ec24549,/,2026-09-17 00:25:06,,
v_d7ce722f7d,/news/church-attendance-study,2026-09-17 00:32:11,,
v_6517cbb9eb,/our-staff,2026-09-17 00:32:26,,
v_2ea5daef72,/beliefs,2026-09-17 00:44:27,,
v_3d523ae5e4,/,2026-09-17 00:44:59,,
v_1072d87352,/subscribe,2026-09-17 00:46:13,,josiah.collins492@gmail.com
v_c2f950e04c,/,2026-09-17 00:51:53,,
v_85d2f41134,/subscribe,2026-09-17 00:59:48,,
v_a895fd265a,/,2026-09-17 01:42:35,,
v_134434e4d8,/news/midterm-primaries-recap,2026-09-17 02:03:56,,
v_714ecdfa4b,/subscribe,2026-09-17 02:25:38,,
v_fea0dc4374,/subscribe,2026-09-17 02:43:20,,
v_ebcdc3fde5,/subscribe,2026-09-17 03:08:54,,eli.morris510@gmail.com
v_5ac4197902,/subscribe,2026-09-17 03:11:38,,
v_3ae2b1cdd1,/subscribe,2026-09-17 03:26:40,,JACOB.TURNER509@GMAIL.COM
v_ce7e3c163c,/subscribe,2026-09-17 03:27:00,,chloe.campbell145@hotmail.com
v_8ec1dd37cd,/about,2026-09-17 03:33:22,,
v_1ee6e8b535,/,2026-09-17 03:37:28,,
v_1adcf53186,/news/world-series-preview,2026-09-17 03:37:41,instagram,
v_4eecf93d58,/shadrachs-picks,2026-09-17 03:37:43,,
v_b6df3f4f8a,/,2026-09-17 03:51:56,,
v_a2bd5f0d51,/,2026-09-17 04:05:19,,
v_06daa8098a,/beliefs,2026-09-17 04:13:02,,
v_add7bfe4b9,/,2026-09-17 04:30:29,,
v_e03ad7830e,/,2026-09-17 04:30:32,,
v_957f3e61e8,/news/what-is-happening-in-sudan,2026-09-17 04:30:38,,
v_4444390ade,/beliefs,2026-09-17 04:46:24,,
v_2c509c08f0,/subscribe,2026-09-17 04:58:02,,
v_3ae2b1cdd1,/,2026-09-17 05:09:50,,
v_095ace483f,/news/world-series-preview,2026-09-17 05:12:18,,
v_322e76c5c6,/news/hurricane-season-update,2026-09-17 05:30:13,referral,
v_c26d0fea55,/shadrachs-picks,2026-09-17 05:32:50,podcast,
v_c26d0fea55,/news/what-is-happening-in-sudan,2026-09-17 05:56:50,,
v_d512018057,/,2026-09-17 06:03:27,,
v_054eb88e79,/subscribe,2026-09-17 06:16:36,,
v_7b1e37d577,/subscribe,2026-09-17 06:18:47,,
v_1cd0c969b0,/news/new-space-telescope-images,2026-09-17 07:10:28,twitter,
v_56929cbb85,/shadrachs-picks,2026-09-17 07:24:16,,
v_714ecdfa4b,/our-staff,2026-09-17 07:28:10,,
v_af1d146f29,/subscribe,2026-09-17 07:31:07,,emily.wright181@yahoo.com
v_a216905205,/news/midterm-primaries-recap,2026-09-17 07:34:52,,
v_87e7734a2f,/beliefs,2026-09-17 07:40:11,,
v_ea2b2b0228,/news/ai-regulation-bill,2026-09-17 07:45:06,instagram,
v_5ba659e9f2,/,2026-09-17 07:59:12,,
v_8db98d64ba,/,2026-09-17 08:13:50,,
v_34d3d56afd,/subscribe,2026-09-17 08:26:31,,
v_b2ab4c654e,/,2026-09-17 08:58:08,,
v_1a8bc255ca,/news/hurricane-season-update,2026-09-17 09:00:19,instagram,
v_86e413f301,/news/hurricane-season-update,2026-09-17 09:00:35,instagram,
v_d875da7226,/beliefs,2026-09-17 09:01:02,,
v_38dbe165e2,/,2026-09-17 09:12:32,,
v_bf33c46895,/news/midterm-primaries-recap,2026-09-17 09:13:53,,
v_9808905073,/news/what-is-happening-in-sudan,2026-09-17 09:17:24,,
v_9a2d648f44,/news/church-attendance-study,2026-09-17 09:31:53,,
v_322e76c5c6,/subscribe,2026-09-17 09:37:13,,NATHAN.EVANS771@ICLOUD.COM
v_7b1e37d577,/news/housing-market-cooldown,2026-09-17 09:44:14,,
v_42009b8059,/news/what-is-happening-in-sudan,2026-09-17 09:52:44,,
v_cb3d4259af,/subscribe,2026-09-17 10:01:58,,
v_fefafb0868,/subscribe,2026-09-17 10:10:44,,
v_b0b2083034,/shadrachs-picks,2026-09-17 10:18:56,,
v_0886873037,/news/world-series-preview,2026-09-17 10:39:31,,
v_1c7698a8b3,/,2026-09-17 10:46:41,,
v_ba2dca792b,/,2026-09-17 10:48:39,,
v_32178163b1,/beliefs,2026-09-17 10:50:24,,
v_ecea2c5c81,/subscribe,2026-09-17 10:54:50,,
v_25cacc2463,/subscribe,2026-09-17 11:05:01,,
v_eeb5cfdba1,/news/world-series-preview,2026-09-17 11:09:17,,
v_534de4c577,/subscribe,2026-09-17 11:33:42,,
v_d12bb38997,/news/supreme-court-ruling-explained,2026-09-17 11:43:35,,
v_6d1a596801,/news/federal-budget-standoff,2026-09-17 11:45:14,,
v_054eb88e79,/,2026-09-17 11:48:47,,
v_87e7734a2f,/,2026-09-17 11:49:40,,
v_9b7d77cfae,/,2026-09-17 11:57:32,,
v_654c54987c,/shadrachs-picks,2026-09-17 11:57:54,,
v_ba2dca792b,/,2026-09-17 12:19:11,,
v_1a8bc255ca,/subscribe,2026-09-17 12:19:19,,grace.cooper953@yahoo.com
v_156c7a0210,/,2026-09-17 12:26:19,,
v_abb20713f2,/news/new-space-telescope-images,2026-09-17 12:35:22,,
v_abb20713f2,/,2026-09-17 12:47:49,,
v_cadbb58e2f,/,2026-09-17 12:51:40,,
v_3f9df59a3f,/news/midterm-primaries-recap,2026-09-17 13:24:15,,
v_e259eb0c9f,/news/what-is-happening-in-sudan,2026-09-17 13:24:47,,
v_a93c9eef94,/,2026-09-17 13:32:37,,
v_a751e8e247,/subscribe,2026-09-17 14:03:06,,
v_c26d0fea55,/subscribe,2026-09-17 14:05:50,,isaac.carter138@hotmail.com
v_2773ca3640,/about,2026-09-17 14:17:47,,
v_4a9f4ded7b,/about,2026-09-17 14:54:20,,
v_75e92f9636,/,2026-09-17 14:56:36,,
v_a713b48984,/news/supreme-court-ruling-explained,2026-09-17 15:00:22,,
v_c3e512b0f9,/,2026-09-17 15:23:09,,
v_f08439d691,/,2026-09-17 15:31:43,,
v_02d33485f8,/about,2026-09-17 15:33:55,,
v_3789ab8d76,/subscribe,2026-09-17 15:36:41,,
v_72aca0bdc6,/subscribe,2026-09-17 15:52:12,,MATTHEW.JONES308@GMAIL.COM
v_1cd0c969b0,/subscribe,2026-09-17 16:02:28,,peter.evans520@outlook.com
v_3377afbc75,/news/supreme-court-ruling-explained,2026-09-17 16:29:09,,
v_19199d17f7,/news/supreme-court-ruling-explained,2026-09-17 16:45:23,,
v_534de4c577,/news/supreme-court-ruling-explained,2026-09-17 16:47:23,,
v_25d9367462,/subscribe,2026-09-17 16:47:43,,
v_e82005c811,/subscribe,2026-09-17 16:50:00,,
v_3867a7cba4,/,2026-09-17 17:00:30,,
v_214b44b5cd,/news/what-is-happening-in-sudan,2026-09-17 17:13:21,,
v_dd893e6c56,/subscribe,2026-09-17 17:14:15,,
v_09a2598f9a,/,2026-09-17 17:14:21,instagram,
v_1072d87352,/,2026-09-17 17:17:29,,
v_915dfe9a74,/news/housing-market-cooldown,2026-09-17 17:26:48,,
v_fefafb0868,/news/housing-market-cooldown,2026-09-17 17:28:07,,
v_2f5e616080,/news/what-is-happening-in-sudan,2026-09-17 17:41:50,,
v_09a2598f9a,/,2026-09-17 17:44:21,,
v_80d279cc6b,/news/hurricane-season-update,2026-09-17 17:46:05,,
v_f8322c7b89,/news/ai-regulation-bill,2026-09-17 18:07:57,instagram,
v_09a2598f9a,/shadrachs-picks,2026-09-17 18:08:21,,
v_dcbec21b44,/subscribe,2026-09-17 18:22:15,facebook,anna.hill667@protonmail.com
v_335b8c0826,/news/world-series-preview,2026-09-17 18:22:38,,
v_86e413f301,/subscribe,2026-09-17 18:55:35,,MARK.MITCHELL647@GMAIL.COM
v_e8f6597b5f,/subscribe,2026-09-17 18:59:11,,
v_4df0e4e9ca,/about,2026-09-17 19:02:57,instagram,
v_ddad658406,/subscribe,2026-09-17 19:14:22,,
v_f973b0b7e9,/,2026-09-17 19:15:59,,
v_df77a8cd78,/,2026-09-17 19:43:54,,
v_4df0e4e9ca,/,2026-09-17 19:46:57,,
v_4df0e4e9ca,/news/what-is-happening-in-sudan,2026-09-17 19:50:57,,
v_da26900cf6,/news/what-is-happening-in-sudan,2026-09-17 19:55:54,,
v_38dbe165e2,/,2026-09-17 20:03:16,,
v_9116c40002,/,2026-09-17 20:23:49,,
v_7e4b7dba7f,/,2026-09-17 20:25:53,,
v_a05cd5a451,/,2026-09-17 20:29:20,,
v_2ea5daef72,/,2026-09-17 20:34:35,,
v_ff34828d10,/about,2026-09-17 20:37:31,,
v_86e413f301,/shadrachs-picks,2026-09-17 20:38:03,,
v_054eb88e79,/news/supreme-court-ruling-explained,2026-09-17 20:47:42,,
v_567e2b2bf6,/shadrachs-picks,2026-09-17 20:49:09,,
v_2eb83033ec,/subscribe,2026-09-17 20:52:01,,
v_62dbe0645d,/news/housing-market-cooldown,2026-09-17 20:54:09,,
v_3d523ae5e4,/shadrachs-picks,2026-09-17 20:54:29,,
v_f08439d691,/about,2026-09-17 20:56:12,,
v_66ebb57671,/news/supreme-court-ruling-explained,2026-09-17 21:00:25,instagram,
v_262aace039,/news/ai-regulation-bill,2026-09-17 21:16:21,,
v_4e99c1627f,/news/church-attendance-study,2026-09-17 21:21:05,referral,
v_e022811cc4,/subscribe,2026-09-17 21:22:43,,
v_7c6c631ac2,/news/hurricane-season-update,2026-09-17 21:33:59,,
v_7b80bb9613,/,2026-09-17 21:34:46,google,
v_1c037423b6,/,2026-09-17 21:44:28,,
v_3d55e1d787,/,2026-09-17 22:00:11,,
v_2f5e616080,/news/what-is-happening-in-sudan,2026-09-17 22:04:02,,
v_7b80bb9613,/subscribe,2026-09-17 22:04:46,,
v_a751e8e247,/,2026-09-17 22:28:44,,
v_f85f3bbc54,/subscribe,2026-09-17 22:33:13,,
v_157e163062,/,2026-09-17 22:38:22,,
v_d512018057,/,2026-09-17 22:39:18,,
v_3ae2b1cdd1,/news/church-attendance-study,2026-09-17 22:50:01,,
v_abb20713f2,/about,2026-09-17 22:52:22,,
v_3377afbc75,/news/midterm-primaries-recap,2026-09-17 23:03:13,,
v_455cd01811,/subscribe,2026-09-17 23:08:49,,
v_041a4c752f,/,2026-09-17 23:10:41,,
v_8b51ae0473,/shadrachs-picks,2026-09-17 23:13:51,podcast,
v_8b51ae0473,/,2026-09-17 23:15:51,,
v_87e7734a2f,/news/federal-budget-standoff,2026-09-17 23:18:10,,
v_4818a0e06a,/shadrachs-picks,2026-09-17 23:21:33,,
v_d322703310,/news/federal-budget-standoff,2026-09-17 23:25:23,,
v_1a643f46e9,/beliefs,2026-09-17 23:36:16,,
v_bb3cd71d4f,/news/world-series-preview,2026-09-17 23:38:23,,
v_f8b271928a,/news/housing-market-cooldown,2026-09-17 23:46:11,,
v_89c555e803,/about,2026-09-17 23:46:52,,
v_8b51ae0473,/about,2026-09-17 23:47:51,,
v_87e7734a2f,/news/world-series-preview,2026-09-17 23:47:53,,
v_4e99c1627f,/subscribe,2026-09-17 23:54:05,,david.allen230@gmail.com
v_8b51ae0473,/subscribe,2026-09-18 00:08:51,,andrew.hill633@gmail.com
v_4396b0a049,/shadrachs-picks,2026-09-18 00:14:26,,
v_243541fd38,/news/midterm-primaries-recap,2026-09-18 00:36:52,,
v_7b80bb9613,/subscribe,2026-09-18 00:54:46,,david.edwards112@protonmail.com
v_22b00f4e0e,/our-staff,2026-09-18 00:55:41,,
v_61b5a4ed79,/news/housing-market-cooldown,2026-09-18 01:02:18,,
v_21d068ad64,/,2026-09-18 01:09:15,,
v_704068a72a,/news/housing-market-cooldown,2026-09-18 01:19:13,,
v_055d3cf55f,/,2026-09-18 01:22:28,,
v_4396b0a049,/news/church-attendance-study,2026-09-18 01:26:17,,
v_09a2598f9a,/subscribe,2026-09-18 01:36:21,,mark.anderson562@gmail.com
v_87e7734a2f,/subscribe,2026-09-18 01:42:12,,
v_26e2abecf7,/subscribe,2026-09-18 01:42:46,,
v_3ae2b1cdd1,/,2026-09-18 01:48:28,,
v_f8322c7b89,/subscribe,2026-09-18 01:48:57,,andrew.lee682@hotmail.com
v_4f425c8f45,/subscribe,2026-09-18 01:55:34,,
v_4e5e69ee12,/,2026-09-18 01:58:14,,
v_1d233d65c1,/news/housing-market-cooldown,2026-09-18 02:07:40,,
v_0d35f7999a,/news/new-space-telescope-images,2026-09-18 02:13:14,,
v_e92c01b348,/subscribe,2026-09-18 02:19:44,,
v_df3f101f71,/,2026-09-18 02:42:41,,
v_f29d782979,/news/what-is-happening-in-sudan,2026-09-18 02:50:23,,
v_7078dfc763,/subscribe,2026-09-18 03:13:34,,
v_a0e56bc795,/news/housing-market-cooldown,2026-09-18 03:21:04,referral,
v_a0e56bc795,/our-staff,2026-09-18 03:29:04,,
v_4df0e4e9ca,/subscribe,2026-09-18 03:45:57,,seth.morris718@gmail.com
v_928eceae31,/news/church-attendance-study,2026-09-18 04:19:08,,
v_643bbadae3,/,2026-09-18 04:20:06,instagram,
v_57c13b3631,/news/supreme-court-ruling-explained,2026-09-18 04:21:11,,
v_c3e512b0f9,/subscribe,2026-09-18 04:35:09,,
v_42009b8059,/,2026-09-18 04:36:54,,
v_56596eda5f,/beliefs,2026-09-18 04:40:47,,
v_1208933cc8,/news/supreme-court-ruling-explained,2026-09-18 05:02:54,facebook,
v_194736c582,/shadrachs-picks,2026-09-18 05:20:35,google,
v_1208933cc8,/,2026-09-18 05:25:54,,
v_dfe2a7fbc6,/,2026-09-18 05:31:46,,
v_1208933cc8,/,2026-09-18 05:44:54,,
v_21d068ad64,/,2026-09-18 05:48:28,,
v_864fcb72d6,/about,2026-09-18 05:52:18,,
v_fefafb0868,/shadrachs-picks,2026-09-18 05:55:18,,
v_28d83ebe0a,/,2026-09-18 06:00:35,,
v_019ac32c2d,/about,2026-09-18 06:03:22,instagram,
v_9a2d648f44,/beliefs,2026-09-18 06:07:11,,
v_461169d3e1,/news/new-space-telescope-images,2026-09-18 06:17:48,,
v_32c67e020f,/,2026-09-18 06:29:40,,
v_a0e56bc795,/subscribe,2026-09-18 06:47:04,,john.mitchell228@gmail.com
v_d2948d3d6c,/,2026-09-18 06:56:33,,
v_5e82d5b311,/beliefs,2026-09-18 06:57:05,,
v_6bc0201505,/our-staff,2026-09-18 07:04:51,,
v_1072d87352,/news/church-attendance-study,2026-09-18 07:15:10,,
v_52ef8fcf0b,/news/what-is-happening-in-sudan,2026-09-18 07:22:37,,
v_7078dfc763,/shadrachs-picks,2026-09-18 07:32:01,,
v_b496b4b547,/news/midterm-primaries-recap,2026-09-18 07:50:49,,
v_f0059b4a14,/news/ai-regulation-bill,2026-09-18 07:51:51,,
v_1bc848ec53,/about,2026-09-18 07:54:53,,
v_a4e2f87078,/news/supreme-court-ruling-explained,2026-09-18 08:06:35,,
v_9b13b363b5,/subscribe,2026-09-18 08:07:49,,
v_6a01eda89f,/news/world-series-preview,2026-09-18 08:09:43,facebook,
v_70642f7f3d,/our-staff,2026-09-18 08:10:35,,
v_d59c1c8d5a,/news/housing-market-cooldown,2026-09-18 08:14:42,,
v_b62b568fbf,/subscribe,2026-09-18 08:19:48,,
v_220a557cca,/subscribe,2026-09-18 08:25:23,instagram,david.bell104@gmail.com
v_d2e9b5cb87,/,2026-09-18 08:30:37,,
v_16dd6014ca,/shadrachs-picks,2026-09-18 08:34:30,,
v_054eb88e79,/news/what-is-happening-in-sudan,2026-09-18 08:34:48,,
v_6517cbb9eb,/,2026-09-18 08:34:58,,
v_501a39825c,/news/new-space-telescope-images,2026-09-18 08:37:56,,
v_93b4b1c286,/news/what-is-happening-in-sudan,2026-09-18 08:57:48,,
v_385e8982f9,/our-staff,2026-09-18 09:10:04,,
v_c9fcb6a5c2,/subscribe,2026-09-18 09:26:01,,
v_1208933cc8,/subscribe,2026-09-18 09:40:54,,hannah.smith561@gmail.com
v_111d38afef,/news/what-is-happening-in-sudan,2026-09-18 09:51:07,,
v_055d3cf55f,/our-staff,2026-09-18 09:51:57,,
v_be23f194af,/,2026-09-18 09:58:33,,
v_1072d87352,/,2026-09-18 10:27:48,,
v_814b25819d,/,2026-09-18 10:42:05,facebook,
v_75e92f9636,/shadrachs-picks,2026-09-18 10:43:51,,
v_00e0f89ef8,/subscribe,2026-09-18 10:47:30,,
v_243541fd38,/subscribe,2026-09-18 11:04:01,,
v_bc2968c643,/,2026-09-18 11:41:19,,
v_ef1c496495,/subscribe,2026-09-18 11:56:33,,
v_915dfe9a74,/news/world-series-preview,2026-09-18 11:59:11,,
v_498eab1bff,/,2026-09-18 12:38:36,,
v_eb26d15384,/news/federal-budget-standoff,2026-09-18 12:39:16,instagram,
v_e022811cc4,/beliefs,2026-09-18 12:41:19,,
v_8750310d08,/about,2026-09-18 12:44:01,,
v_4a9f4ded7b,/,2026-09-18 12:45:18,,
v_1a643f46e9,/news/supreme-court-ruling-explained,2026-09-18 12:53:56,,
v_eb26d15384,/news/what-is-happening-in-sudan,2026-09-18 13:15:16,,
v_534de4c577,/,2026-09-18 13:16:38,,
v_e92c01b348,/subscribe,2026-09-18 13:27:06,,
v_df22a2368c,/news/world-series-preview,2026-09-18 13:38:55,,
v_d2948d3d6c,/news/world-series-preview,2026-09-18 13:43:16,,
v_f973b0b7e9,/news/midterm-primaries-recap,2026-09-18 13:50:55,,
v_6ac35d598d,/our-staff,2026-09-18 13:54:44,,
v_041a4c752f,/,2026-09-18 14:12:13,,
v_446050d8a1,/,2026-09-18 14:23:22,,
v_fc728bc104,/,2026-09-18 14:25:17,referral,
v_016a47b357,/,2026-09-18 14:35:12,,
v_d0ee2c9368,/subscribe,2026-09-18 14:49:27,facebook,
v_fc728bc104,/subscribe,2026-09-18 14:54:17,,esther.campbell435@icloud.com
v_7229401156,/,2026-09-18 15:00:25,,
v_fc728bc104,/subscribe,2026-09-18 15:02:17,,
v_25cacc2463,/,2026-09-18 15:08:03,,
v_942f19637a,/,2026-09-18 15:18:28,,
v_de57efea85,/subscribe,2026-09-18 15:29:43,,
v_048e04323d,/news/church-attendance-study,2026-09-18 15:36:30,,
v_fc728bc104,/subscribe,2026-09-18 15:38:17,,
v_fefafb0868,/,2026-09-18 15:52:13,,
v_80a9e50ada,/news/hurricane-season-update,2026-09-18 16:11:19,,
v_8b6603f885,/news/new-space-telescope-images,2026-09-18 16:14:19,referral,
v_fc3be40aae,/news/federal-budget-standoff,2026-09-18 16:17:31,facebook,
v_8b6603f885,/,2026-09-18 16:18:19,,
v_b42d463b5a,/news/ai-regulation-bill,2026-09-18 16:33:08,,
v_8b6603f885,/,2026-09-18 16:50:19,,
v_2ea5daef72,/beliefs,2026-09-18 17:37:47,,
v_cff6893180,/,2026-09-18 17:40:07,instagram,
v_a93c9eef94,/news/what-is-happening-in-sudan,2026-09-18 17:41:57,,
v_214698a10c,/news/supreme-court-ruling-explained,2026-09-18 17:47:09,,
v_128f3999d7,/beliefs,2026-09-18 17:50:32,,
v_cff6893180,/news/hurricane-season-update,2026-09-18 17:59:07,,
v_c9b79b42b1,/,2026-09-18 18:06:24,,
v_d322703310,/subscribe,2026-09-18 18:14:12,,
v_6e8727586e,/,2026-09-18 18:17:31,,
v_dcbf81b7b8,/subscribe,2026-09-18 18:23:30,instagram,josiah.edwards168@yahoo.com
v_b050ee0649,/about,2026-09-18 18:25:23,,
v_ccd2725577,/news/hurricane-season-update,2026-09-18 18:40:51,,
v_211a9c6c70,/,2026-09-18 18:52:34,,
v_1108613307,/shadrachs-picks,2026-09-18 19:00:04,,
v_05a33e8989,/,2026-09-18 19:05:38,instagram,
v_09a2598f9a,/news/what-is-happening-in-sudan,2026-09-18 19:19:50,,
v_a93c9eef94,/,2026-09-18 19:20:54,,
v_211a9c6c70,/subscribe,2026-09-18 19:27:34,,sarah.morgan151@protonmail.com
v_814b25819d,/subscribe,2026-09-18 19:29:05,,noah.miller474@gmail.com
v_211a9c6c70,/beliefs,2026-09-18 19:33:34,,
v_42009b8059,/,2026-09-18 19:44:22,,
v_054eb88e79,/news/ai-regulation-bill,2026-09-18 20:00:03,,
v_211a9c6c70,/beliefs,2026-09-18 20:01:34,,
v_c7f0df008a,/news/what-is-happening-in-sudan,2026-09-18 20:04:57,,
v_c6b0ce6261,/beliefs,2026-09-18 20:05:52,,
v_434beb5e71,/news/federal-budget-standoff,2026-09-18 20:08:11,google,
v_05a33e8989,/subscribe,2026-09-18 20:11:38,,ruth.miller441@hotmail.com
v_a67bc80464,/about,2026-09-18 20:59:47,instagram,
v_9bc1b2e823,/,2026-09-18 21:07:52,,
v_c6b0ce6261,/news/ai-regulation-bill,2026-09-18 21:14:13,,
v_8db98d64ba,/beliefs,2026-09-18 21:16:38,,
v_1208933cc8,/news/hurricane-season-update,2026-09-18 21:49:54,,
v_be255df80c,/subscribe,2026-09-18 21:59:29,facebook,ruth.collins213@gmail.com
v_c2724ef726,/news/what-is-happening-in-sudan,2026-09-18 22:21:20,,
v_d6d24296b8,/about,2026-09-18 22:27:37,,
v_eb26d15384,/subscribe,2026-09-18 22:29:16,,LYDIA.MORRIS59@HOTMAIL.COM
v_434beb5e71,/subscribe,2026-09-18 22:31:11,,megan.adams788@yahoo.com
v_cff6893180,/subscribe,2026-09-18 22:34:07,,isaac.nelson545@yahoo.com
v_412da65bb1,/news/new-space-telescope-images,2026-09-18 22:34:33,,
v_335b8c0826,/,2026-09-18 22:58:55,,
v_b05c8310bc,/subscribe,2026-09-18 23:07:21,,
v_be23f194af,/,2026-09-18 23:14:21,,
v_7e4b7dba7f,/beliefs,2026-09-18 23:22:25,,
v_26e2abecf7,/subscribe,2026-09-18 23:36:30,,
v_2ea5daef72,/news/ai-regulation-bill,2026-09-18 23:48:22,,
v_704068a72a,/our-staff,2026-09-18 23:48:37,,
v_704068a72a,/,2026-09-19 00:01:00,,
v_cec9fd90b1,/,2026-09-19 00:02:25,,
v_8b6603f885,/subscribe,2026-09-19 00:03:19,,isaac.jones21@protonmail.com
v_3ae2b1cdd1,/news/hurricane-season-update,2026-09-19 00:05:35,,
v_a4e2f87078,/news/new-space-telescope-images,2026-09-19 00:06:01,,
v_6517cbb9eb,/,2026-09-19 00:07:54,,
v_501a39825c,/shadrachs-picks,2026-09-19 00:10:33,,
v_6c8498cf8c,/news/housing-market-cooldown,2026-09-19 00:11:59,,
v_1d369214f5,/,2026-09-19 00:16:25,,
v_5b7fb8e79d,/,2026-09-19 00:17:18,,
v_13a4b15d30,/news/federal-budget-standoff,2026-09-19 00:39:06,,
v_1b36799123,/news/midterm-primaries-recap,2026-09-19 00:49:01,,
v_bbfbc182d0,/,2026-09-19 01:01:02,,
v_6bc0201505,/news/ai-regulation-bill,2026-09-19 01:01:15,,
v_f13e67e817,/news/new-space-telescope-images,2026-09-19 01:02:17,,
v_8db98d64ba,/,2026-09-19 01:03:39,,
v_b2ab4c654e,/news/what-is-happening-in-sudan,2026-09-19 01:10:07,,
v_4dabb56ab8,/news/midterm-primaries-recap,2026-09-19 01:18:09,instagram,
v_1f92f7e6aa,/,2026-09-19 01:40:31,,
v_93a6213a5b,/beliefs,2026-09-19 01:47:08,,
v_f109cd97d4,/beliefs,2026-09-19 01:54:48,,
v_128f3999d7,/,2026-09-19 02:00:58,,
v_cec9fd90b1,/beliefs,2026-09-19 02:07:53,,
v_a67bc80464,/subscribe,2026-09-19 02:55:47,,abigail.bailey416@gmail.com
v_ba2dca792b,/,2026-09-19 02:56:24,,
v_c3e512b0f9,/news/supreme-court-ruling-explained,2026-09-19 03:01:45,,
v_f3f8f6bd2c,/news/ai-regulation-bill,2026-09-19 03:05:00,,
v_184bc66ed6,/subscribe,2026-09-19 03:05:44,,
v_b050ee0649,/,2026-09-19 03:38:26,,
v_add7bfe4b9,/subscribe,2026-09-19 03:46:26,,
v_0aa162b85e,/our-staff,2026-09-19 03:49:02,,
v_a229bcfd60,/news/housing-market-cooldown,2026-09-19 03:55:10,instagram,
v_3ae2b1cdd1,/,2026-09-19 04:22:00,,
v_e2dec877fa,/beliefs,2026-09-19 04:23:33,,
v_ba2dca792b,/,2026-09-19 04:35:04,,
v_a229bcfd60,/,2026-09-19 04:35:10,,
v_a229bcfd60,/,2026-09-19 04:52:10,,
v_cb54618d0a,/our-staff,2026-09-19 04:52:21,,
v_9317a96d6d,/,2026-09-19 04:54:21,,
v_56929cbb85,/,2026-09-19 04:57:45,,
v_f33a80e7e5,/,2026-09-19 05:00:52,,
v_06daa8098a,/beliefs,2026-09-19 05:07:17,,
v_3867a7cba4,/,2026-09-19 05:19:02,,
v_bd00177495,/news/what-is-happening-in-sudan,2026-09-19 05:33:46,instagram,
v_bd00177495,/,2026-09-19 06:00:46,,
v_bd00177495,/,2026-09-19 06:11:46,,
v_b92cab244e,/subscribe,2026-09-19 06:31:34,,
v_481750a259,/,2026-09-19 06:47:07,,
v_6309c6ae01,/,2026-09-19 06:48:16,,
v_3ae2b1cdd1,/news/hurricane-season-update,2026-09-19 07:07:32,,
v_bbfbc182d0,/subscribe,2026-09-19 07:17:37,,
v_13a4b15d30,/news/church-attendance-study,2026-09-19 07:33:53,,
v_cec9fd90b1,/news/housing-market-cooldown,2026-09-19 07:39:27,,
v_8b023edf11,/,2026-09-19 07:43:33,,
v_1dd3c72b63,/news/hurricane-season-update,2026-09-19 07:44:01,,
v_d3a21af239,/beliefs,2026-09-19 07:50:10,,
v_3ae2b1cdd1,/about,2026-09-19 07:59:02,,
v_d2948d3d6c,/shadrachs-picks,2026-09-19 08:02:57,,
v_b30e5ef27a,/news/world-series-preview,2026-09-19 08:10:33,,
v_09813b671f,/,2026-09-19 08:34:18,,
v_72b6e2a8ff,/news/what-is-happening-in-sudan,2026-09-19 08:49:26,facebook,
v_90111c7a72,/beliefs,2026-09-19 08:51:33,,
v_bd00177495,/subscribe,2026-09-19 08:57:46,,jacob.adams236@hotmail.com
v_38dbe165e2,/our-staff,2026-09-19 08:59:08,,
v_72b6e2a8ff,/,2026-09-19 09:04:26,,
v_ba2dca792b,/,2026-09-19 09:07:57,,
v_fd8f8cf41a,/subscribe,2026-09-19 09:15:43,,
v_c26d0fea55,/our-staff,2026-09-19 09:19:02,,
v_80ef88b085,/,2026-09-19 09:23:10,,
v_4dabb56ab8,/subscribe,2026-09-19 09:27:09,,james.lewis941@gmail.com
v_0282548c29,/news/what-is-happening-in-sudan,2026-09-19 09:31:37,,
v_0282548c29,/shadrachs-picks,2026-09-19 09:41:37,,
v_335b8c0826,/,2026-09-19 09:46:16,,
v_a22c28b898,/news/midterm-primaries-recap,2026-09-19 09:47:05,,
v_7166ae5ad6,/beliefs,2026-09-19 09:53:29,,
v_53bd62cf06,/news/world-series-preview,2026-09-19 09:53:43,,
v_4abe229b32,/about,2026-09-19 09:54:30,,
v_743ac9ba07,/,2026-09-19 10:06:34,google,
v_714ecdfa4b,/,2026-09-19 10:24:40,,
v_743ac9ba07,/news/church-attendance-study,2026-09-19 10:38:34,,
v_ba2dca792b,/,2026-09-19 10:45:53,,
v_d7ce722f7d,/,2026-09-19 11:17:10,,
v_a229bcfd60,/subscribe,2026-09-19 11:18:10,,FAITH.BAKER276@OUTLOOK.COM
v_8c90fbd524,/news/what-is-happening-in-sudan,2026-09-19 11:43:00,,
v_0d5083648b,/about,2026-09-19 11:44:33,instagram,
v_c16689f087,/,2026-09-19 11:45:08,,
v_d568950cb8,/about,2026-09-19 11:51:22,facebook,
v_ea99c175d4,/news/supreme-court-ruling-explained,2026-09-19 12:15:34,,
v_743ac9ba07,/subscribe,2026-09-19 12:34:34,,jacob.williams2@outlook.com
v_48f285d1c8,/news/midterm-primaries-recap,2026-09-19 12:46:49,instagram,
v_3f9df59a3f,/subscribe,2026-09-19 12:57:33,,
v_4abe229b32,/news/midterm-primaries-recap,2026-09-19 13:01:12,,
v_134434e4d8,/,2026-09-19 13:05:20,,
v_a67bc80464,/,2026-09-19 13:07:18,,
v_1072d87352,/,2026-09-19 13:12:20,,
v_cec9fd90b1,/news/federal-budget-standoff,2026-09-19 13:22:36,,
v_0d5083648b,/subscribe,2026-09-19 13:26:33,,matthew.peterson559@icloud.com
v_c9b79b42b1,/news/new-space-telescope-images,2026-09-19 13:38:48,,
v_72b6e2a8ff,/subscribe,2026-09-19 13:39:26,,faith.clark54@protonmail.com
v_3867a7cba4,/news/federal-budget-standoff,2026-09-19 13:58:59,,
v_ba2dca792b,/news/ai-regulation-bill,2026-09-19 14:02:13,,
v_31e6f0e594,/news/what-is-happening-in-sudan,2026-09-19 14:05:55,,
v_1b36799123,/,2026-09-19 14:14:03,,
v_743ac9ba07,/,2026-09-19 14:35:15,,
v_3f999882be,/news/what-is-happening-in-sudan,2026-09-19 14:37:05,facebook,
v_0d35f7999a,/about,2026-09-19 14:39:41,,
v_06daa8098a,/about,2026-09-19 15:00:17,,
v_638405c13b,/,2026-09-19 15:05:18,,
v_21a3b855a3,/subscribe,2026-09-19 15:05:48,google,
v_0aa162b85e,/shadrachs-picks,2026-09-19 15:09:48,,
v_3bb92d759a,/about,2026-09-19 15:13:59,,
v_3f999882be,/,2026-09-19 15:20:05,,
v_42d7d2ed3d,/news/hurricane-season-update,2026-09-19 15:34:15,,
v_3f999882be,/subscribe,2026-09-19 15:56:05,,
v_a895fd265a,/our-staff,2026-09-19 16:00:41,,
v_22dbb5da70,/,2026-09-19 16:16:07,,
v_322e76c5c6,/news/church-attendance-study,2026-09-19 16:19:09,,
v_aa21c21077,/,2026-09-19 16:24:45,,
v_06daa8098a,/beliefs,2026-09-19 16:42:04,,
v_0282548c29,/subscribe,2026-09-19 17:01:37,,hope.martin449@gmail.com
v_d322703310,/,2026-09-19 17:23:14,,
v_f294708e23,/shadrachs-picks,2026-09-19 17:36:48,,
v_add7bfe4b9,/beliefs,2026-09-19 17:41:49,,
v_ba2dca792b,/shadrachs-picks,2026-09-19 17:50:55,,
v_4092b03d85,/our-staff,2026-09-19 17:55:20,,
v_cb3d4259af,/news/ai-regulation-bill,2026-09-19 17:56:48,,
v_3ae2b1cdd1,/beliefs,2026-09-19 18:05:08,,
v_054eb88e79,/,2026-09-19 18:24:56,,
v_3ae2b1cdd1,/,2026-09-19 18:25:53,,
v_57c13b3631,/news/new-space-telescope-images,2026-09-19 18:31:40,,
v_d70583d0be,/news/church-attendance-study,2026-09-19 18:32:35,,
v_3ae2b1cdd1,/news/federal-budget-standoff,2026-09-19 18:36:24,,
v_e5793e991c,/,2026-09-19 18:37:24,instagram,
v_915dfe9a74,/shadrachs-picks,2026-09-19 18:40:01,,
v_937c2e8f73,/news/world-series-preview,2026-09-19 19:09:08,,
v_7078dfc763,/news/supreme-court-ruling-explained,2026-09-19 19:18:37,,
v_58c0513c08,/news/federal-budget-standoff,2026-09-19 19:19:24,,
v_19f846108a,/,2026-09-19 19:20:20,,
v_915dfe9a74,/subscribe,2026-09-19 19:26:01,,
v_06daa8098a,/news/world-series-preview,2026-09-19 19:26:14,,
v_9b1fe99536,/news/midterm-primaries-recap,2026-09-19 19:38:14,,
v_603a8ea3a9,/,2026-09-19 19:48:23,facebook,
v_a072e2bb9d,/,2026-09-19 19:49:34,,
v_cec9fd90b1,/news/supreme-court-ruling-explained,2026-09-19 19:53:41,,
v_714ecdfa4b,/,2026-09-19 19:57:48,,
v_76e966e0c6,/,2026-09-19 20:07:25,,
v_0ab8c5dc8f,/,2026-09-19 20:36:39,,
v_c7c69b0ade,/shadrachs-picks,2026-09-19 20:39:02,,
v_03fbb1db6d,/news/ai-regulation-bill,2026-09-19 20:48:15,facebook,
v_8e929934eb,/,2026-09-19 20:53:33,,
v_3f999882be,/subscribe,2026-09-19 21:15:05,,DANIEL.GARCIA235@GMAIL.COM
v_6dc605daeb,/news/church-attendance-study,2026-09-19 21:16:52,google,
v_8b51ae0473,/,2026-09-19 21:22:55,,
v_56e6a2326c,/,2026-09-19 21:24:07,,
v_42009b8059,/,2026-09-19 21:27:24,,
v_f0661e4a54,/news/supreme-court-ruling-explained,2026-09-19 21:47:56,,
v_864fcb72d6,/news/what-is-happening-in-sudan,2026-09-19 21:51:14,,
v_d84690f405,/news/housing-market-cooldown,2026-09-19 21:51:21,,
v_cec9fd90b1,/news/housing-market-cooldown,2026-09-19 22:11:06,,
v_a2ea407cd8,/news/housing-market-cooldown,2026-09-19 22:27:56,,
v_5bd7f62421,/,2026-09-19 22:37:27,google,
v_3f999882be,/about,2026-09-19 22:51:53,,
v_a4e2f87078,/,2026-09-19 23:13:45,,
v_04d012fb3f,/news/housing-market-cooldown,2026-09-19 23:22:47,,
v_a8e2b9fe46,/news/hurricane-season-update,2026-09-19 23:23:28,,
v_4a4644db02,/,2026-09-19 23:28:18,,
v_7bc45f40e9,/,2026-09-19 23:28:31,instagram,
v_f3d2d0c564,/news/what-is-happening-in-sudan,2026-09-19 23:39:51,,
v_fc53292e2d,/subscribe,2026-09-19 23:45:38,google,LAURA.PHILLIPS719@GMAIL.COM
v_32b611870b,/subscribe,2026-09-19 23:55:38,podcast,grace.lewis308@protonmail.com
v_9a2ddd467b,/subscribe,2026-09-20 00:08:54,,
v_7bc45f40e9,/,2026-09-20 00:13:31,,
v_7bc45f40e9,/news/hurricane-season-update,2026-09-20 00:15:31,,
v_01bb49fd4a,/news/what-is-happening-in-sudan,2026-09-20 00:25:48,,
v_567e2b2bf6,/about,2026-09-20 00:35:16,,
v_8deb03e101,/news/hurricane-season-update,2026-09-20 00:44:01,,
v_3d0dd07659,/,2026-09-20 00:48:12,google,
v_c6b0ce6261,/news/housing-market-cooldown,2026-09-20 00:52:58,,
v_3d0dd07659,/,2026-09-20 00:58:12,,
v_3d0dd07659,/news/what-is-happening-in-sudan,2026-09-20 01:02:12,,
v_01f3bade04,/news/midterm-primaries-recap,2026-09-20 01:10:12,,
v_7bc45f40e9,/subscribe,2026-09-20 01:16:31,,naomi.phillips131@gmail.com
v_bb56cf01b5,/subscribe,2026-09-20 01:44:15,,
v_3ae2b1cdd1,/,2026-09-20 02:02:19,,
v_fdb37b7818,/,2026-09-20 02:04:08,,
v_03f5282177,/news/church-attendance-study,2026-09-20 02:23:53,facebook,
v_a93c9eef94,/,2026-09-20 02:26:32,,
v_868b8c8697,/news/supreme-court-ruling-explained,2026-09-20 02:43:16,,
v_53bd62cf06,/news/church-attendance-study,2026-09-20 02:46:29,,
v_c6b0ce6261,/subscribe,2026-09-20 02:53:40,,
v_03fbb1db6d,/subscribe,2026-09-20 02:57:15,,hope.miller362@icloud.com
v_d7ce722f7d,/about,2026-09-20 03:09:06,,
v_2ea5daef72,/subscribe,2026-09-20 03:11:19,,
v_4f425c8f45,/news/midterm-primaries-recap,2026-09-20 03:13:11,,
v_ce7e3c163c,/shadrachs-picks,2026-09-20 03:33:15,,
v_6f6a84cafb,/news/church-attendance-study,2026-09-20 03:38:36,,
v_fcdcb2d0fe,/news/new-space-telescope-images,2026-09-20 03:42:26,referral,
v_6fb3939de7,/,2026-09-20 04:10:56,,
v_054eb88e79,/about,2026-09-20 04:18:35,,
v_2604efe7e4,/,2026-09-20 04:18:36,,
v_7a50693c56,/about,2026-09-20 04:21:46,,
v_8750310d08,/news/federal-budget-standoff,2026-09-20 04:27:14,,
v_b495b19ec3,/news/what-is-happening-in-sudan,2026-09-20 04:42:22,instagram,
v_272291192d,/,2026-09-20 04:49:23,google,
v_2fd8ce087d,/,2026-09-20 05:13:55,,
v_fd10661b1e,/news/new-space-telescope-images,2026-09-20 05:19:16,,
v_c16689f087,/,2026-09-20 05:23:36,,
v_28b4880220,/subscribe,2026-09-20 05:27:39,,
v_d5f5a8801d,/our-staff,2026-09-20 05:29:49,google,
v_56596eda5f,/,2026-09-20 05:31:16,,
v_f0059b4a14,/beliefs,2026-09-20 05:39:50,,
v_25d1ccb8f5,/news/new-space-telescope-images,2026-09-20 05:45:35,,
v_09c6b17146,/news/federal-budget-standoff,2026-09-20 05:53:11,,
v_714ecdfa4b,/,2026-09-20 05:54:01,,
v_ecf5106712,/,2026-09-20 06:08:11,,
v_cca2c3705e,/,2026-09-20 06:17:13,,
v_03f5282177,/subscribe,2026-09-20 06:17:53,,leah.collins952@gmail.com
v_bbfbc182d0,/,2026-09-20 06:21:22,,
v_b495b19ec3,/subscribe,2026-09-20 06:27:22,,claire.cooper866@gmail.com
v_1ca4065688,/news/supreme-court-ruling-explained,2026-09-20 06:38:33,google,
v_d84690f405,/beliefs,2026-09-20 06:45:24,,
v_3d523ae5e4,/news/new-space-telescope-images,2026-09-20 06:46:19,,
v_1e9d8783c2,/,2026-09-20 07:19:58,,
v_3d0dd07659,/subscribe,2026-09-20 07:22:12,,tim.collins76@outlook.com
v_9c5c67fe12,/subscribe,2026-09-20 07:27:45,,
v_fcdcb2d0fe,/subscribe,2026-09-20 07:32:26,,matthew.mitchell593@gmail.com
v_0c8c678ebf,/shadrachs-picks,2026-09-20 07:33:43,,
v_5e507165b6,/shadrachs-picks,2026-09-20 07:38:18,,
v_7229401156,/,2026-09-20 07:49:03,,
v_c07181ac8c,/news/church-attendance-study,2026-09-20 08:09:16,,
v_461169d3e1,/news/hurricane-season-update,2026-09-20 08:15:18,,
v_a8e2b9fe46,/news/supreme-court-ruling-explained,2026-09-20 08:25:43,,
v_c69b9b47b0,/beliefs,2026-09-20 08:30:46,instagram,
v_53f97c801d,/news/hurricane-season-update,2026-09-20 08:59:57,,
v_d7ce722f7d,/news/church-attendance-study,2026-09-20 09:03:40,,
v_abee214526,/,2026-09-20 09:03:58,,
v_b0b2083034,/,2026-09-20 09:05:47,,
v_06daa8098a,/,2026-09-20 09:22:18,,
v_7c8ecc63e1,/about,2026-09-20 10:03:10,,
v_d0bffe8dc3,/,2026-09-20 10:10:01,,
v_0d35f7999a,/news/ai-regulation-bill,2026-09-20 10:21:46,,
v_01765887d7,/,2026-09-20 10:32:36,instagram,
v_f320ff6d7d,/subscribe,2026-09-20 10:41:55,,hope.morgan507@hotmail.com
v_8a19183f87,/subscribe,2026-09-20 10:50:05,,
v_3867a7cba4,/our-staff,2026-09-20 10:52:11,,
v_13a4b15d30,/shadrachs-picks,2026-09-20 10:57:51,,
v_e9c3ebd1e2,/,2026-09-20 11:22:23,,
v_d6770c2c32,/news/federal-budget-standoff,2026-09-20 11:30:42,,
v_fefafb0868,/our-staff,2026-09-20 11:33:05,,
v_1356456cdc,/shadrachs-picks,2026-09-20 11:37:19,instagram,
v_412da65bb1,/,2026-09-20 11:39:32,,
v_473051667f,/,2026-09-20 11:52:21,,
v_11afe03d9a,/subscribe,2026-09-20 11:54:05,instagram,ethan.rogers257@gmail.com
v_08c59dd8ee,/,2026-09-20 12:28:25,google,
v_e2dec877fa,/about,2026-09-20 12:33:44,,
v_473051667f,/subscribe,2026-09-20 12:36:09,,
v_3867a7cba4,/news/church-attendance-study,2026-09-20 12:46:26,,
v_c53d909222,/subscribe,2026-09-20 12:55:12,,
v_d322703310,/,2026-09-20 13:15:27,,
v_b92cab244e,/news/world-series-preview,2026-09-20 13:21:47,,
v_892982949d,/about,2026-09-20 13:28:56,,
v_7179091f18,/about,2026-09-20 13:33:40,instagram,
v_7179091f18,/beliefs,2026-09-20 13:45:40,,
v_c71839650b,/subscribe,2026-09-20 13:51:51,,
v_25cacc2463,/news/new-space-telescope-images,2026-09-20 14:06:15,,
v_25cacc2463,/subscribe,2026-09-20 14:06:16,,
v_7179091f18,/,2026-09-20 14:06:40,,
v_fa5e17ca59,/,2026-09-20 14:07:53,referral,
v_a8f5803604,/news/housing-market-cooldown,2026-09-20 14:27:18,,
v_3867a7cba4,/beliefs,2026-09-20 14:30:21,,
v_529e3e9088,/,2026-09-20 14:32:20,referral,
v_4b3f2a4662,/news/ai-regulation-bill,2026-09-20 14:44:51,,
v_fa5e17ca59,/subscribe,2026-09-20 14:46:53,,jacob.johnson313@icloud.com
v_fefafb0868,/subscribe,2026-09-20 14:53:16,,
v_7179091f18,/subscribe,2026-09-20 14:55:40,,isaac.anderson87@protonmail.com
v_f968377d2b,/beliefs,2026-09-20 15:01:42,,
v_7e2a904369,/,2026-09-20 15:31:52,,
v_7d3ec24549,/,2026-09-20 15:37:42,,
v_c561f027c1,/news/midterm-primaries-recap,2026-09-20 15:41:32,,
v_914ffede2f,/,2026-09-20 15:57:43,,
v_453bf426e4,/,2026-09-20 16:18:51,,
v_914ffede2f,/subscribe,2026-09-20 16:19:24,,
v_09a2598f9a,/subscribe,2026-09-20 16:37:35,,
v_13a4b15d30,/,2026-09-20 16:52:40,,
v_1d369214f5,/news/church-attendance-study,2026-09-20 16:54:52,,
v_d12bb38997,/about,2026-09-20 16:56:14,,
v_3d55e1d787,/,2026-09-20 17:05:05,,
v_7a50693c56,/news/what-is-happening-in-sudan,2026-09-20 17:22:10,,
v_5f37e76da6,/,2026-09-20 17:29:03,,
v_704068a72a,/,2026-09-20 17:38:39,,
v_446050d8a1,/,2026-09-20 17:39:10,,
v_5a054c30c1,/,2026-09-20 17:44:07,,
v_fd5d5645c7,/,2026-09-20 18:17:49,,
v_cff6893180,/news/midterm-primaries-recap,2026-09-20 18:21:29,,
v_e5232496a9,/news/federal-budget-standoff,2026-09-20 18:27:22,google,
v_fcdcb2d0fe,/subscribe,2026-09-20 18:32:18,,
v_6d8dced44d,/,2026-09-20 18:42:26,referral,
v_33dc6e526b,/beliefs,2026-09-20 18:49:17,,
v_6d8dced44d,/about,2026-09-20 19:02:26,,
v_a895fd265a,/subscribe,2026-09-20 19:02:46,,
v_6d8dced44d,/,2026-09-20 19:06:26,,
v_6bc0201505,/shadrachs-picks,2026-09-20 19:12:28,,
v_c9147ac777,/shadrachs-picks,2026-09-20 19:12:45,,
v_f8322c7b89,/subscribe,2026-09-20 19:16:02,,
v_6d8dced44d,/subscribe,2026-09-20 19:18:26,,josiah.hall527@gmail.com
v_c9fcb6a5c2,/,2026-09-20 19:23:19,,
v_beb9d2d1b9,/news/federal-budget-standoff,2026-09-20 19:26:26,google,
v_214698a10c,/,2026-09-20 19:26:47,,
v_19a59f327f,/our-staff,2026-09-20 19:33:50,,
v_1383fcbf3a,/news/housing-market-cooldown,2026-09-20 19:48:31,,
v_e82005c811,/news/what-is-happening-in-sudan,2026-09-20 19:53:36,,
v_529e3e9088,/subscribe,2026-09-20 20:07:20,,tim.hill184@gmail.com
v_a1f6122313,/news/hurricane-season-update,2026-09-20 20:23:52,referral,
v_a1f6122313,/subscribe,2026-09-20 20:26:52,,
v_01765887d7,/news/midterm-primaries-recap,2026-09-20 20:32:12,instagram,
v_4f425c8f45,/,2026-09-20 20:59:08,,
v_c8a34bb260,/news/ai-regulation-bill,2026-09-20 21:06:20,,
v_7229401156,/,2026-09-20 21:06:46,,
v_abb20713f2,/shadrachs-picks,2026-09-20 21:17:27,,
v_f72d32c3e8,/about,2026-09-20 21:26:40,referral,
v_85b4c406d0,/,2026-09-20 22:00:51,google,
v_9ac38ac373,/,2026-09-20 22:04:54,,
v_cec9fd90b1,/news/new-space-telescope-images,2026-09-20 22:11:37,,
v_cca2c3705e,/shadrachs-picks,2026-09-20 22:23:33,,
v_e9c3ebd1e2,/beliefs,2026-09-20 22:26:37,instagram,
v_a1f6122313,/subscribe,2026-09-20 22:43:52,,caleb.king206@hotmail.com
v_a67bc80464,/news/church-attendance-study,2026-09-20 22:45:25,,
v_85b4c406d0,/,2026-09-20 22:45:51,,
v_eb0ccdc557,/,2026-09-20 22:59:30,,
v_2604efe7e4,/,2026-09-20 23:05:31,,
v_85b4c406d0,/news/federal-budget-standoff,2026-09-20 23:14:51,,
v_5362ccce19,/news/supreme-court-ruling-explained,2026-09-20 23:24:46,,
v_53bd62cf06,/shadrachs-picks,2026-09-20 23:42:20,,
v_4d2862e24f,/news/ai-regulation-bill,2026-09-20 23:42:59,instagram,
v_ef1c496495,/,2026-09-21 00:08:15,,
v_bbfbc182d0,/about,2026-09-21 00:25:33,,
v_25cacc2463,/about,2026-09-21 00:27:22,,
v_e92c01b348,/,2026-09-21 00:53:02,,
v_0c568b4e30,/beliefs,2026-09-21 01:36:00,,
v_70642f7f3d,/,2026-09-21 01:40:29,,
v_00e0f89ef8,/our-staff,2026-09-21 01:45:24,,
v_f72d32c3e8,/subscribe,2026-09-21 01:45:40,,mark.taylor85@outlook.com
v_9008f18189,/,2026-09-21 01:50:30,,
v_356fb4b9e4,/,2026-09-21 01:55:02,,
v_434beb5e71,/subscribe,2026-09-21 02:20:18,,
v_afd39d69f8,/,2026-09-21 02:35:54,,
v_ccd2725577,/news/housing-market-cooldown,2026-09-21 02:54:53,,
v_4f7e486845,/news/supreme-court-ruling-explained,2026-09-21 03:03:42,google,
v_4902166afc,/news/world-series-preview,2026-09-21 03:13:04,instagram,
v_4f7e486845,/news/world-series-preview,2026-09-21 03:17:42,,
v_b2ecd29adf,/news/ai-regulation-bill,2026-09-21 03:23:58,,
v_4f7e486845,/,2026-09-21 03:26:42,,
v_76a6517f92,/,2026-09-21 03:28:56,,
v_1d369214f5,/shadrachs-picks,2026-09-21 03:29:16,,
v_83d84680f3,/,2026-09-21 03:35:31,,
v_4902166afc,/,2026-09-21 03:47:04,,
v_8b6603f885,/shadrachs-picks,2026-09-21 03:49:40,,
v_4902166afc,/news/midterm-primaries-recap,2026-09-21 03:59:04,,
v_33dc6e526b,/news/what-is-happening-in-sudan,2026-09-21 04:44:29,,
v_42d7d2ed3d,/,2026-09-21 04:44:35,,
v_8b6603f885,/,2026-09-21 04:59:56,,
v_21d068ad64,/,2026-09-21 05:01:06,,
v_056c984f33,/subscribe,2026-09-21 05:24:37,instagram,
v_bcec2b6158,/,2026-09-21 05:24:40,,
v_335b8c0826,/subscribe,2026-09-21 05:30:36,,
v_c7f0df008a,/news/housing-market-cooldown,2026-09-21 05:50:40,,
v_06daa8098a,/subscribe,2026-09-21 05:51:25,,
v_b1e5255be0,/,2026-09-21 05:55:39,,
v_36ffd8541d,/news/ai-regulation-bill,2026-09-21 06:02:02,,
v_22dbb5da70,/news/new-space-telescope-images,2026-09-21 06:15:46,,
v_529e3e9088,/news/federal-budget-standoff,2026-09-21 06:24:39,,
v_b163a83449,/news/world-series-preview,2026-09-21 06:27:23,,
v_fefafb0868,/news/housing-market-cooldown,2026-09-21 06:33:25,,
v_85b4c406d0,/subscribe,2026-09-21 06:35:51,,ESTHER.MOORE267@GMAIL.COM
v_654c54987c,/,2026-09-21 06:39:34,,
v_a93f7a2dbe,/,2026-09-21 06:39:34,,
v_21551a402b,/,2026-09-21 06:49:20,,
v_684f63f71d,/news/world-series-preview,2026-09-21 07:00:02,instagram,
v_ba2dca792b,/news/ai-regulation-bill,2026-09-21 07:12:42,,
v_9116c40002,/,2026-09-21 07:17:27,,
v_f24ef82667,/news/world-series-preview,2026-09-21 07:47:09,facebook,
v_fcdcb2d0fe,/our-staff,2026-09-21 07:52:24,,
v_b28a1d9c13,/news/new-space-telescope-images,2026-09-21 07:56:24,,
v_4ebdc2ef61,/news/what-is-happening-in-sudan,2026-09-21 08:08:18,,
v_b495b19ec3,/news/federal-budget-standoff,2026-09-21 08:11:21,,
v_7d5a7b402e,/,2026-09-21 08:20:42,instagram,
v_abb20713f2,/,2026-09-21 08:23:30,,
v_1383fcbf3a,/about,2026-09-21 08:28:26,,
v_5048132704,/news/supreme-court-ruling-explained,2026-09-21 08:28:29,,
v_abd8df5ccf,/about,2026-09-21 08:29:35,,
v_f24ef82667,/subscribe,2026-09-21 08:31:09,,mary.king858@protonmail.com
v_529e3e9088,/news/federal-budget-standoff,2026-09-21 08:33:40,,
v_afd1a9577f,/beliefs,2026-09-21 08:33:57,,
v_1a8bc255ca,/,2026-09-21 08:36:55,,
v_33dc6e526b,/news/new-space-telescope-images,2026-09-21 08:38:37,,
v_b58a575f06,/news/midterm-primaries-recap,2026-09-21 08:41:51,,
v_c9147ac777,/,2026-09-21 08:47:57,,
v_f8322c7b89,/,2026-09-21 08:52:20,,
v_3d523ae5e4,/news/new-space-telescope-images,2026-09-21 08:55:52,,
v_7d5a7b402e,/shadrachs-picks,2026-09-21 09:00:42,,
v_cec9fd90b1,/,2026-09-21 09:15:06,,
v_5db5140307,/news/hurricane-season-update,2026-09-21 09:28:42,,
v_4c05884ce6,/news/church-attendance-study,2026-09-21 09:36:46,,
v_4a925757f4,/beliefs,2026-09-21 09:43:16,,
v_f973b0b7e9,/,2026-09-21 09:45:35,,
v_2ea5daef72,/shadrachs-picks,2026-09-21 09:47:36,,
v_ee0fe08ee5,/subscribe,2026-09-21 09:59:11,,
v_335b8c0826,/,2026-09-21 10:08:24,,
v_ef97760ad1,/news/federal-budget-standoff,2026-09-21 10:18:35,,
v_ab34ed9837,/news/supreme-court-ruling-explained,2026-09-21 10:22:28,,
v_be23f194af,/our-staff,2026-09-21 10:28:16,,
v_b58a575f06,/,2026-09-21 10:42:33,,
v_21d068ad64,/news/new-space-telescope-images,2026-09-21 10:42:43,,
v_be35dcbc30,/news/supreme-court-ruling-explained,2026-09-21 10:57:55,,
v_fc53292e2d,/beliefs,2026-09-21 10:59:12,,
v_1383fcbf3a,/news/hurricane-season-update,2026-09-21 11:02:25,,
v_b28a1d9c13,/news/ai-regulation-bill,2026-09-21 11:04:25,,
v_1dd3c72b63,/news/midterm-primaries-recap,2026-09-21 11:05:54,,
v_1b36799123,/our-staff,2026-09-21 11:06:55,,
v_04d012fb3f,/subscribe,2026-09-21 11:27:11,,
v_4902166afc,/subscribe,2026-09-21 11:35:04,,emily.hill11@gmail.com
v_52eec641f5,/news/midterm-primaries-recap,2026-09-21 11:42:43,instagram,
v_19f846108a,/news/new-space-telescope-images,2026-09-21 11:44:03,,
v_b0c8a0585e,/news/hurricane-season-update,2026-09-21 11:44:13,,
v_262aace039,/,2026-09-21 11:52:33,,
v_704068a72a,/,2026-09-21 12:00:30,,
v_cff6893180,/news/world-series-preview,2026-09-21 12:03:10,,
v_928eceae31,/,2026-09-21 12:03:53,,
v_28b4880220,/news/world-series-preview,2026-09-21 12:09:13,,
v_47d2bfdfa6,/,2026-09-21 12:11:10,,
v_6d8dced44d,/shadrachs-picks,2026-09-21 12:14:07,,
v_ba2dca792b,/,2026-09-21 12:19:59,,
v_cb3d4259af,/,2026-09-21 12:21:11,,
v_67ac5bad9e,/news/what-is-happening-in-sudan,2026-09-21 12:28:35,facebook,
v_21d068ad64,/news/hurricane-season-update,2026-09-21 12:29:09,,
v_67ac5bad9e,/,2026-09-21 12:29:35,,
v_cadbb58e2f,/,2026-09-21 12:39:13,,
v_22b00f4e0e,/,2026-09-21 12:46:09,,
v_1208933cc8,/news/what-is-happening-in-sudan,2026-09-21 12:54:52,,
v_4f7e486845,/subscribe,2026-09-21 12:55:42,,megan.lewis980@yahoo.com
v_8b6603f885,/,2026-09-21 13:17:25,,
v_3ae2b1cdd1,/,2026-09-21 13:24:44,,
v_050a34cb36,/subscribe,2026-09-21 13:30:40,,
v_87e7734a2f,/,2026-09-21 13:36:16,,
v_62dbe0645d,/news/housing-market-cooldown,2026-09-21 13:39:26,,
v_517aff1753,/news/housing-market-cooldown,2026-09-21 13:46:55,,
v_684f63f71d,/subscribe,2026-09-21 13:49:02,,david.murphy86@gmail.com
v_5b75b5f7dc,/news/what-is-happening-in-sudan,2026-09-21 13:57:50,,
v_05fe39aeea,/news/federal-budget-standoff,2026-09-21 13:58:23,,
v_4abe229b32,/news/midterm-primaries-recap,2026-09-21 13:58:26,,
v_e5793e991c,/news/hurricane-season-update,2026-09-21 14:09:10,,
v_d7148f2a00,/shadrachs-picks,2026-09-21 14:23:29,,
v_b0b2083034,/news/ai-regulation-bill,2026-09-21 14:23:44,,
v_e89f14a2b8,/,2026-09-21 14:27:02,instagram,
v_2a501bb240,/,2026-09-21 14:27:32,,
v_7b1ba7a0fd,/,2026-09-21 14:27:48,,
v_e259eb0c9f,/news/housing-market-cooldown,2026-09-21 14:30:34,,
v_868b8c8697,/news/ai-regulation-bill,2026-09-21 14:38:04,,
v_67ac5bad9e,/subscribe,2026-09-21 14:40:35,,joshua.wilson914@gmail.com
v_a1f6122313,/,2026-09-21 14:46:59,,
v_90426ff7ef,/,2026-09-21 14:47:16,,
v_d2e9b5cb87,/subscribe,2026-09-21 14:49:14,,
v_cadbb58e2f,/news/federal-budget-standoff,2026-09-21 14:55:09,,
v_220a557cca,/,2026-09-21 14:56:26,,
v_b609b971bb,/news/ai-regulation-bill,2026-09-21 14:56:44,,
v_6517cbb9eb,/beliefs,2026-09-21 14:57:07,,
v_19799ee79e,/,2026-09-21 15:10:54,,
v_d12bb38997,/,2026-09-21 15:19:48,,
v_4d32b10a15,/,2026-09-21 15:21:21,,
v_86b4fd9e39,/,2026-09-21 15:26:11,,
v_1d369214f5,/news/supreme-court-ruling-explained,2026-09-21 15:29:25,,
v_9bc6b2ff5e,/about,2026-09-21 15:33:32,,
v_d6cc09ef0b,/,2026-09-21 15:38:32,,
v_6b9562e2b4,/news/hurricane-season-update,2026-09-21 15:39:28,facebook,
v_50dfd8c37a,/,2026-09-21 15:39:28,twitter,
v_add7bfe4b9,/news/ai-regulation-bill,2026-09-21 15:41:54,,
v_e89f14a2b8,/subscribe,2026-09-21 15:49:02,,isaac.hall913@gmail.com
v_729e159b29,/subscribe,2026-09-21 15:58:16,,
v_fc53292e2d,/,2026-09-21 15:59:20,,
v_21cbbf4cda,/news/hurricane-season-update,2026-09-21 16:13:54,,
v_add7bfe4b9,/news/federal-budget-standoff,2026-09-21 16:13:56,,
v_6b9562e2b4,/news/housing-market-cooldown,2026-09-21 16:14:28,,
v_50dfd8c37a,/subscribe,2026-09-21 16:22:28,,
v_6b9562e2b4,/,2026-09-21 16:23:28,,
v_30be20a962,/news/church-attendance-study,2026-09-21 16:25:32,twitter,
v_579b02b1b2,/,2026-09-21 16:34:19,,
v_534de4c577,/news/new-space-telescope-images,2026-09-21 16:38:55,,
v_95f5c99ed6,/news/housing-market-cooldown,2026-09-21 16:40:45,,
v_684f63f71d,/,2026-09-21 16:44:16,,
v_438827fec0,/,2026-09-21 16:51:39,,
v_30be20a962,/,2026-09-21 16:57:32,,
v_9b7d77cfae,/shadrachs-picks,2026-09-21 17:04:53,,
v_bbfbc182d0,/news/church-attendance-study,2026-09-21 17:07:46,,
v_c0d2fd0530,/,2026-09-21 17:15:59,instagram,
v_ab34ed9837,/shadrachs-picks,2026-09-21 17:22:31,,
v_c0d2fd0530,/news/hurricane-season-update,2026-09-21 17:26:59,,
v_bbfbc182d0,/news/ai-regulation-bill,2026-09-21 17:27:35,,
v_821dda8af8,/about,2026-09-21 17:28:16,instagram,
v_81a2430425,/,2026-09-21 18:05:46,,
v_7d5a7b402e,/subscribe,2026-09-21 18:10:42,,hope.morgan153@gmail.com
v_2332f2d139,/news/world-series-preview,2026-09-21 18:12:15,,
v_d322703310,/news/hurricane-season-update,2026-09-21 18:12:38,,
v_5a51aa948e,/news/hurricane-season-update,2026-09-21 18:13:40,referral,
v_0d35f7999a,/,2026-09-21 18:21:46,,
v_38458fc902,/,2026-09-21 18:39:49,,
v_5a51aa948e,/,2026-09-21 18:44:40,,
v_f24ef82667,/news/hurricane-season-update,2026-09-21 18:46:02,,
v_fcdcb2d0fe,/subscribe,2026-09-21 18:55:46,,
v_c71839650b,/subscribe,2026-09-21 18:58:10,,
v_5ef732a72f,/subscribe,2026-09-21 18:59:31,,
v_30be20a962,/subscribe,2026-09-21 19:06:32,,lydia.morris546@hotmail.com
v_a93c9eef94,/our-staff,2026-09-21 19:14:28,,
v_6b9562e2b4,/subscribe,2026-09-21 19:20:28,,hannah.green461@gmail.com
v_5a51aa948e,/,2026-09-21 19:25:40,,
v_821dda8af8,/subscribe,2026-09-21 19:42:16,,david.anderson895@gmail.com
v_0d5083648b,/,2026-09-21 19:47:48,,
v_abb20713f2,/subscribe,2026-09-21 19:58:32,,
v_338e52c165,/,2026-09-21 20:11:38,google,
v_50dfd8c37a,/subscribe,2026-09-21 20:24:28,,AARON.MORRIS35@ICLOUD.COM
v_fefafb0868,/subscribe,2026-09-21 20:26:33,,
v_a1f6122313,/news/world-series-preview,2026-09-21 20:27:54,,
v_c7dfd632ad,/shadrachs-picks,2026-09-21 20:27:57,,
v_883434d49d,/,2026-09-21 20:30:09,,
v_5a51aa948e,/subscribe,2026-09-21 20:40:40,,andrew.allen772@yahoo.com
v_9ac38ac373,/,2026-09-21 20:46:57,,
v_b0b2083034,/news/federal-budget-standoff,2026-09-21 20:59:08,,
v_fbae2efece,/subscribe,2026-09-21 21:29:40,google,
v_da8254ec25,/,2026-09-21 21:45:18,instagram,
v_2c6ed79df4,/,2026-09-21 21:50:27,,
v_7534986b3d,/news/world-series-preview,2026-09-21 22:04:30,,
v_56929cbb85,/our-staff,2026-09-21 22:04:38,,
v_4d32b10a15,/,2026-09-21 22:18:04,,
v_2aa7b7d911,/,2026-09-21 22:18:04,,
v_654c54987c,/subscribe,2026-09-21 22:44:25,,
v_bbfbc182d0,/shadrachs-picks,2026-09-21 22:51:07,,
v_2ea5daef72,/about,2026-09-21 23:14:34,,
v_6538503b71,/beliefs,2026-09-21 23:18:52,,
v_7179091f18,/news/church-attendance-study,2026-09-21 23:19:16,,
v_3867a7cba4,/our-staff,2026-09-21 23:20:08,,
v_5a860e96cf,/,2026-09-21 23:33:49,facebook,
v_63a91334d0,/about,2026-09-21 23:33:55,facebook,
v_df77a8cd78,/,2026-09-21 23:40:51,,
v_30fd8ca55b,/,2026-09-21 23:41:09,,
v_5a860e96cf,/news/midterm-primaries-recap,2026-09-21 23:41:49,,
v_c0d2fd0530,/subscribe,2026-09-21 23:46:59,,james.allen81@icloud.com
v_8c1625dbd0,/,2026-09-21 23:51:11,referral,
v_63a91334d0,/news/what-is-happening-in-sudan,2026-09-21 23:55:55,,
v_38dbe165e2,/beliefs,2026-09-21 23:58:57,,
v_534de4c577,/,2026-09-22 00:07:46,,
v_48f285d1c8,/news/housing-market-cooldown,2026-09-22 00:11:55,google,
v_056c984f33,/shadrachs-picks,2026-09-22 00:11:56,,
v_4dabb56ab8,/subscribe,2026-09-22 00:14:29,,
v_8c1625dbd0,/news/new-space-telescope-images,2026-09-22 00:24:11,,
v_95d83a0f6b,/news/church-attendance-study,2026-09-22 00:47:26,,
v_2165c30c33,/subscribe,2026-09-22 00:48:03,,
v_b58a575f06,/,2026-09-22 01:02:24,,
v_5b16198a7b,/news/what-is-happening-in-sudan,2026-09-22 01:07:44,,
v_d14406beef,/shadrachs-picks,2026-09-22 01:27:29,instagram,
v_9bc6b2ff5e,/about,2026-09-22 01:45:51,,
v_29b5dafb39,/,2026-09-22 01:46:06,instagram,
v_1040a80197,/news/what-is-happening-in-sudan,2026-09-22 02:00:55,,
v_6bc0201505,/news/church-attendance-study,2026-09-22 02:25:22,,
v_cec9fd90b1,/news/federal-budget-standoff,2026-09-22 02:26:51,,
v_75d326d905,/news/supreme-court-ruling-explained,2026-09-22 02:42:10,,
v_a67bc80464,/shadrachs-picks,2026-09-22 02:43:50,,
v_714ecdfa4b,/news/what-is-happening-in-sudan,2026-09-22 02:50:37,,
v_fdb37b7818,/shadrachs-picks,2026-09-22 02:54:40,,
v_63a91334d0,/subscribe,2026-09-22 02:56:55,,seth.carter864@protonmail.com
v_8c1625dbd0,/subscribe,2026-09-22 02:57:11,,ben.murphy658@icloud.com
v_03ac66bbc5,/news/world-series-preview,2026-09-22 03:59:14,,
v_a1f6122313,/about,2026-09-22 04:00:08,,
v_3e4e985509,/news/supreme-court-ruling-explained,2026-09-22 04:01:21,,
v_ba2dca792b,/,2026-09-22 04:09:48,,
v_f320ff6d7d,/,2026-09-22 04:18:08,,
v_638405c13b,/,2026-09-22 04:29:36,,
v_054eb88e79,/,2026-09-22 04:31:10,,
v_da8254ec25,/subscribe,2026-09-22 04:33:18,,luke.bailey309@gmail.com
v_6d964f9e32,/news/housing-market-cooldown,2026-09-22 04:58:32,,
v_817a1d6398,/,2026-09-22 05:10:24,,
v_e18afa3ab6,/news/housing-market-cooldown,2026-09-22 05:18:26,,
v_d14406beef,/subscribe,2026-09-22 05:20:29,,james.johnson635@gmail.com
v_21d068ad64,/news/federal-budget-standoff,2026-09-22 05:27:10,,
v_03fbb1db6d,/news/ai-regulation-bill,2026-09-22 05:33:04,,
v_a4e2f87078,/about,2026-09-22 05:43:25,,
v_39325d6547,/news/midterm-primaries-recap,2026-09-22 05:51:56,facebook,
v_55d654285a,/news/new-space-telescope-images,2026-09-22 05:57:51,,
v_55d654285a,/,2026-09-22 06:31:50,,
v_94653eb92f,/news/ai-regulation-bill,2026-09-22 06:37:46,,
v_50e7230b3c,/,2026-09-22 06:38:19,,
v_72e14262cb,/about,2026-09-22 06:49:00,referral,
v_72e14262cb,/shadrachs-picks,2026-09-22 06:52:00,,
v_6504919ad5,/,2026-09-22 06:55:33,facebook,
v_cd9adf1b15,/news/supreme-court-ruling-explained,2026-09-22 07:05:51,,
v_13a4b15d30,/,2026-09-22 07:47:59,,
v_78b90368a9,/,2026-09-22 07:53:16,,
v_7d3ec24549,/news/church-attendance-study,2026-09-22 07:57:20,,
v_638405c13b,/about,2026-09-22 07:57:52,,
v_714ecdfa4b,/news/new-space-telescope-images,2026-09-22 07:58:52,,
v_5a860e96cf,/subscribe,2026-09-22 08:06:49,,ruth.stewart941@protonmail.com
v_f3d2d0c564,/about,2026-09-22 08:09:20,,
v_72e14262cb,/subscribe,2026-09-22 08:10:00,,ben.davis473@icloud.com
v_2f5e616080,/about,2026-09-22 08:22:04,,
v_38dbe165e2,/about,2026-09-22 08:25:01,,
v_743ac9ba07,/,2026-09-22 08:27:53,,
v_01f3bade04,/,2026-09-22 08:39:28,,
v_5362ccce19,/,2026-09-22 08:55:11,,
v_fefafb0868,/news/ai-regulation-bill,2026-09-22 08:57:24,,
v_cb3d4259af,/shadrachs-picks,2026-09-22 09:08:27,,
v_21d068ad64,/subscribe,2026-09-22 09:17:53,,
v_c9e136fd6d,/about,2026-09-22 09:25:27,,
v_fb071068d1,/news/hurricane-season-update,2026-09-22 09:31:11,instagram,
v_a9c013073a,/news/hurricane-season-update,2026-09-22 09:33:46,,
v_f4ac876d9f,/,2026-09-22 09:42:07,referral,
v_fb071068d1,/,2026-09-22 09:49:11,,
v_d0ee2c9368,/,2026-09-22 09:51:11,facebook,
v_534de4c577,/,2026-09-22 09:57:24,,
v_57bad48486,/news/federal-budget-standoff,2026-09-22 10:20:12,,
v_c48692878d,/,2026-09-22 10:22:53,,
v_eb4359854c,/,2026-09-22 10:27:46,,
v_fa41cee469,/about,2026-09-22 10:48:46,,
v_054eb88e79,/beliefs,2026-09-22 10:49:30,,
v_5a5c8bd6b6,/subscribe,2026-09-22 10:53:47,,
v_849451c7f9,/,2026-09-22 10:55:26,,
v_659eea2429,/,2026-09-22 10:56:17,referral,
v_de70bc74b1,/,2026-09-22 11:12:50,instagram,
v_a1f6122313,/news/housing-market-cooldown,2026-09-22 11:18:27,,
v_729e159b29,/news/what-is-happening-in-sudan,2026-09-22 11:21:02,,
v_b0b2083034,/beliefs,2026-09-22 11:43:09,,
v_c8af0c18a8,/shadrachs-picks,2026-09-22 12:09:22,podcast,
v_de70bc74b1,/subscribe,2026-09-22 12:10:50,,naomi.phillips799@gmail.com
v_c8af0c18a8,/subscribe,2026-09-22 12:17:22,,
v_4396b0a049,/,2026-09-22 12:37:04,,
v_659eea2429,/subscribe,2026-09-22 12:44:17,,james.morgan352@gmail.com
v_654c54987c,/news/supreme-court-ruling-explained,2026-09-22 12:50:01,,
v_ba84e75128,/news/what-is-happening-in-sudan,2026-09-22 12:57:06,instagram,
v_6760922139,/news/supreme-court-ruling-explained,2026-09-22 13:18:04,,
v_72a1d8ee1f,/news/housing-market-cooldown,2026-09-22 13:21:21,,
v_6760922139,/,2026-09-22 13:29:04,,
v_6bc0201505,/,2026-09-22 13:30:57,,
v_676217f2c0,/,2026-09-22 13:32:47,,
v_ba84e75128,/subscribe,2026-09-22 13:35:06,,jacob.young878@hotmail.com
v_c9fcb6a5c2,/,2026-09-22 14:04:28,,
v_a556a6890a,/subscribe,2026-09-22 14:12:26,,
v_3867a7cba4,/subscribe,2026-09-22 14:13:42,,
v_1adcf53186,/,2026-09-22 14:14:54,instagram,
v_654c54987c,/,2026-09-22 14:15:26,,
v_50e7230b3c,/subscribe,2026-09-22 14:23:19,,rachel.reed603@gmail.com
v_928eceae31,/news/supreme-court-ruling-explained,2026-09-22 14:25:06,,
v_7078dfc763,/news/federal-budget-standoff,2026-09-22 14:51:57,,
v_3e6c62b057,/,2026-09-22 14:56:03,,
v_f3c78e3f2c,/,2026-09-22 15:07:48,,
v_bfa66ebfe6,/subscribe,2026-09-22 15:10:52,,james.wilson108@gmail.com
v_28dbfd7c2e,/subscribe,2026-09-22 15:31:07,,
v_3f999882be,/our-staff,2026-09-22 15:48:43,,
v_8b6603f885,/shadrachs-picks,2026-09-22 15:51:05,,
v_c8af0c18a8,/subscribe,2026-09-22 16:08:22,,ESTHER.CARTER772@ICLOUD.COM
v_ce7e3c163c,/news/hurricane-season-update,2026-09-22 16:10:10,,
v_6760922139,/subscribe,2026-09-22 16:15:04,,ben.lee38@gmail.com
v_5353afe86f,/news/church-attendance-study,2026-09-22 16:15:19,,
v_06daa8098a,/news/supreme-court-ruling-explained,2026-09-22 16:15:30,,
v_c3e512b0f9,/shadrachs-picks,2026-09-22 16:33:54,,
v_09a2598f9a,/,2026-09-22 16:40:29,,
v_054eb88e79,/shadrachs-picks,2026-09-22 16:44:56,,
v_56596eda5f,/shadrachs-picks,2026-09-22 16:57:21,,
v_5770343f2e,/subscribe,2026-09-22 17:04:14,instagram,JOHN.CARTER270@GMAIL.COM
v_d7ce722f7d,/,2026-09-22 17:06:47,,
v_78b90368a9,/,2026-09-22 17:24:42,,
v_b0b2083034,/,2026-09-22 17:29:30,,
v_6517cbb9eb,/,2026-09-22 17:40:49,,
v_89c094d314,/,2026-09-22 17:58:41,,
v_fb071068d1,/subscribe,2026-09-22 17:59:11,,isaac.carter287@gmail.com
v_72a1d8ee1f,/our-staff,2026-09-22 18:01:46,,
v_53bd62cf06,/,2026-09-22 18:07:18,,
v_4250bad6c3,/news/world-series-preview,2026-09-22 18:09:47,,
v_ea99c175d4,/news/midterm-primaries-recap,2026-09-22 18:24:45,,
v_1c037423b6,/news/supreme-court-ruling-explained,2026-09-22 18:27:59,,
v_72e14262cb,/,2026-09-22 18:55:32,,
v_7c6c631ac2,/,2026-09-22 19:22:50,,
v_054eb88e79,/news/supreme-court-ruling-explained,2026-09-22 19:23:00,,
v_b6d68a35fb,/about,2026-09-22 19:28:35,,
v_85b4c406d0,/,2026-09-22 19:30:29,,
v_f4ac876d9f,/subscribe,2026-09-22 19:34:07,,esther.wilson992@icloud.com
v_883434d49d,/about,2026-09-22 19:36:48,,
v_152ca424f8,/beliefs,2026-09-22 20:06:58,facebook,
v_cc590ba6a7,/news/federal-budget-standoff,2026-09-22 20:07:12,,
v_243541fd38,/news/church-attendance-study,2026-09-22 20:19:47,,
v_7a50693c56,/news/what-is-happening-in-sudan,2026-09-22 20:22:46,,
v_73d7504532,/,2026-09-22 20:26:40,,
v_5770343f2e,/news/federal-budget-standoff,2026-09-22 20:31:52,,
v_e197b9b65c,/shadrachs-picks,2026-09-22 20:35:31,,
v_3f4e60e9b1,/,2026-09-22 20:43:50,facebook,
v_94653eb92f,/news/federal-budget-standoff,2026-09-22 20:57:23,,
v_50de35354f,/about,2026-09-22 21:03:47,,
v_e45f4fa689,/subscribe,2026-09-22 21:04:42,,
v_d322703310,/,2026-09-22 21:16:38,,
v_8607e6f423,/news/ai-regulation-bill,2026-09-22 21:37:38,google,
v_cec9fd90b1,/subscribe,2026-09-22 21:39:07,,
v_90f26ce27f,/subscribe,2026-09-22 21:50:28,podcast,zoe.morris640@gmail.com
v_50b9b26d7f,/,2026-09-22 22:01:17,,
v_cec9fd90b1,/subscribe,2026-09-22 22:04:21,,
v_e422fa172b,/beliefs,2026-09-22 22:07:11,instagram,
v_d512018057,/news/supreme-court-ruling-explained,2026-09-22 22:09:48,,
v_351fbbf5d7,/about,2026-09-22 22:22:02,,
v_942f19637a,/,2026-09-22 22:36:40,,
v_51bc01802a,/subscribe,2026-09-22 22:38:25,instagram,
v_ba84e75128,/subscribe,2026-09-22 22:38:33,,
v_05a33e8989,/,2026-09-22 22:42:04,,
v_d6770c2c32,/about,2026-09-22 22:44:54,,
v_054eb88e79,/,2026-09-22 22:50:24,,
v_be23f194af,/our-staff,2026-09-22 22:54:09,,
v_3f2dec3b12,/,2026-09-22 23:00:08,google,
v_5fa1b13922,/shadrachs-picks,2026-09-22 23:02:09,,
v_acdb7d81c5,/,2026-09-22 23:07:58,podcast,
v_3f2dec3b12,/news/supreme-court-ruling-explained,2026-09-22 23:08:08,,
v_868b8c8697,/about,2026-09-22 23:23:43,,
v_6b9562e2b4,/,2026-09-22 23:26:55,,
v_3f2dec3b12,/,2026-09-22 23:29:08,,
v_b03152db03,/news/housing-market-cooldown,2026-09-22 23:36:38,,
v_e6527e2641,/,2026-09-22 23:40:24,instagram,
v_6e196f3f11,/,2026-09-22 23:49:44,,
v_b1aa42a088,/news/church-attendance-study,2026-09-22 23:50:23,,
v_62dbe0645d,/,2026-09-22 23:55:33,,
v_054eb88e79,/subscribe,2026-09-22 23:57:11,,
v_ca021ce270,/news/new-space-telescope-images,2026-09-23 00:11:04,,
v_99f1337c58,/news/world-series-preview,2026-09-23 00:17:02,facebook,
v_8b96a83778,/subscribe,2026-09-23 00:33:01,,
v_cec9fd90b1,/news/federal-budget-standoff,2026-09-23 00:39:27,,
v_5f37e76da6,/news/federal-budget-standoff,2026-09-23 00:56:10,,
v_cec9fd90b1,/news/federal-budget-standoff,2026-09-23 01:03:32,,
v_d2b9c02ed0,/news/hurricane-season-update,2026-09-23 01:12:18,facebook,
v_fb071068d1,/shadrachs-picks,2026-09-23 01:21:55,,
v_1adcf53186,/,2026-09-23 01:24:49,,
v_38458fc902,/our-staff,2026-09-23 01:26:48,,
v_3b93c4b3f3,/news/church-attendance-study,2026-09-23 01:32:10,,
v_ab34ed9837,/about,2026-09-23 01:38:19,,
v_03fbb1db6d,/news/midterm-primaries-recap,2026-09-23 01:41:20,,
v_3d8516839d,/,2026-09-23 01:50:30,,
v_1ab247246a,/news/federal-budget-standoff,2026-09-23 02:08:54,referral,
v_94653eb92f,/news/midterm-primaries-recap,2026-09-23 02:12:02,,
v_529e3e9088,/about,2026-09-23 02:12:15,,
v_ac0846e802,/subscribe,2026-09-23 02:19:31,twitter,mary.baker415@gmail.com
v_73f82ee578,/about,2026-09-23 02:21:34,,
v_3f2dec3b12,/subscribe,2026-09-23 02:45:08,,caleb.young317@yahoo.com
v_8b6603f885,/subscribe,2026-09-23 02:46:20,,
v_09a2598f9a,/shadrachs-picks,2026-09-23 02:48:05,,
v_1ab247246a,/beliefs,2026-09-23 02:51:54,,
v_790fbd5624,/,2026-09-23 03:13:49,,
v_a60b49f381,/,2026-09-23 03:23:39,google,
v_42fd9f0727,/news/what-is-happening-in-sudan,2026-09-23 03:25:52,,
v_790fbd5624,/news/church-attendance-study,2026-09-23 03:34:49,,
v_2dafb4d873,/shadrachs-picks,2026-09-23 03:35:58,podcast,
v_3f2dec3b12,/news/hurricane-season-update,2026-09-23 03:41:49,,
v_1ab247246a,/subscribe,2026-09-23 03:43:54,,julia.roberts705@gmail.com
v_790fbd5624,/subscribe,2026-09-23 03:51:49,,
v_7d853a7321,/subscribe,2026-09-23 03:53:46,,
v_edc835dd9b,/our-staff,2026-09-23 03:55:52,,
v_942f19637a,/,2026-09-23 04:00:10,,
v_534de4c577,/news/world-series-preview,2026-09-23 04:01:25,,
v_1369ea10ef,/about,2026-09-23 04:08:29,instagram,
v_ebcdc3fde5,/beliefs,2026-09-23 04:08:46,,
v_2ab3873929,/,2026-09-23 04:10:20,,
v_2dafb4d873,/subscribe,2026-09-23 04:14:58,,
v_478b0f9bca,/news/new-space-telescope-images,2026-09-23 04:17:10,,
v_15d470f568,/subscribe,2026-09-23 04:19:58,,
v_a67bc80464,/,2026-09-23 04:25:32,,
v_638405c13b,/subscribe,2026-09-23 04:33:26,,
v_d322703310,/,2026-09-23 04:37:40,,
v_e6527e2641,/subscribe,2026-09-23 04:39:24,,emily.young617@gmail.com
v_2dafb4d873,/news/supreme-court-ruling-explained,2026-09-23 04:44:58,,
v_fb071068d1,/,2026-09-23 04:48:23,,
v_7e2a904369,/news/supreme-court-ruling-explained,2026-09-23 05:05:18,,
v_714ecdfa4b,/,2026-09-23 05:16:22,,
v_e77d7874ae,/,2026-09-23 05:16:24,,
v_0ab98ec1aa,/news/what-is-happening-in-sudan,2026-09-23 05:20:20,,
v_acdb7d81c5,/subscribe,2026-09-23 05:24:58,,AARON.MOORE513@GMAIL.COM
v_3ae2b1cdd1,/,2026-09-23 05:25:19,,
v_8607e6f423,/subscribe,2026-09-23 05:40:38,,CLAIRE.TAYLOR32@GMAIL.COM
v_696e087740,/shadrachs-picks,2026-09-23 05:43:40,,
v_6ac35d598d,/about,2026-09-23 05:52:32,,
v_1108613307,/about,2026-09-23 06:09:34,instagram,
v_73f82ee578,/subscribe,2026-09-23 06:10:30,,
v_1bc848ec53,/news/hurricane-season-update,2026-09-23 06:17:55,,
v_991e1b41a7,/news/supreme-court-ruling-explained,2026-09-23 06:20:13,,
v_b801dc2e25,/shadrachs-picks,2026-09-23 06:24:10,,
v_696e087740,/beliefs,2026-09-23 06:28:40,,
v_b81c21068d,/subscribe,2026-09-23 06:40:08,podcast,andrew.carter105@hotmail.com
v_30be20a962,/subscribe,2026-09-23 06:44:06,,
v_d6aca4b28b,/about,2026-09-23 06:45:58,podcast,
v_03fbb1db6d,/shadrachs-picks,2026-09-23 06:51:32,,
v_80adc8ddf5,/news/supreme-court-ruling-explained,2026-09-23 06:57:37,instagram,
v_c26d0fea55,/news/church-attendance-study,2026-09-23 06:58:34,,
v_9bfbf76f44,/subscribe,2026-09-23 07:04:03,,
v_80adc8ddf5,/,2026-09-23 07:06:37,,
v_c94b3c1c0d,/subscribe,2026-09-23 07:23:40,,
v_696e087740,/subscribe,2026-09-23 07:35:40,,DANIEL.ANDERSON607@GMAIL.COM
v_a67bc80464,/news/world-series-preview,2026-09-23 07:39:44,,
v_e259eb0c9f,/beliefs,2026-09-23 07:47:06,,
v_529e3e9088,/news/federal-budget-standoff,2026-09-23 07:52:43,,
v_be004b6a7d,/,2026-09-23 08:41:46,,
v_3e6c62b057,/news/midterm-primaries-recap,2026-09-23 08:44:03,,
v_21d068ad64,/our-staff,2026-09-23 08:49:45,,
v_957f3e61e8,/,2026-09-23 08:52:32,,
v_a89beeeb4e,/subscribe,2026-09-23 08:55:37,,
v_488ffa6b67,/about,2026-09-23 09:07:06,facebook,
v_0ce7ddd8b1,/,2026-09-23 09:09:57,,
v_335b8c0826,/our-staff,2026-09-23 09:11:28,,
v_942f19637a,/news/ai-regulation-bill,2026-09-23 09:16:06,,
v_09813b671f,/,2026-09-23 09:23:43,,
v_61f9790c68,/subscribe,2026-09-23 09:25:25,,
v_beb87fecfe,/news/housing-market-cooldown,2026-09-23 09:26:11,referral,
v_beb87fecfe,/subscribe,2026-09-23 09:52:11,,
v_db4fccfdd0,/,2026-09-23 09:56:04,,
v_de70bc74b1,/subscribe,2026-09-23 10:01:44,,
v_0fc950f066,/,2026-09-23 10:21:19,,
v_2dafb4d873,/subscribe,2026-09-23 10:31:58,,caleb.murphy989@gmail.com
v_c26d0fea55,/subscribe,2026-09-23 10:38:36,,
v_c8af0c18a8,/,2026-09-23 10:50:32,,
v_80adc8ddf5,/subscribe,2026-09-23 10:55:37,,chloe.wright7@gmail.com
v_712c91f920,/subscribe,2026-09-23 10:57:42,facebook,ben.bailey175@hotmail.com
v_534de4c577,/our-staff,2026-09-23 11:00:04,,
v_c0d2fd0530,/,2026-09-23 11:00:15,,
v_488ffa6b67,/subscribe,2026-09-23 11:03:06,,caleb.morris406@gmail.com
v_4a9f4ded7b,/,2026-09-23 11:03:25,,
v_d6aca4b28b,/subscribe,2026-09-23 11:07:58,,rachel.green362@gmail.com
v_ed4b5ea78f,/news/midterm-primaries-recap,2026-09-23 11:22:22,,
v_9095c11297,/about,2026-09-23 11:30:09,,
v_09a2598f9a,/,2026-09-23 11:35:06,,
v_f973b0b7e9,/news/housing-market-cooldown,2026-09-23 11:37:47,,
v_ebcdc3fde5,/,2026-09-23 11:40:47,,
v_89c094d314,/,2026-09-23 11:43:14,,
v_790fbd5624,/subscribe,2026-09-23 11:56:49,,HOPE.TURNER958@HOTMAIL.COM
v_a713b48984,/beliefs,2026-09-23 12:13:12,,
v_1dd3c72b63,/,2026-09-23 12:19:08,,
v_260d0ee3b1,/,2026-09-23 12:40:50,,
v_ec8931c39f,/news/what-is-happening-in-sudan,2026-09-23 12:48:20,,
v_bfa66ebfe6,/shadrachs-picks,2026-09-23 12:50:45,,
v_d46af02e61,/shadrachs-picks,2026-09-23 12:52:09,,
v_beb87fecfe,/subscribe,2026-09-23 13:04:11,,ben.roberts664@gmail.com
v_f8322c7b89,/news/church-attendance-study,2026-09-23 13:06:16,,
v_836193587c,/subscribe,2026-09-23 13:12:10,,
v_ba84e75128,/our-staff,2026-09-23 13:13:18,,
v_8c1625dbd0,/news/world-series-preview,2026-09-23 13:15:00,,
v_fb071068d1,/news/midterm-primaries-recap,2026-09-23 13:17:17,,
v_1369ea10ef,/subscribe,2026-09-23 13:22:29,,julia.cooper157@gmail.com
v_a67bc80464,/,2026-09-23 13:35:40,,
v_06daa8098a,/,2026-09-23 13:43:37,,
v_f3d2d0c564,/news/new-space-telescope-images,2026-09-23 13:46:09,,
v_2ed50695f7,/subscribe,2026-09-23 13:53:55,,
v_1072d87352,/news/what-is-happening-in-sudan,2026-09-23 13:59:26,,
v_00d7613d4b,/,2026-09-23 14:02:38,,
v_4396b0a049,/news/housing-market-cooldown,2026-09-23 14:16:35,,
v_614b4b2118,/,2026-09-23 14:19:06,instagram,
v_f0059b4a14,/shadrachs-picks,2026-09-23 14:28:22,,
v_ca8c7d6f50,/,2026-09-23 14:36:32,,
v_915dfe9a74,/about,2026-09-23 14:40:09,,
v_6517cbb9eb,/news/ai-regulation-bill,2026-09-23 14:57:50,,
v_127cda9502,/news/midterm-primaries-recap,2026-09-23 15:02:42,,
v_054eb88e79,/,2026-09-23 15:12:01,,
v_a1f6122313,/,2026-09-23 15:12:02,,
v_3f69032290,/news/new-space-telescope-images,2026-09-23 15:26:55,,
v_711f4a4223,/news/housing-market-cooldown,2026-09-23 15:35:00,,
v_1072d87352,/our-staff,2026-09-23 15:42:50,,
v_90f26ce27f,/about,2026-09-23 15:43:01,,
v_e672e30256,/news/midterm-primaries-recap,2026-09-23 15:55:41,,
v_b0b2083034,/news/housing-market-cooldown,2026-09-23 15:57:18,,
v_cd03cb9d8c,/,2026-09-23 16:02:22,,
v_054eb88e79,/,2026-09-23 16:02:41,,
v_6dc605daeb,/subscribe,2026-09-23 16:04:35,instagram,
v_bfa66ebfe6,/,2026-09-23 16:08:48,,
v_cec9fd90b1,/subscribe,2026-09-23 16:15:34,,
v_e0990d2f49,/news/church-attendance-study,2026-09-23 16:27:28,,
v_e10c9e0ca0,/subscribe,2026-09-23 16:29:27,,
v_b4b5048ce6,/shadrachs-picks,2026-09-23 16:40:41,instagram,
v_2165c30c33,/,2026-09-23 16:42:12,,
v_3f2dec3b12,/,2026-09-23 16:44:01,,
v_e57da9fad6,/about,2026-09-23 16:59:33,,
v_06daa8098a,/news/housing-market-cooldown,2026-09-23 17:09:50,,
v_cc590ba6a7,/,2026-09-23 17:19:59,,
v_d70583d0be,/news/federal-budget-standoff,2026-09-23 17:27:31,,
v_26e2abecf7,/,2026-09-23 17:27:36,,
v_bd00177495,/,2026-09-23 17:44:05,,
v_ba2dca792b,/subscribe,2026-09-23 17:46:18,,
v_ac3508e24a,/news/federal-budget-standoff,2026-09-23 17:47:09,,
v_2c8f1f12c8,/news/what-is-happening-in-sudan,2026-09-23 18:06:23,google,
v_2165c30c33,/,2026-09-23 18:07:57,,
v_356fb4b9e4,/news/federal-budget-standoff,2026-09-23 18:20:41,,
v_06daa8098a,/,2026-09-23 18:29:10,,
v_beb87fecfe,/news/what-is-happening-in-sudan,2026-09-23 18:33:52,,
v_11e3decd5f,/news/what-is-happening-in-sudan,2026-09-23 18:35:14,,
v_ef1c496495,/,2026-09-23 18:38:51,,
v_06daa8098a,/news/ai-regulation-bill,2026-09-23 18:51:13,,
v_679eeb0c84,/news/hurricane-season-update,2026-09-23 18:57:40,,
v_7d853a7321,/,2026-09-23 19:08:31,,
v_cb3d4259af,/our-staff,2026-09-23 19:21:33,,
v_5db465d437,/,2026-09-23 19:24:58,,
v_2ea5daef72,/about,2026-09-23 19:40:56,,
v_8c90fbd524,/subscribe,2026-09-23 19:52:15,,
v_3ebd6b745e,/news/midterm-primaries-recap,2026-09-23 19:54:03,,
v_c26d0fea55,/,2026-09-23 19:54:07,,
v_defb7fd337,/subscribe,2026-09-23 19:55:30,,
v_498eab1bff,/subscribe,2026-09-23 19:58:48,,
v_6c8498cf8c,/subscribe,2026-09-23 20:06:05,,
v_6a6aba47b4,/shadrachs-picks,2026-09-23 20:07:18,facebook,
v_c8af0c18a8,/news/what-is-happening-in-sudan,2026-09-23 20:36:01,,
v_ac0846e802,/,2026-09-23 20:38:47,,
v_b4b5048ce6,/subscribe,2026-09-23 20:53:41,,esther.brown103@gmail.com
v_0209a3b1fa,/news/what-is-happening-in-sudan,2026-09-23 21:08:44,,
v_9bc6b2ff5e,/news/world-series-preview,2026-09-23 21:09:55,,
v_a93c9eef94,/,2026-09-23 21:14:56,,
v_054eb88e79,/news/supreme-court-ruling-explained,2026-09-23 21:29:45,,
v_da1318d875,/subscribe,2026-09-23 21:33:34,google,
v_e28cd8a661,/subscribe,2026-09-23 21:33:42,,
v_97a67a3f68,/,2026-09-23 21:37:11,,
v_47a227e1d1,/subscribe,2026-09-23 21:49:50,,
v_2c4dbdfa34,/,2026-09-23 21:51:18,,
v_638405c13b,/subscribe,2026-09-23 21:53:58,,
v_e022811cc4,/subscribe,2026-09-23 22:05:15,,
v_8ba4a7af9e,/news/ai-regulation-bill,2026-09-23 22:14:56,,
v_d81c0b5379,/news/federal-budget-standoff,2026-09-23 22:20:35,,
v_054eb88e79,/,2026-09-23 22:27:24,,
v_790fbd5624,/news/hurricane-season-update,2026-09-23 22:38:56,,
v_6a6aba47b4,/subscribe,2026-09-23 22:39:18,,olivia.martin883@protonmail.com
v_7a1e3cee1e,/,2026-09-23 22:39:38,,
v_acdb7d81c5,/,2026-09-23 22:39:55,,
v_8c1625dbd0,/,2026-09-23 22:40:14,,
v_66db4d1987,/shadrachs-picks,2026-09-23 22:48:58,,
v_a7eeeb3b22,/news/supreme-court-ruling-explained,2026-09-23 23:05:27,,
v_2ea5daef72,/,2026-09-23 23:10:13,,
v_942f19637a,/,2026-09-23 23:12:35,,
v_614b4b2118,/subscribe,2026-09-23 23:19:06,,eli.johnson178@gmail.com
v_3cda0fa5cf,/,2026-09-23 23:22:31,,
v_6a6aba47b4,/subscribe,2026-09-23 23:41:23,,
v_5770343f2e,/news/hurricane-season-update,2026-09-23 23:42:29,,
v_bfa66ebfe6,/,2026-09-23 23:43:06,,
v_f5ea4d15f5,/,2026-09-23 23:50:34,referral,
v_c0d2fd0530,/news/new-space-telescope-images,2026-09-23 23:51:08,,
v_b495b19ec3,/,2026-09-23 23:51:21,,
v_534de4c577,/about,2026-09-23 23:52:32,,
v_56bf232526,/news/new-space-telescope-images,2026-09-24 00:01:42,,
v_f5ea4d15f5,/,2026-09-24 00:13:34,,
v_6b9562e2b4,/beliefs,2026-09-24 00:30:05,,
v_4f7e486845,/,2026-09-24 00:37:07,,
v_46b7c2dbd7,/news/midterm-primaries-recap,2026-09-24 00:37:12,,
v_fb071068d1,/shadrachs-picks,2026-09-24 00:37:34,,
v_704068a72a,/subscribe,2026-09-24 00:43:25,,
v_32b611870b,/news/church-attendance-study,2026-09-24 00:46:02,,
v_f5ea4d15f5,/subscribe,2026-09-24 00:47:34,,eli.brown647@protonmail.com
v_534de4c577,/subscribe,2026-09-24 00:49:33,,
v_054eb88e79,/,2026-09-24 01:29:40,,
v_38dbe165e2,/news/housing-market-cooldown,2026-09-24 01:35:33,,
v_2332f2d139,/,2026-09-24 01:36:33,,
v_1a643f46e9,/,2026-09-24 01:44:32,,
v_90f26ce27f,/news/ai-regulation-bill,2026-09-24 01:46:08,,
v_2c8f1f12c8,/subscribe,2026-09-24 01:46:23,,caleb.cooper147@icloud.com
v_a93c9eef94,/,2026-09-24 01:48:57,,
v_80d279cc6b,/,2026-09-24 01:52:51,,
v_80adc8ddf5,/subscribe,2026-09-24 02:01:16,,
v_95d83a0f6b,/,2026-09-24 02:08:04,,
v_128c10969c,/,2026-09-24 02:11:44,,
v_e797baa104,/subscribe,2026-09-24 02:23:12,,
v_fcdcb2d0fe,/,2026-09-24 02:40:33,,
v_eb26d15384,/news/ai-regulation-bill,2026-09-24 02:40:46,,
v_8e929934eb,/news/supreme-court-ruling-explained,2026-09-24 02:42:01,,
v_9d2c5df360,/subscribe,2026-09-24 02:44:18,instagram,
v_5c9e73535d,/,2026-09-24 02:51:22,,
v_3f2dec3b12,/shadrachs-picks,2026-09-24 02:53:44,,
v_6d8dced44d,/,2026-09-24 03:07:27,,
v_bed7c69f88,/,2026-09-24 03:31:05,,
v_4396b0a049,/,2026-09-24 03:34:21,,
v_134ec75f74,/,2026-09-24 03:34:31,instagram,
v_1094f8205d,/subscribe,2026-09-24 03:36:36,instagram,
v_4c56d8d94b,/shadrachs-picks,2026-09-24 03:42:24,,
v_041a4c752f,/about,2026-09-24 03:50:45,,
v_ba2dca792b,/,2026-09-24 03:57:51,,
v_05a33e8989,/,2026-09-24 04:07:04,,
v_06daa8098a,/,2026-09-24 04:12:57,,
v_cec9fd90b1,/,2026-09-24 04:15:16,,
v_335b8c0826,/,2026-09-24 04:15:36,,
v_3ae2b1cdd1,/subscribe,2026-09-24 04:21:51,,
v_3f999882be,/,2026-09-24 04:34:44,,
v_bfa66ebfe6,/,2026-09-24 04:38:04,,
v_22b00f4e0e,/subscribe,2026-09-24 04:47:18,,
v_e62043d097,/news/church-attendance-study,2026-09-24 04:50:52,,
v_d1e7544df7,/subscribe,2026-09-24 05:02:37,referral,ellie.wright28@gmail.com
v_a8e2b9fe46,/subscribe,2026-09-24 05:06:46,,
v_e022811cc4,/news/federal-budget-standoff,2026-09-24 05:14:47,,
v_4396b0a049,/about,2026-09-24 05:16:54,,
v_abb20713f2,/news/housing-market-cooldown,2026-09-24 05:19:05,,
v_2ea5daef72,/news/federal-budget-standoff,2026-09-24 05:21:37,,
v_afd127f133,/,2026-09-24 05:25:57,,
v_e62043d097,/,2026-09-24 05:35:52,,
v_42009b8059,/,2026-09-24 05:37:38,,
v_fc2d9e782e,/news/federal-budget-standoff,2026-09-24 06:24:20,,
v_b81414f335,/,2026-09-24 06:25:33,google,
v_eb8bc6f46a,/about,2026-09-24 06:29:11,facebook,
v_ce7e3c163c,/,2026-09-24 06:42:51,,
v_d322703310,/news/federal-budget-standoff,2026-09-24 06:44:43,,
v_3d8516839d,/shadrachs-picks,2026-09-24 06:45:54,,
v_3c05e9590a,/news/church-attendance-study,2026-09-24 06:48:13,facebook,
v_d1e7544df7,/,2026-09-24 06:51:47,,
v_dd73dedb02,/news/hurricane-season-update,2026-09-24 07:14:17,google,
v_054eb88e79,/shadrachs-picks,2026-09-24 07:16:21,,
v_6517cbb9eb,/,2026-09-24 07:18:28,,
v_fb071068d1,/shadrachs-picks,2026-09-24 07:18:56,,
v_38db2e18d2,/,2026-09-24 07:22:55,,
v_5dec80ea5b,/news/federal-budget-standoff,2026-09-24 07:24:30,google,
v_bfa66ebfe6,/subscribe,2026-09-24 07:27:54,,
v_3f2dec3b12,/news/ai-regulation-bill,2026-09-24 07:28:58,,
v_e62043d097,/subscribe,2026-09-24 07:31:52,,olivia.brown315@yahoo.com
v_31f4e2d936,/news/church-attendance-study,2026-09-24 07:32:17,,
v_21d068ad64,/subscribe,2026-09-24 07:39:27,,
v_2c8f1f12c8,/news/housing-market-cooldown,2026-09-24 07:40:56,,
v_473051667f,/shadrachs-picks,2026-09-24 07:48:29,,
v_70642f7f3d,/subscribe,2026-09-24 07:48:59,,
v_abee214526,/shadrachs-picks,2026-09-24 07:49:21,,
v_fb071068d1,/,2026-09-24 07:49:56,,
v_5bd4884d1e,/,2026-09-24 07:51:02,facebook,
v_d2948d3d6c,/news/church-attendance-study,2026-09-24 08:00:58,,
v_2b40d13c9c,/beliefs,2026-09-24 08:15:52,instagram,
v_095ace483f,/news/ai-regulation-bill,2026-09-24 08:18:36,,
v_3ae2b1cdd1,/,2026-09-24 08:21:24,,
v_243541fd38,/news/world-series-preview,2026-09-24 08:23:00,,
v_a67bc80464,/subscribe,2026-09-24 08:26:03,,
v_243541fd38,/,2026-09-24 08:32:34,,
v_f8322c7b89,/news/new-space-telescope-images,2026-09-24 08:36:30,,
v_94aa69f112,/news/midterm-primaries-recap,2026-09-24 08:43:29,,
v_7752cd08e9,/,2026-09-24 08:44:56,,
v_6517cbb9eb,/subscribe,2026-09-24 08:45:43,,
v_3f69032290,/,2026-09-24 08:48:08,,
v_2d2ad46514,/,2026-09-24 08:51:20,,
v_3c05e9590a,/subscribe,2026-09-24 09:15:13,,aaron.anderson466@icloud.com
v_e70932e269,/,2026-09-24 09:30:38,,
v_5dec80ea5b,/subscribe,2026-09-24 09:51:30,,seth.walker93@gmail.com
v_1d369214f5,/news/world-series-preview,2026-09-24 10:00:48,,
v_b42d463b5a,/subscribe,2026-09-24 10:08:52,,
v_2c8f1f12c8,/subscribe,2026-09-24 10:11:04,,
v_09813b671f,/,2026-09-24 10:19:03,,
v_c7b275029a,/news/ai-regulation-bill,2026-09-24 10:25:09,,
v_afd127f133,/subscribe,2026-09-24 10:25:57,,julia.johnson884@protonmail.com
v_896817bc4e,/about,2026-09-24 10:49:39,facebook,
v_1ca4065688,/,2026-09-24 10:51:44,facebook,
v_f3d2d0c564,/,2026-09-24 10:53:32,,
v_abb20713f2,/news/housing-market-cooldown,2026-09-24 10:53:32,,
v_d2948d3d6c,/subscribe,2026-09-24 11:04:26,,
v_821cf47dc8,/,2026-09-24 11:13:13,,
v_c0d2fd0530,/news/church-attendance-study,2026-09-24 11:46:55,,
v_2dafb4d873,/news/what-is-happening-in-sudan,2026-09-24 11:49:46,,
v_15d470f568,/,2026-09-24 11:51:17,,
v_896817bc4e,/subscribe,2026-09-24 12:00:39,,eli.moore985@gmail.com
v_87e7734a2f,/shadrachs-picks,2026-09-24 12:01:13,,
v_638405c13b,/news/supreme-court-ruling-explained,2026-09-24 12:05:37,,
v_3f751c680d,/news/ai-regulation-bill,2026-09-24 12:06:27,google,
v_0d35f7999a,/,2026-09-24 12:13:39,,
v_8837cc3610,/shadrachs-picks,2026-09-24 12:30:59,podcast,
v_d77db19e5c,/news/world-series-preview,2026-09-24 12:31:04,twitter,
v_8837cc3610,/news/church-attendance-study,2026-09-24 12:33:59,,
v_d77db19e5c,/subscribe,2026-09-24 12:38:04,,ethan.davis225@gmail.com
v_7d3ec24549,/news/supreme-court-ruling-explained,2026-09-24 12:47:34,,
v_8837cc3610,/beliefs,2026-09-24 12:48:59,,
v_eb8bc6f46a,/subscribe,2026-09-24 12:49:11,,zoe.baker795@gmail.com
v_d77db19e5c,/news/supreme-court-ruling-explained,2026-09-24 12:53:04,,
v_eb8bc6f46a,/news/housing-market-cooldown,2026-09-24 12:55:05,,
v_3f2dec3b12,/subscribe,2026-09-24 12:56:12,,
v_72746e27e1,/about,2026-09-24 13:05:24,,
v_9ac38ac373,/subscribe,2026-09-24 13:14:29,,
v_6538503b71,/shadrachs-picks,2026-09-24 13:31:06,,
v_d77db19e5c,/news/midterm-primaries-recap,2026-09-24 13:34:04,,
v_06daa8098a,/news/new-space-telescope-images,2026-09-24 13:41:04,,
v_c0d2fd0530,/news/housing-market-cooldown,2026-09-24 13:41:09,,
v_26b1d7a111,/subscribe,2026-09-24 13:50:55,referral,abigail.taylor820@gmail.com
v_54901a5e14,/,2026-09-24 13:59:49,,
v_9774df424c,/news/federal-budget-standoff,2026-09-24 14:07:36,instagram,
v_614b4b2118,/beliefs,2026-09-24 14:16:08,,
v_19f846108a,/news/supreme-court-ruling-explained,2026-09-24 14:28:40,,
v_4abe229b32,/news/ai-regulation-bill,2026-09-24 14:29:17,,
v_c0d2fd0530,/subscribe,2026-09-24 14:33:00,,
v_584e447737,/,2026-09-24 14:41:07,instagram,
v_0d35f7999a,/,2026-09-24 14:42:07,,
v_9116c40002,/shadrachs-picks,2026-09-24 14:43:28,,
v_fefafb0868,/,2026-09-24 15:03:35,,
v_211a9c6c70,/subscribe,2026-09-24 15:18:59,,
v_2ea5daef72,/about,2026-09-24 15:23:21,,
v_6538503b71,/news/church-attendance-study,2026-09-24 15:45:01,,
v_8837cc3610,/subscribe,2026-09-24 15:59:59,,sarah.hall507@hotmail.com
v_a321b23647,/news/church-attendance-study,2026-09-24 16:04:22,instagram,
v_b0f1d25369,/subscribe,2026-09-24 16:20:26,instagram,
v_6ac35d598d,/,2026-09-24 16:27:16,,
v_cec9fd90b1,/,2026-09-24 16:30:03,,
v_1369ea10ef,/shadrachs-picks,2026-09-24 16:34:01,,
v_a321b23647,/our-staff,2026-09-24 16:34:22,,
v_1e9d8783c2,/beliefs,2026-09-24 16:36:50,,
v_a321b23647,/shadrachs-picks,2026-09-24 16:38:22,,
v_95d83a0f6b,/our-staff,2026-09-24 16:38:32,,
v_cec9fd90b1,/beliefs,2026-09-24 16:39:55,,
v_30131299a1,/news/housing-market-cooldown,2026-09-24 16:49:28,instagram,
v_9fa02fb079,/shadrachs-picks,2026-09-24 17:31:25,,
v_638405c13b,/our-staff,2026-09-24 17:35:54,,
v_c46dcb6014,/,2026-09-24 17:36:37,,
v_27f62031b7,/,2026-09-24 17:45:30,,
v_add7bfe4b9,/,2026-09-24 17:52:53,,
v_a22c28b898,/news/ai-regulation-bill,2026-09-24 17:58:25,,
v_afd127f133,/news/federal-budget-standoff,2026-09-24 18:02:20,,
v_a93c9eef94,/news/church-attendance-study,2026-09-24 18:05:10,,
v_2dafb4d873,/shadrachs-picks,2026-09-24 18:05:23,,
v_2ea5daef72,/news/housing-market-cooldown,2026-09-24 18:06:05,,
v_e4668b99a0,/,2026-09-24 18:10:23,google,
v_e4668b99a0,/,2026-09-24 18:21:23,,
v_72b6e2a8ff,/news/federal-budget-standoff,2026-09-24 18:29:32,,
v_6d8dced44d,/news/what-is-happening-in-sudan,2026-09-24 18:50:15,,
v_5fa1b13922,/,2026-09-24 18:51:15,,
v_272dcffb24,/subscribe,2026-09-24 19:13:16,facebook,
v_b6df3f4f8a,/shadrachs-picks,2026-09-24 19:19:26,,
v_714ecdfa4b,/,2026-09-24 19:23:17,,
v_462365b86f,/,2026-09-24 19:30:43,facebook,
v_ff2e3f7dbb,/,2026-09-24 19:42:12,,
v_7f5c736cb2,/news/federal-budget-standoff,2026-09-24 19:53:51,,
v_f023360b4e,/shadrachs-picks,2026-09-24 20:02:17,,
v_b495b19ec3,/,2026-09-24 20:03:04,,
v_9774df424c,/subscribe,2026-09-24 20:26:36,,esther.turner133@hotmail.com
v_ffa5c69a8b,/subscribe,2026-09-24 20:36:14,,
v_90f26ce27f,/news/housing-market-cooldown,2026-09-24 20:46:10,,
v_980f78a17b,/news/world-series-preview,2026-09-24 20:46:34,,
v_a321b23647,/subscribe,2026-09-24 20:48:22,,peter.miller976@gmail.com
v_8a19183f87,/news/housing-market-cooldown,2026-09-24 20:49:26,,
v_cb8e8702a7,/news/church-attendance-study,2026-09-24 20:50:23,facebook,
v_2904fd7a7c,/subscribe,2026-09-24 20:53:25,,
v_90f26ce27f,/,2026-09-24 20:58:06,,
v_5a51aa948e,/,2026-09-24 20:58:12,,
v_3ae2b1cdd1,/beliefs,2026-09-24 21:01:50,,
v_584e447737,/subscribe,2026-09-24 21:11:07,,ellie.phillips258@outlook.com
v_1383fcbf3a,/our-staff,2026-09-24 21:14:18,,
v_9c7fd9d0ca,/news/federal-budget-standoff,2026-09-24 21:18:57,google,
v_ab34ed9837,/shadrachs-picks,2026-09-24 21:36:18,,
v_3f751c680d,/subscribe,2026-09-24 21:39:27,,anna.hall656@gmail.com
v_054eb88e79,/beliefs,2026-09-24 21:41:49,,
v_e4668b99a0,/subscribe,2026-09-24 21:42:23,,faith.peterson118@protonmail.com
v_87e7734a2f,/news/church-attendance-study,2026-09-24 21:44:40,,
v_e1ab6e0c7b,/subscribe,2026-09-24 21:45:12,instagram,naomi.johnson65@hotmail.com
v_1a8bc255ca,/news/hurricane-season-update,2026-09-24 21:50:54,,
v_afd39d69f8,/news/hurricane-season-update,2026-09-24 21:59:05,,
v_a713b48984,/news/federal-budget-standoff,2026-09-24 22:05:45,,
v_9634f2b21e,/beliefs,2026-09-24 22:22:26,,
v_5ef732a72f,/subscribe,2026-09-24 22:28:06,,
v_864fcb72d6,/,2026-09-24 22:29:55,,
v_edc835dd9b,/beliefs,2026-09-24 22:37:57,,
v_5ed3903b58,/,2026-09-24 22:49:03,instagram,
v_cd87d2bffd,/shadrachs-picks,2026-09-24 22:53:57,,
v_1724676c32,/about,2026-09-24 22:59:29,instagram,
v_2ea5daef72,/,2026-09-24 23:09:07,,
v_c9147ac777,/news/what-is-happening-in-sudan,2026-09-24 23:09:32,,
v_e92338d9e2,/subscribe,2026-09-24 23:09:49,referral,sam.collins761@gmail.com
v_211a9c6c70,/,2026-09-24 23:10:06,,
v_1724676c32,/subscribe,2026-09-24 23:21:29,,
v_67ac5bad9e,/news/housing-market-cooldown,2026-09-24 23:22:13,,
v_de70bc74b1,/beliefs,2026-09-24 23:25:07,,
v_1724676c32,/news/church-attendance-study,2026-09-24 23:28:29,,
v_8128a27af4,/shadrachs-picks,2026-09-24 23:31:46,,
v_e82005c811,/news/world-series-preview,2026-09-24 23:47:23,,
v_a751e8e247,/news/church-attendance-study,2026-09-24 23:55:54,,
v_30131299a1,/subscribe,2026-09-25 00:02:28,,caleb.williams811@gmail.com
v_6538503b71,/,2026-09-25 00:03:06,,
v_42009b8059,/subscribe,2026-09-25 00:15:38,,
v_024a4658f4,/news/federal-budget-standoff,2026-09-25 00:16:44,,
v_2c8f1f12c8,/beliefs,2026-09-25 00:44:45,,
v_fefafb0868,/,2026-09-25 00:47:52,,
v_fb071068d1,/shadrachs-picks,2026-09-25 00:48:49,,
v_aaa7dbab17,/news/new-space-telescope-images,2026-09-25 00:48:54,,
v_9fea36a50a,/subscribe,2026-09-25 00:50:04,facebook,sam.garcia309@gmail.com
v_923d667f1f,/,2026-09-25 00:55:35,,
v_3572fe13a8,/news/hurricane-season-update,2026-09-25 01:11:42,instagram,
v_3572fe13a8,/news/ai-regulation-bill,2026-09-25 01:13:42,,
v_3867a7cba4,/,2026-09-25 01:14:37,,
v_704068a72a,/news/new-space-telescope-images,2026-09-25 01:19:05,,
v_e0990d2f49,/shadrachs-picks,2026-09-25 01:24:50,,
v_9774df424c,/news/what-is-happening-in-sudan,2026-09-25 01:27:46,,
v_abb20713f2,/news/housing-market-cooldown,2026-09-25 01:31:19,,
v_473051667f,/,2026-09-25 01:32:45,,
v_bbfbc182d0,/our-staff,2026-09-25 01:38:40,,
v_4a9f4ded7b,/news/hurricane-season-update,2026-09-25 01:39:00,,
v_4df0e4e9ca,/shadrachs-picks,2026-09-25 01:39:33,,
v_b58a575f06,/news/federal-budget-standoff,2026-09-25 01:43:31,,
v_93b4b1c286,/about,2026-09-25 01:44:22,,
v_2f6658fc84,/news/federal-budget-standoff,2026-09-25 01:49:17,,
v_de70bc74b1,/,2026-09-25 02:11:40,,
v_3f2dec3b12,/shadrachs-picks,2026-09-25 02:12:51,,
v_62dbe0645d,/about,2026-09-25 02:20:13,,
v_ac0846e802,/beliefs,2026-09-25 02:21:01,,
v_79da2e96af,/news/ai-regulation-bill,2026-09-25 02:30:21,,
v_ec9881bd9c,/,2026-09-25 02:32:20,,
v_62dbe0645d,/news/world-series-preview,2026-09-25 02:35:48,,
v_462365b86f,/subscribe,2026-09-25 02:39:43,,emily.cooper668@hotmail.com
v_76486e2c54,/,2026-09-25 02:39:51,,
v_fefafb0868,/beliefs,2026-09-25 02:40:55,,
v_2ea5daef72,/subscribe,2026-09-25 02:42:02,,
v_e82005c811,/,2026-09-25 02:49:22,,
v_38dbe165e2,/subscribe,2026-09-25 03:06:03,,
v_9a2a92d4fa,/news/hurricane-season-update,2026-09-25 03:07:37,instagram,
v_817a1d6398,/about,2026-09-25 03:20:06,,
v_9a2a92d4fa,/news/new-space-telescope-images,2026-09-25 03:26:37,,
v_bc790ec0f9,/,2026-09-25 03:27:54,,
v_b1e5255be0,/about,2026-09-25 03:33:47,,
v_e92338d9e2,/news/supreme-court-ruling-explained,2026-09-25 03:41:24,,
v_45cc8bf647,/,2026-09-25 03:43:07,,
v_5fff5f80e0,/subscribe,2026-09-25 03:49:48,,
v_14d25971ac,/subscribe,2026-09-25 03:55:56,,
v_23a872f802,/,2026-09-25 04:21:03,,
v_bbfbc182d0,/news/world-series-preview,2026-09-25 04:23:56,,
v_915dfe9a74,/shadrachs-picks,2026-09-25 04:32:30,,
v_9774df424c,/,2026-09-25 04:32:34,,
v_d322703310,/news/midterm-primaries-recap,2026-09-25 04:41:17,,
v_fb071068d1,/news/midterm-primaries-recap,2026-09-25 04:41:27,,
v_08f344785a,/news/world-series-preview,2026-09-25 04:56:37,,
v_4f29875ed4,/about,2026-09-25 05:07:53,,
v_bd00177495,/news/what-is-happening-in-sudan,2026-09-25 05:21:50,,
v_7d853a7321,/about,2026-09-25 05:32:06,,
v_2c509c08f0,/subscribe,2026-09-25 05:34:51,,
v_1724676c32,/subscribe,2026-09-25 06:08:29,,noah.bell342@gmail.com
v_5b16198a7b,/subscribe,2026-09-25 06:13:27,,
v_d8966de096,/beliefs,2026-09-25 06:36:41,instagram,
v_2102667026,/subscribe,2026-09-25 06:40:15,,
v_3f999882be,/news/ai-regulation-bill,2026-09-25 06:46:45,,
v_acdb7d81c5,/,2026-09-25 06:47:12,,
v_26e2abecf7,/subscribe,2026-09-25 06:58:42,,
v_7adacab462,/,2026-09-25 07:09:12,,
v_fcdcb2d0fe,/beliefs,2026-09-25 07:17:12,,
v_2ea5daef72,/shadrachs-picks,2026-09-25 07:23:20,,
v_1bbf3456c3,/shadrachs-picks,2026-09-25 07:29:47,google,
v_c2f950e04c,/,2026-09-25 07:32:54,facebook,
v_0ab8c5dc8f,/shadrachs-picks,2026-09-25 07:54:19,,
v_ba84e75128,/shadrachs-picks,2026-09-25 07:58:00,,
v_e92338d9e2,/shadrachs-picks,2026-09-25 07:58:00,,
v_914ffede2f,/,2026-09-25 08:04:21,,
v_3f9df59a3f,/news/housing-market-cooldown,2026-09-25 08:04:59,,
v_1a643f46e9,/news/world-series-preview,2026-09-25 08:12:22,,
v_bfa66ebfe6,/beliefs,2026-09-25 08:15:03,,
v_fb071068d1,/,2026-09-25 08:20:16,,
v_cd87d2bffd,/subscribe,2026-09-25 08:20:57,,ruth.walker477@outlook.com
v_3572fe13a8,/subscribe,2026-09-25 08:26:42,,chloe.hill541@yahoo.com
v_a1f6122313,/,2026-09-25 08:31:00,,
v_43b465dcfc,/our-staff,2026-09-25 08:32:54,,
v_2ea5daef72,/news/what-is-happening-in-sudan,2026-09-25 08:34:18,,
v_b58a575f06,/news/hurricane-season-update,2026-09-25 08:36:38,,
v_5ed3903b58,/subscribe,2026-09-25 08:46:03,,luke.thomas865@icloud.com
v_4f425c8f45,/,2026-09-25 08:49:29,,
v_2c8f1f12c8,/news/supreme-court-ruling-explained,2026-09-25 08:59:09,,
v_9a2a92d4fa,/subscribe,2026-09-25 08:59:37,,claire.bell755@outlook.com
v_684f63f71d,/,2026-09-25 09:01:27,,
v_054eb88e79,/subscribe,2026-09-25 09:05:45,,
v_3d0dd07659,/news/world-series-preview,2026-09-25 09:17:08,,
v_5353afe86f,/news/new-space-telescope-images,2026-09-25 09:27:14,,
v_2c729cfbf9,/news/church-attendance-study,2026-09-25 09:33:58,instagram,
v_48ce71b2a5,/,2026-09-25 09:39:20,,
v_134434e4d8,/news/midterm-primaries-recap,2026-09-25 09:39:29,,
v_6d964f9e32,/,2026-09-25 09:46:30,,
v_5ef732a72f,/news/supreme-court-ruling-explained,2026-09-25 09:51:04,,
v_f7b563b4ea,/subscribe,2026-09-25 09:52:04,,
v_b58a575f06,/,2026-09-25 09:56:26,,
v_7e4b7dba7f,/beliefs,2026-09-25 10:00:39,,
v_03ac66bbc5,/,2026-09-25 10:04:11,,
v_5be4a71254,/beliefs,2026-09-25 10:11:40,,
v_8837cc3610,/news/world-series-preview,2026-09-25 10:12:06,,
v_6b9562e2b4,/,2026-09-25 10:18:04,,
v_6b9562e2b4,/news/new-space-telescope-images,2026-09-25 10:18:20,,
v_4a9f4ded7b,/news/new-space-telescope-images,2026-09-25 10:25:57,,
v_de98850091,/,2026-09-25 10:27:50,,
v_5d97504e07,/news/ai-regulation-bill,2026-09-25 10:38:17,,
v_7b132ce803,/news/housing-market-cooldown,2026-09-25 10:47:39,,
v_bfa66ebfe6,/subscribe,2026-09-25 10:50:35,,
v_2c729cfbf9,/subscribe,2026-09-25 11:07:58,,tim.cook193@hotmail.com
v_b52e1fbefe,/news/hurricane-season-update,2026-09-25 11:14:49,,
v_c402e3e159,/beliefs,2026-09-25 11:15:39,instagram,
v_d1abfc1c46,/subscribe,2026-09-25 11:21:07,google,mary.edwards925@gmail.com
v_3867a7cba4,/news/housing-market-cooldown,2026-09-25 11:22:53,,
v_9774df424c,/,2026-09-25 11:24:12,,
v_0c8c678ebf,/shadrachs-picks,2026-09-25 11:29:05,,
v_041a4c752f,/about,2026-09-25 11:45:12,,
v_2a69d0781b,/shadrachs-picks,2026-09-25 12:07:06,,
v_89c094d314,/subscribe,2026-09-25 12:09:11,,
v_3867a7cba4,/subscribe,2026-09-25 12:11:59,,
v_a7eeeb3b22,/,2026-09-25 12:12:52,,
v_de549d03f2,/our-staff,2026-09-25 12:22:01,,
v_6788cd8198,/,2026-09-25 12:31:23,,
v_e92338d9e2,/,2026-09-25 12:38:47,,
v_8b6603f885,/news/world-series-preview,2026-09-25 12:40:44,,
v_2c8f1f12c8,/,2026-09-25 12:41:17,,
v_714ecdfa4b,/,2026-09-25 12:49:05,,
v_83a74cf4da,/,2026-09-25 13:05:46,,
v_a072e2bb9d,/subscribe,2026-09-25 13:08:53,,
v_9b503be570,/subscribe,2026-09-25 13:11:53,referral,nathan.scott588@gmail.com
v_beb87fecfe,/,2026-09-25 13:14:31,,
v_85821100c8,/shadrachs-picks,2026-09-25 13:15:36,instagram,
v_3691cf7cd8,/,2026-09-25 13:16:10,,
v_6517cbb9eb,/news/world-series-preview,2026-09-25 13:16:37,,
v_db4fccfdd0,/subscribe,2026-09-25 13:27:45,,
v_a7970cab42,/about,2026-09-25 13:55:09,instagram,
v_acdb7d81c5,/,2026-09-25 14:00:26,,
v_e92338d9e2,/news/world-series-preview,2026-09-25 14:19:55,,
v_e8f7e0b726,/subscribe,2026-09-25 14:26:00,,
v_4f29875ed4,/beliefs,2026-09-25 14:28:08,,
v_f24ef82667,/,2026-09-25 14:36:53,,
v_1bbf3456c3,/subscribe,2026-09-25 14:38:47,,aaron.anderson643@outlook.com
v_acdb7d81c5,/,2026-09-25 14:40:48,,
v_56596eda5f,/subscribe,2026-09-25 14:48:41,,
v_c5bd77bc42,/news/midterm-primaries-recap,2026-09-25 14:53:00,,
v_d7148f2a00,/subscribe,2026-09-25 14:57:29,,
v_f24ef82667,/news/new-space-telescope-images,2026-09-25 15:08:17,,
v_9774df424c,/beliefs,2026-09-25 15:08:31,,
v_b81c21068d,/news/ai-regulation-bill,2026-09-25 15:09:23,,
v_03ccbf44ab,/news/world-series-preview,2026-09-25 15:11:04,referral,
v_9b503be570,/beliefs,2026-09-25 15:12:16,,
v_fba8a60fd6,/subscribe,2026-09-25 15:16:11,,
v_1dd3c72b63,/news/what-is-happening-in-sudan,2026-09-25 15:18:32,,
v_f24ef82667,/news/federal-budget-standoff,2026-09-25 15:24:08,,
v_614b4b2118,/news/federal-budget-standoff,2026-09-25 15:34:52,,
v_5770343f2e,/shadrachs-picks,2026-09-25 15:35:13,,
v_9774df424c,/beliefs,2026-09-25 16:17:17,,
v_53f97c801d,/news/hurricane-season-update,2026-09-25 16:41:46,,
v_385e8982f9,/news/supreme-court-ruling-explained,2026-09-25 16:55:20,,
v_e022811cc4,/news/new-space-telescope-images,2026-09-25 16:56:47,,
v_8837cc3610,/news/world-series-preview,2026-09-25 17:02:48,,
v_f1fd20f107,/beliefs,2026-09-25 17:15:45,,
v_c365b84643,/news/what-is-happening-in-sudan,2026-09-25 17:16:20,google,
v_03ccbf44ab,/subscribe,2026-09-25 17:22:04,,emily.king609@hotmail.com
v_5918d106b2,/news/hurricane-season-update,2026-09-25 17:22:30,referral,
v_5918d106b2,/,2026-09-25 17:33:30,,
v_66db4d1987,/news/new-space-telescope-images,2026-09-25 17:36:34,,
v_c5f988202b,/shadrachs-picks,2026-09-25 18:23:52,referral,
v_3377afbc75,/news/church-attendance-study,2026-09-25 18:24:13,,
v_2f5e616080,/news/ai-regulation-bill,2026-09-25 18:25:16,,
v_90f26ce27f,/subscribe,2026-09-25 18:31:17,,
v_8b04ec2cbe,/news/federal-budget-standoff,2026-09-25 18:38:26,instagram,
v_c5f988202b,/news/ai-regulation-bill,2026-09-25 18:48:52,,
v_b2ecd29adf,/subscribe,2026-09-25 18:54:13,,
v_73122478b4,/subscribe,2026-09-25 18:57:15,,
v_8b04ec2cbe,/news/new-space-telescope-images,2026-09-25 19:02:26,,
v_a321b23647,/our-staff,2026-09-25 19:06:38,,
v_c53d909222,/news/supreme-court-ruling-explained,2026-09-25 19:16:04,,
v_529e3e9088,/news/supreme-court-ruling-explained,2026-09-25 19:22:13,,
v_e92338d9e2,/,2026-09-25 19:44:49,,
v_892982949d,/news/supreme-court-ruling-explained,2026-09-25 19:59:34,,
v_ba6734a5ed,/,2026-09-25 20:02:11,,
v_0aa162b85e,/beliefs,2026-09-25 20:10:37,,
v_1724676c32,/news/midterm-primaries-recap,2026-09-25 20:17:16,,
v_a4e2f87078,/news/supreme-court-ruling-explained,2026-09-25 20:20:00,,
v_534de4c577,/,2026-09-25 20:20:08,,
v_041a4c752f,/news/federal-budget-standoff,2026-09-25 20:24:40,,
v_714ecdfa4b,/subscribe,2026-09-25 20:28:16,,
v_f2db65a97c,/,2026-09-25 20:33:13,,
v_6a61fa690e,/news/world-series-preview,2026-09-25 20:45:57,podcast,
v_3f999882be,/,2026-09-25 20:53:42,,
v_f2db65a97c,/,2026-09-25 20:58:42,,
v_2ea5daef72,/subscribe,2026-09-25 21:01:21,,
v_a36c434996,/,2026-09-25 21:04:17,,
v_7789525b0e,/news/supreme-court-ruling-explained,2026-09-25 21:07:08,facebook,
v_8b04ec2cbe,/subscribe,2026-09-25 21:07:26,,josiah.johnson513@icloud.com
v_a7970cab42,/subscribe,2026-09-25 21:19:09,,ethan.turner482@yahoo.com
v_6a61fa690e,/our-staff,2026-09-25 21:19:57,,
v_26b1d7a111,/subscribe,2026-09-25 21:23:49,,
v_f00b0b3453,/news/church-attendance-study,2026-09-25 21:39:57,,
v_7789525b0e,/subscribe,2026-09-25 21:41:08,,claire.campbell119@gmail.com
v_1d369214f5,/,2026-09-25 21:42:02,,
v_cec9fd90b1,/about,2026-09-25 21:43:38,,
v_7789525b0e,/,2026-09-25 21:44:08,,
v_d1abfc1c46,/,2026-09-25 21:50:23,,
v_ab34ed9837,/news/housing-market-cooldown,2026-09-25 21:52:50,,
v_638405c13b,/,2026-09-25 21:56:05,,
v_6a61fa690e,/,2026-09-25 22:02:57,,
v_385e8982f9,/news/world-series-preview,2026-09-25 22:05:00,,
v_2dafb4d873,/shadrachs-picks,2026-09-25 22:24:08,,
v_52ef8fcf0b,/news/housing-market-cooldown,2026-09-25 22:36:15,,
v_e65c451400,/news/midterm-primaries-recap,2026-09-25 22:36:26,,
v_f8322c7b89,/news/what-is-happening-in-sudan,2026-09-25 22:44:08,,
v_5c3ed4ab63,/shadrachs-picks,2026-09-25 22:49:46,,
v_3e6c62b057,/,2026-09-25 22:52:02,,
v_5918d106b2,/subscribe,2026-09-25 22:52:30,,paul.collins310@gmail.com
v_bae3cbe1ff,/news/federal-budget-standoff,2026-09-25 22:54:21,instagram,
v_d70583d0be,/,2026-09-25 23:00:26,,
v_bae3cbe1ff,/beliefs,2026-09-25 23:13:21,,
v_2ab3873929,/,2026-09-25 23:22:40,,
v_8ba4a7af9e,/subscribe,2026-09-25 23:23:43,,
v_821dda8af8,/news/hurricane-season-update,2026-09-25 23:24:27,,
v_fcdcb2d0fe,/news/what-is-happening-in-sudan,2026-09-25 23:43:04,,
v_5b16198a7b,/,2026-09-25 23:51:56,,
v_cec9fd90b1,/shadrachs-picks,2026-09-25 23:55:20,,
v_b4b5048ce6,/news/world-series-preview,2026-09-26 00:22:31,,
v_8b51ae0473,/,2026-09-26 00:25:48,,
v_ba2dca792b,/beliefs,2026-09-26 00:30:07,,
v_fefafb0868,/news/housing-market-cooldown,2026-09-26 00:31:29,,
v_c9eefe977b,/,2026-09-26 00:38:31,instagram,
v_999280fb01,/,2026-09-26 00:39:17,instagram,
v_714ecdfa4b,/,2026-09-26 00:42:41,,
v_c9eefe977b,/subscribe,2026-09-26 00:48:31,,
v_4a9f4ded7b,/news/world-series-preview,2026-09-26 00:58:29,,
v_1b36799123,/,2026-09-26 00:59:17,,
v_676217f2c0,/news/church-attendance-study,2026-09-26 01:09:13,,
v_999280fb01,/about,2026-09-26 01:14:17,,
v_11edd7d5f7,/,2026-09-26 01:15:31,,
v_eea702de9e,/about,2026-09-26 01:19:10,,
v_3483095e3f,/news/new-space-telescope-images,2026-09-26 01:20:18,,
v_1369ea10ef,/news/ai-regulation-bill,2026-09-26 01:25:02,,
v_a713b48984,/,2026-09-26 01:27:33,,
v_62dbe0645d,/news/federal-budget-standoff,2026-09-26 01:27:37,,
v_914ffede2f,/subscribe,2026-09-26 01:31:55,,
v_111c86a4aa,/subscribe,2026-09-26 01:36:23,,
v_91fa324a7b,/subscribe,2026-09-26 01:40:38,facebook,esther.jones584@outlook.com
v_8ba4a7af9e,/news/supreme-court-ruling-explained,2026-09-26 01:48:12,,
v_1ab247246a,/subscribe,2026-09-26 01:50:27,,
v_c7f0df008a,/news/church-attendance-study,2026-09-26 01:51:11,,
v_4c7acb2090,/news/new-space-telescope-images,2026-09-26 02:11:48,,
v_9634f2b21e,/,2026-09-26 02:21:37,,
v_957f3e61e8,/,2026-09-26 02:30:41,,
v_9774df424c,/subscribe,2026-09-26 02:40:41,,
v_edc835dd9b,/subscribe,2026-09-26 02:42:00,,
v_e022811cc4,/,2026-09-26 02:47:56,,
v_7a1e3cee1e,/news/supreme-court-ruling-explained,2026-09-26 02:48:00,,
v_c5f988202b,/subscribe,2026-09-26 02:49:52,,LYDIA.MILLER45@GMAIL.COM
v_7d5a7b402e,/shadrachs-picks,2026-09-26 03:12:23,,
v_e0990d2f49,/news/new-space-telescope-images,2026-09-26 03:20:27,,
v_7b1d7904ad,/,2026-09-26 03:28:47,,
v_b050ee0649,/subscribe,2026-09-26 03:32:17,,
v_91fa324a7b,/news/housing-market-cooldown,2026-09-26 03:38:28,,
v_9774df424c,/,2026-09-26 03:46:35,,
v_434beb5e71,/shadrachs-picks,2026-09-26 04:09:40,,
v_f3d2d0c564,/subscribe,2026-09-26 04:13:13,,
v_488ffa6b67,/news/new-space-telescope-images,2026-09-26 04:15:34,,
v_8de6c5da94,/,2026-09-26 04:15:45,,
v_6b46948d4a,/,2026-09-26 04:20:21,,
v_ec9881bd9c,/,2026-09-26 04:33:31,,
v_bf856dfd0d,/shadrachs-picks,2026-09-26 04:41:29,google,
v_c3e512b0f9,/news/what-is-happening-in-sudan,2026-09-26 05:03:18,,
v_87c995de1b,/,2026-09-26 05:03:27,,
v_e022811cc4,/shadrachs-picks,2026-09-26 05:06:24,,
v_8b04ec2cbe,/news/housing-market-cooldown,2026-09-26 05:09:26,,
v_5a054c30c1,/news/federal-budget-standoff,2026-09-26 05:52:27,,
v_1d233d65c1,/news/what-is-happening-in-sudan,2026-09-26 05:54:00,,
v_955dcfe0fa,/,2026-09-26 05:54:37,,
v_b92cab244e,/news/hurricane-season-update,2026-09-26 05:58:00,,
v_a6d916370d,/,2026-09-26 05:58:05,,
v_d7ce722f7d,/subscribe,2026-09-26 06:07:39,,
v_0d5083648b,/beliefs,2026-09-26 06:10:58,,
v_9a2a92d4fa,/shadrachs-picks,2026-09-26 06:17:27,,
v_6a61fa690e,/subscribe,2026-09-26 06:30:57,,MARK.LEE434@OUTLOOK.COM
v_7b30386f49,/news/housing-market-cooldown,2026-09-26 06:34:57,,
v_3f69032290,/news/hurricane-season-update,2026-09-26 06:39:55,,
v_790fbd5624,/,2026-09-26 06:44:52,,
v_6ca9418445,/subscribe,2026-09-26 06:44:53,,
v_1072d87352,/,2026-09-26 06:52:47,,
v_3f999882be,/shadrachs-picks,2026-09-26 07:01:32,,
v_f24ef82667,/,2026-09-26 07:15:01,,
v_821cf47dc8,/,2026-09-26 07:16:18,,
v_e89f14a2b8,/,2026-09-26 07:16:19,,
v_8065889a4f,/news/housing-market-cooldown,2026-09-26 07:26:56,,
v_fcdcb2d0fe,/,2026-09-26 07:31:11,,
v_7b1e37d577,/subscribe,2026-09-26 07:35:07,,
v_30be20a962,/,2026-09-26 07:39:36,,
v_a2bd5f0d51,/,2026-09-26 07:39:39,,
v_e6527e2641,/subscribe,2026-09-26 07:41:56,,
v_293ffddab8,/about,2026-09-26 07:42:06,,
v_a1f6122313,/beliefs,2026-09-26 07:48:07,,
v_bae3cbe1ff,/subscribe,2026-09-26 08:25:21,,caleb.anderson530@gmail.com
v_e62043d097,/,2026-09-26 08:35:04,,
v_6517cbb9eb,/subscribe,2026-09-26 08:39:11,,
v_e022811cc4,/about,2026-09-26 08:40:14,,
v_bfa66ebfe6,/subscribe,2026-09-26 08:43:00,,
v_488ffa6b67,/news/housing-market-cooldown,2026-09-26 08:47:59,,
v_24da061904,/,2026-09-26 08:50:22,,
v_999280fb01,/subscribe,2026-09-26 08:51:17,,eli.roberts648@gmail.com
v_11afe03d9a,/,2026-09-26 09:04:45,,
v_89c094d314,/shadrachs-picks,2026-09-26 09:06:16,,
v_478b0f9bca,/our-staff,2026-09-26 09:07:55,,
v_03ccbf44ab,/,2026-09-26 09:12:12,,
v_b9068ddb46,/,2026-09-26 09:21:14,,
v_33dc6e526b,/news/supreme-court-ruling-explained,2026-09-26 09:24:31,,
v_28b4880220,/,2026-09-26 09:27:05,,
v_ed15729fa4,/our-staff,2026-09-26 09:36:17,,
v_ba84e75128,/news/church-attendance-study,2026-09-26 09:41:05,,
v_0e52497f37,/,2026-09-26 09:42:46,,
v_d7148f2a00,/news/midterm-primaries-recap,2026-09-26 09:44:05,,
v_cec9fd90b1,/subscribe,2026-09-26 09:48:58,,
v_23a872f802,/,2026-09-26 09:55:11,,
v_e92c01b348,/,2026-09-26 09:56:17,,
v_c9eefe977b,/subscribe,2026-09-26 10:19:31,,naomi.clark146@gmail.com
v_041a4c752f,/news/supreme-court-ruling-explained,2026-09-26 10:29:44,,
v_814b25819d,/subscribe,2026-09-26 10:30:49,,
v_58e82f5efc,/shadrachs-picks,2026-09-26 10:38:09,instagram,
v_9ac38ac373,/subscribe,2026-09-26 10:54:47,,
v_a072e2bb9d,/subscribe,2026-09-26 11:06:30,,
v_3ae2b1cdd1,/subscribe,2026-09-26 11:08:50,,
v_72e14262cb,/subscribe,2026-09-26 11:09:38,,
v_b15b9a236a,/our-staff,2026-09-26 11:10:51,google,
v_534de4c577,/,2026-09-26 11:13:46,,
v_19199d17f7,/subscribe,2026-09-26 11:14:32,,
v_cff6893180,/subscribe,2026-09-26 11:15:37,,
v_999fe28e59,/news/church-attendance-study,2026-09-26 11:18:54,facebook,
v_9ac38ac373,/,2026-09-26 11:24:53,,
v_999fe28e59,/beliefs,2026-09-26 11:25:54,,
v_1a643f46e9,/news/federal-budget-standoff,2026-09-26 11:26:06,,
v_999280fb01,/news/what-is-happening-in-sudan,2026-09-26 11:33:16,,
v_999fe28e59,/,2026-09-26 11:34:54,,
v_afd127f133,/news/housing-market-cooldown,2026-09-26 11:43:22,,
v_980f78a17b,/,2026-09-26 11:45:31,,
v_56596eda5f,/our-staff,2026-09-26 11:50:45,,
v_c6b0ce6261,/news/ai-regulation-bill,2026-09-26 11:58:26,,
v_e92338d9e2,/news/hurricane-season-update,2026-09-26 11:59:26,,
v_a6d916370d,/subscribe,2026-09-26 12:07:05,,megan.williams236@gmail.com
v_714ecdfa4b,/subscribe,2026-09-26 12:19:04,,
v_335b8c0826,/,2026-09-26 12:19:41,,
v_89c094d314,/news/federal-budget-standoff,2026-09-26 12:23:41,,
v_d1ad6f95d5,/news/world-series-preview,2026-09-26 12:24:38,,
v_7d3ec24549,/subscribe,2026-09-26 12:25:38,,
v_33dc6e526b,/news/midterm-primaries-recap,2026-09-26 12:29:02,,
v_c26d0fea55,/subscribe,2026-09-26 12:39:54,,
v_1d369214f5,/about,2026-09-26 12:50:36,,
v_cb54618d0a,/news/midterm-primaries-recap,2026-09-26 12:58:18,,
v_5362ccce19,/,2026-09-26 12:59:37,,
v_eb537e621c,/news/new-space-telescope-images,2026-09-26 13:12:03,,
v_91ed8a93c3,/,2026-09-26 13:19:26,,
v_2c6ed79df4,/news/hurricane-season-update,2026-09-26 13:28:02,,
v_3f2dec3b12,/,2026-09-26 13:36:35,,
v_5a51aa948e,/,2026-09-26 13:46:31,,
v_33dc6e526b,/shadrachs-picks,2026-09-26 13:47:39,,
v_771edab512,/news/hurricane-season-update,2026-09-26 13:50:13,instagram,
v_7179091f18,/about,2026-09-26 13:50:14,,
v_771edab512,/,2026-09-26 14:03:42,instagram,
v_ce490c21ee,/shadrachs-picks,2026-09-26 14:07:40,,
v_afd127f133,/,2026-09-26 14:08:29,,
v_1369ea10ef,/news/what-is-happening-in-sudan,2026-09-26 14:20:13,,
v_85b4c406d0,/subscribe,2026-09-26 14:24:42,,
v_06daa8098a,/,2026-09-26 14:26:02,,
v_d1e7544df7,/,2026-09-26 14:33:37,,
v_acdb7d81c5,/news/world-series-preview,2026-09-26 14:34:39,,
v_58e82f5efc,/subscribe,2026-09-26 14:47:09,,ruth.bailey575@protonmail.com
v_6127712ba0,/,2026-09-26 14:56:36,,
v_89c094d314,/news/church-attendance-study,2026-09-26 15:24:00,,
v_80adc8ddf5,/news/church-attendance-study,2026-09-26 15:24:28,,
v_9774df424c,/news/midterm-primaries-recap,2026-09-26 15:29:01,,
v_d476f3f16e,/,2026-09-26 15:39:02,,
v_6d8dced44d,/,2026-09-26 15:40:34,,
v_c1c98282d3,/about,2026-09-26 15:43:35,podcast,
v_98fefb99bf,/subscribe,2026-09-26 15:51:18,,
v_89c094d314,/,2026-09-26 15:54:22,,
v_1bc528f149,/,2026-09-26 15:56:17,,
v_ed4b5ea78f,/,2026-09-26 16:08:40,,
v_1ab247246a,/beliefs,2026-09-26 16:12:03,,
v_9d9d97067d,/,2026-09-26 16:22:22,,
v_f5ea4d15f5,/,2026-09-26 16:23:11,,
v_abb20713f2,/about,2026-09-26 16:23:29,,
v_6d8dced44d,/news/what-is-happening-in-sudan,2026-09-26 16:29:47,,
v_c8932de439,/subscribe,2026-09-26 16:30:30,podcast,olivia.morris982@gmail.com
v_3ae87fa5c9,/news/ai-regulation-bill,2026-09-26 16:46:52,,
v_211a9c6c70,/,2026-09-26 16:47:54,,
v_d1e7544df7,/news/new-space-telescope-images,2026-09-26 16:48:45,,
v_cadba35a69,/,2026-09-26 16:50:00,,
v_15d470f568,/,2026-09-26 16:51:32,,
v_91fa324a7b,/news/hurricane-season-update,2026-09-26 16:54:30,,
v_1383fcbf3a,/shadrachs-picks,2026-09-26 16:56:28,,
v_915dfe9a74,/news/church-attendance-study,2026-09-26 17:04:51,,
v_35a203a45a,/news/federal-budget-standoff,2026-09-26 17:06:25,,
v_414cb1374f,/shadrachs-picks,2026-09-26 17:11:28,instagram,
v_f1838564cb,/news/ai-regulation-bill,2026-09-26 17:12:41,instagram,
v_a321b23647,/news/supreme-court-ruling-explained,2026-09-26 17:24:59,,
v_7d3ec24549,/,2026-09-26 17:31:51,,
v_d2948d3d6c,/,2026-09-26 17:32:08,,
v_054eb88e79,/beliefs,2026-09-26 17:34:28,,
v_0cdb883d3c,/news/world-series-preview,2026-09-26 18:00:38,twitter,
v_3867a7cba4,/news/new-space-telescope-images,2026-09-26 18:10:41,,
v_0d35f7999a,/news/new-space-telescope-images,2026-09-26 18:25:32,,
v_d14406beef,/,2026-09-26 18:26:28,,
v_fb071068d1,/news/new-space-telescope-images,2026-09-26 18:38:14,,
v_999fe28e59,/subscribe,2026-09-26 18:44:54,,joshua.thomas791@gmail.com
v_814b25819d,/shadrachs-picks,2026-09-26 18:45:47,,
v_21d068ad64,/,2026-09-26 18:46:25,,
v_2ea5daef72,/,2026-09-26 18:58:11,,
v_91fa324a7b,/,2026-09-26 19:08:44,,
v_9774df424c,/subscribe,2026-09-26 19:11:07,,
v_488ffa6b67,/news/supreme-court-ruling-explained,2026-09-26 19:14:14,,
v_b050ee0649,/,2026-09-26 19:19:15,,
v_8837cc3610,/news/federal-budget-standoff,2026-09-26 19:23:24,,
v_afd127f133,/shadrachs-picks,2026-09-26 19:24:50,,
v_4d2862e24f,/,2026-09-26 19:34:21,,
v_1d369214f5,/subscribe,2026-09-26 19:38:10,,
v_20440cef0f,/subscribe,2026-09-26 19:48:30,,
v_90f26ce27f,/news/federal-budget-standoff,2026-09-26 19:50:18,,
v_d59c1c8d5a,/news/midterm-primaries-recap,2026-09-26 20:08:48,,
v_d680b37cfe,/news/world-series-preview,2026-09-26 20:11:07,referral,
v_a93c9eef94,/subscribe,2026-09-26 20:16:26,,
v_56e3cec66d,/news/supreme-court-ruling-explained,2026-09-26 20:18:32,instagram,
v_75d326d905,/subscribe,2026-09-26 20:20:29,,
v_10c651198d,/news/ai-regulation-bill,2026-09-26 20:30:46,,
v_7f1a7f8b47,/,2026-09-26 20:38:13,,
v_8aa84033f2,/our-staff,2026-09-26 20:52:27,,
v_56e3cec66d,/news/supreme-court-ruling-explained,2026-09-26 20:59:32,,
v_d13f52979b,/shadrachs-picks,2026-09-26 20:59:59,instagram,
v_0cdb883d3c,/subscribe,2026-09-26 21:02:38,,hope.reed322@gmail.com
v_de70bc74b1,/shadrachs-picks,2026-09-26 21:03:29,,
v_becdccb4ff,/news/what-is-happening-in-sudan,2026-09-26 21:06:33,podcast,
v_85d2f41134,/about,2026-09-26 21:08:49,,
v_c2d1e8d453,/news/supreme-court-ruling-explained,2026-09-26 21:13:03,referral,
v_56e3cec66d,/subscribe,2026-09-26 21:20:32,,
v_9ad01b6572,/,2026-09-26 21:21:46,,
v_c2d1e8d453,/news/hurricane-season-update,2026-09-26 21:30:03,,
v_f5ea4d15f5,/,2026-09-26 21:36:46,,
v_c2d1e8d453,/shadrachs-picks,2026-09-26 21:39:03,,
v_becdccb4ff,/news/supreme-court-ruling-explained,2026-09-26 21:43:33,,
v_8a65ec6ab0,/subscribe,2026-09-26 21:45:41,,
v_0ce7ddd8b1,/shadrachs-picks,2026-09-26 21:51:14,,
v_12afaf266a,/about,2026-09-26 21:57:33,google,
v_5f397264dd,/subscribe,2026-09-26 22:00:05,,
v_becdccb4ff,/,2026-09-26 22:06:33,,
v_d13f52979b,/subscribe,2026-09-26 22:08:59,,joshua.morris976@hotmail.com
v_c0551763a4,/news/ai-regulation-bill,2026-09-26 22:21:36,,
v_b4b5048ce6,/news/supreme-court-ruling-explained,2026-09-26 22:22:48,,
v_c0551763a4,/about,2026-09-26 22:23:36,,
v_d8f21ae7e8,/about,2026-09-26 22:28:21,,
v_f973b0b7e9,/,2026-09-26 22:31:17,,
v_1bbf3456c3,/,2026-09-26 22:34:08,,
v_9a2a92d4fa,/,2026-09-26 22:44:58,,
v_becdccb4ff,/subscribe,2026-09-26 22:49:33,,john.anderson830@gmail.com
v_94653eb92f,/,2026-09-26 22:50:59,,
v_1cf26afa62,/,2026-09-26 22:55:37,,
v_27f62031b7,/news/world-series-preview,2026-09-26 23:03:43,,
v_cd9adf1b15,/news/supreme-court-ruling-explained,2026-09-26 23:16:10,,
v_f1838564cb,/subscribe,2026-09-26 23:27:41,,joy.moore751@gmail.com
v_b30e5ef27a,/beliefs,2026-09-26 23:34:12,,
v_8b51ae0473,/subscribe,2026-09-26 23:34:59,,
v_90f26ce27f,/,2026-09-26 23:36:23,,
v_4902166afc,/,2026-09-26 23:39:43,,
v_2ea5daef72,/news/midterm-primaries-recap,2026-09-26 23:40:23,,
v_a67bc80464,/beliefs,2026-09-26 23:43:09,,
v_ff34828d10,/,2026-09-26 23:45:21,,
v_d1abfc1c46,/beliefs,2026-09-27 00:09:01,,
v_32178163b1,/shadrachs-picks,2026-09-27 00:20:29,,
v_c1c98282d3,/subscribe,2026-09-27 00:21:35,,ISAAC.MORRIS804@OUTLOOK.COM
v_7a0815839b,/news/church-attendance-study,2026-09-27 00:28:46,instagram,
v_be23f194af,/subscribe,2026-09-27 00:35:13,,
v_5e82d5b311,/news/midterm-primaries-recap,2026-09-27 00:36:25,,
v_13e71cf593,/news/supreme-court-ruling-explained,2026-09-27 00:40:31,,
v_d56f240fcd,/news/what-is-happening-in-sudan,2026-09-27 00:41:11,facebook,
v_c0d2fd0530,/news/housing-market-cooldown,2026-09-27 00:45:32,,
v_b495b19ec3,/news/supreme-court-ruling-explained,2026-09-27 00:47:25,,
v_9b503be570,/subscribe,2026-09-27 00:50:03,,
v_5362ccce19,/,2026-09-27 00:55:19,,
v_434beb5e71,/shadrachs-picks,2026-09-27 01:01:55,,
v_d56f240fcd,/news/world-series-preview,2026-09-27 01:04:11,,
v_6b46948d4a,/beliefs,2026-09-27 01:09:40,,
v_a79acec8cf,/news/supreme-court-ruling-explained,2026-09-27 01:22:55,facebook,
v_e62043d097,/,2026-09-27 01:24:29,,
v_0fc9e5156d,/news/midterm-primaries-recap,2026-09-27 01:42:59,,
v_be23f194af,/news/what-is-happening-in-sudan,2026-09-27 01:44:37,,
v_c2d1e8d453,/subscribe,2026-09-27 02:14:03,,mark.edwards130@gmail.com
v_f24ef82667,/news/world-series-preview,2026-09-27 02:19:44,,
v_5353afe86f,/shadrachs-picks,2026-09-27 02:23:57,,
v_2b2e7cd3c7,/about,2026-09-27 02:26:24,,
v_cec9fd90b1,/,2026-09-27 02:35:32,,
v_6517cbb9eb,/news/hurricane-season-update,2026-09-27 02:42:53,,
v_5db04da240,/news/ai-regulation-bill,2026-09-27 02:51:39,,
v_33f89fa76d,/news/federal-budget-standoff,2026-09-27 02:53:02,,
v_4a9f4ded7b,/about,2026-09-27 03:03:46,,
v_89c094d314,/,2026-09-27 03:11:18,,
v_955dcfe0fa,/,2026-09-27 03:30:58,,
v_9774df424c,/beliefs,2026-09-27 03:37:09,,
v_e92338d9e2,/,2026-09-27 03:40:30,,
v_1bbf3456c3,/,2026-09-27 03:40:48,,
v_0175ddaf54,/shadrachs-picks,2026-09-27 03:53:13,,
v_c0d2fd0530,/,2026-09-27 04:03:26,,
v_3f751c680d,/news/midterm-primaries-recap,2026-09-27 04:06:44,,
v_a895fd265a,/shadrachs-picks,2026-09-27 04:20:42,,
v_19f846108a,/subscribe,2026-09-27 04:41:43,,
v_534de4c577,/,2026-09-27 04:50:35,,
v_321b52213b,/beliefs,2026-09-27 04:57:07,,
v_56e3cec66d,/subscribe,2026-09-27 04:57:32,,andrew.moore206@protonmail.com
v_d680b37cfe,/subscribe,2026-09-27 04:58:07,,ELLIE.PHILLIPS390@OUTLOOK.COM
v_50e7230b3c,/about,2026-09-27 04:59:34,,
v_b1ef68a00d,/news/church-attendance-study,2026-09-27 05:25:39,,
v_19f846108a,/,2026-09-27 05:29:56,,
v_db4fccfdd0,/,2026-09-27 05:35:40,,
v_214698a10c,/,2026-09-27 05:39:58,,
v_9b1fe99536,/news/midterm-primaries-recap,2026-09-27 05:40:37,,
v_2ea5daef72,/subscribe,2026-09-27 05:43:05,,
v_7859737a18,/shadrachs-picks,2026-09-27 05:49:46,facebook,
v_0e0ec93dd4,/news/church-attendance-study,2026-09-27 05:56:23,,
v_6b9562e2b4,/subscribe,2026-09-27 06:03:13,,
v_becdccb4ff,/news/what-is-happening-in-sudan,2026-09-27 06:08:19,,
v_9774df424c,/shadrachs-picks,2026-09-27 06:13:06,,
v_01bb49fd4a,/,2026-09-27 06:16:04,,
v_462365b86f,/shadrachs-picks,2026-09-27 06:22:54,,
v_38609b17b0,/news/church-attendance-study,2026-09-27 06:28:18,referral,
v_38609b17b0,/news/supreme-court-ruling-explained,2026-09-27 06:39:18,,
v_b96facae6f,/subscribe,2026-09-27 06:41:35,,
v_fa3c24ef6e,/subscribe,2026-09-27 06:47:29,,
v_c0551763a4,/subscribe,2026-09-27 07:01:36,,zoe.jones651@outlook.com
v_c1421ddf8a,/news/church-attendance-study,2026-09-27 07:03:08,,
v_8837cc3610,/,2026-09-27 07:06:50,,
v_1016ff89e1,/news/new-space-telescope-images,2026-09-27 07:11:12,referral,
v_38609b17b0,/,2026-09-27 07:18:18,,
v_602eec3945,/our-staff,2026-09-27 07:28:04,,
v_20440cef0f,/shadrachs-picks,2026-09-27 07:30:59,,
v_eb8bc6f46a,/,2026-09-27 07:31:53,,
v_bbfbc182d0,/beliefs,2026-09-27 07:32:05,,
v_d56f240fcd,/subscribe,2026-09-27 07:35:11,,leah.peterson135@gmail.com
v_1208933cc8,/subscribe,2026-09-27 07:45:32,,
v_c2d1e8d453,/news/church-attendance-study,2026-09-27 07:46:15,,
v_7a0815839b,/subscribe,2026-09-27 07:51:46,,tim.williams620@yahoo.com
v_32b9b8714c,/subscribe,2026-09-27 07:56:27,facebook,
v_c0d2fd0530,/subscribe,2026-09-27 08:02:54,,
v_19f846108a,/,2026-09-27 08:06:51,,
v_9a2a92d4fa,/subscribe,2026-09-27 08:10:21,,
v_7a50693c56,/news/supreme-court-ruling-explained,2026-09-27 08:14:53,,
v_0f33ca0399,/subscribe,2026-09-27 08:17:04,instagram,eli.walker188@protonmail.com
v_0d35f7999a,/subscribe,2026-09-27 08:19:23,,
v_9d32e0df1a,/news/ai-regulation-bill,2026-09-27 08:20:43,referral,
v_529e3e9088,/,2026-09-27 08:27:14,,
v_bb1a2eb374,/news/world-series-preview,2026-09-27 08:27:50,instagram,
v_3f2dec3b12,/subscribe,2026-09-27 08:30:11,,
v_87e7734a2f,/news/federal-budget-standoff,2026-09-27 08:32:02,,
v_7adacab462,/,2026-09-27 08:37:46,,
v_4996f3f47a,/news/church-attendance-study,2026-09-27 08:58:21,,
v_e92338d9e2,/,2026-09-27 09:00:04,,
v_94653eb92f,/subscribe,2026-09-27 09:01:15,,
v_cec9fd90b1,/,2026-09-27 09:04:08,,
v_704068a72a,/subscribe,2026-09-27 09:18:05,,
v_923d667f1f,/beliefs,2026-09-27 09:26:08,,
v_654c54987c,/beliefs,2026-09-27 09:41:01,,
v_f8322c7b89,/about,2026-09-27 09:53:37,,
v_b9205ba2d9,/,2026-09-27 09:53:53,,
v_b0b2083034,/,2026-09-27 09:58:17,,
v_174b8395f2,/,2026-09-27 10:05:00,,
v_696e087740,/news/church-attendance-study,2026-09-27 10:08:06,,
v_696e087740,/news/church-attendance-study,2026-09-27 10:09:16,,
v_1072d87352,/,2026-09-27 10:10:12,,
v_892982949d,/news/hurricane-season-update,2026-09-27 10:20:21,,
v_1028a63830,/news/supreme-court-ruling-explained,2026-09-27 10:22:36,,
v_ad783b32d3,/news/housing-market-cooldown,2026-09-27 10:29:44,google,
v_989f962e69,/news/federal-budget-standoff,2026-09-27 10:38:31,,
v_c26d0fea55,/news/world-series-preview,2026-09-27 10:40:38,,
v_024a4658f4,/news/church-attendance-study,2026-09-27 10:41:19,,
v_a79acec8cf,/subscribe,2026-09-27 10:48:55,,tim.wilson859@icloud.com
v_32be9fd56a,/,2026-09-27 10:54:05,,
v_5362ccce19,/news/federal-budget-standoff,2026-09-27 10:57:51,,
v_62dbe0645d,/subscribe,2026-09-27 10:58:01,,
v_896817bc4e,/,2026-09-27 11:01:43,,
v_9a587f37aa,/about,2026-09-27 11:18:06,google,
v_ce7e3c163c,/news/supreme-court-ruling-explained,2026-09-27 11:35:43,,
v_f5ea4d15f5,/subscribe,2026-09-27 11:43:00,,
v_055d3cf55f,/news/ai-regulation-bill,2026-09-27 11:46:31,,
v_95d83a0f6b,/news/housing-market-cooldown,2026-09-27 11:48:30,,
v_9774df424c,/news/hurricane-season-update,2026-09-27 11:48:58,,
v_fbff09e5e6,/,2026-09-27 11:50:17,,
v_d7148f2a00,/beliefs,2026-09-27 12:06:14,,
v_06daa8098a,/subscribe,2026-09-27 12:26:42,,
v_de8935c547,/news/housing-market-cooldown,2026-09-27 12:30:06,,
v_30fd8ca55b,/subscribe,2026-09-27 12:30:54,,
v_354336b730,/,2026-09-27 12:50:48,,
v_ddb59828db,/,2026-09-27 12:56:21,instagram,
v_43b465dcfc,/news/new-space-telescope-images,2026-09-27 13:05:27,,
v_d322703310,/our-staff,2026-09-27 13:09:30,,
v_30865ec872,/,2026-09-27 13:21:21,,
v_03d8a1f646,/news/midterm-primaries-recap,2026-09-27 13:24:26,,
v_bfa66ebfe6,/shadrachs-picks,2026-09-27 13:28:17,,
v_9774df424c,/news/housing-market-cooldown,2026-09-27 13:30:19,,
v_beb87fecfe,/news/hurricane-season-update,2026-09-27 13:46:02,,
v_0f894e2ac8,/beliefs,2026-09-27 13:46:55,,
v_3572fe13a8,/shadrachs-picks,2026-09-27 13:50:42,,
v_05336cd4db,/,2026-09-27 13:51:41,,
v_06daa8098a,/,2026-09-27 13:54:42,,
v_7fd4ed9090,/subscribe,2026-09-27 13:58:57,facebook,
v_9d32e0df1a,/subscribe,2026-09-27 14:04:43,,emily.roberts533@protonmail.com
v_c2d1e8d453,/shadrachs-picks,2026-09-27 14:09:54,,
v_6b9562e2b4,/,2026-09-27 14:13:27,,
v_644b9840c5,/our-staff,2026-09-27 14:15:51,,
v_e323c9901b,/news/world-series-preview,2026-09-27 14:21:19,,
v_e92338d9e2,/news/federal-budget-standoff,2026-09-27 14:31:27,,
v_3f999882be,/news/world-series-preview,2026-09-27 14:32:53,,
v_054eb88e79,/,2026-09-27 14:37:55,,
v_58c0513c08,/news/hurricane-season-update,2026-09-27 14:44:03,,
v_5a51aa948e,/,2026-09-27 14:56:39,,
v_38609b17b0,/subscribe,2026-09-27 15:03:18,,kate.rogers404@gmail.com
v_19f846108a,/subscribe,2026-09-27 15:04:03,,
v_1768729237,/news/housing-market-cooldown,2026-09-27 15:07:32,,
v_8b6603f885,/subscribe,2026-09-27 15:13:30,,
v_fb071068d1,/about,2026-09-27 15:16:46,,
v_d7148f2a00,/news/midterm-primaries-recap,2026-09-27 15:19:42,,
v_1016ff89e1,/subscribe,2026-09-27 15:20:12,,ethan.hill148@icloud.com
v_eeb5cfdba1,/,2026-09-27 15:24:16,,
v_80adc8ddf5,/,2026-09-27 15:38:03,,
v_1ab016f31c,/about,2026-09-27 15:38:05,instagram,
v_85b4c406d0,/shadrachs-picks,2026-09-27 15:46:20,,
v_d680b37cfe,/news/hurricane-season-update,2026-09-27 16:00:17,,
v_529e3e9088,/,2026-09-27 16:02:56,,
v_58e82f5efc,/subscribe,2026-09-27 16:03:29,,
v_1ab016f31c,/subscribe,2026-09-27 16:16:05,,
v_7adacab462,/news/midterm-primaries-recap,2026-09-27 16:17:29,,
v_cb2e251937,/news/new-space-telescope-images,2026-09-27 16:21:37,,
v_80d279cc6b,/,2026-09-27 16:27:26,,
v_1ab016f31c,/shadrachs-picks,2026-09-27 16:29:05,,
v_529e3e9088,/about,2026-09-27 16:31:16,,
v_fd2f8df98e,/,2026-09-27 16:40:44,,
v_03fbb1db6d,/shadrachs-picks,2026-09-27 17:06:03,,
v_50e7230b3c,/news/church-attendance-study,2026-09-27 17:08:20,,
v_8750310d08,/news/world-series-preview,2026-09-27 17:12:12,,
v_de70bc74b1,/subscribe,2026-09-27 17:14:13,,
v_9774df424c,/news/hurricane-season-update,2026-09-27 17:16:34,,
v_d680b37cfe,/,2026-09-27 17:22:04,,
v_a79acec8cf,/,2026-09-27 17:22:05,,
v_a7970cab42,/news/hurricane-season-update,2026-09-27 17:37:03,,
v_46eccd2728,/,2026-09-27 17:44:00,google,
v_8607e6f423,/,2026-09-27 17:44:59,,
v_deb091fb5c,/subscribe,2026-09-27 17:46:32,instagram,
v_db4fccfdd0,/,2026-09-27 17:47:54,,
v_7a0815839b,/news/ai-regulation-bill,2026-09-27 17:49:53,,
v_aa6fabe6f6,/news/what-is-happening-in-sudan,2026-09-27 17:54:21,,
v_614b4b2118,/,2026-09-27 17:59:09,,
v_c8932de439,/news/supreme-court-ruling-explained,2026-09-27 18:00:48,,
v_f5ea4d15f5,/news/supreme-court-ruling-explained,2026-09-27 18:04:20,,
v_5468edd281,/shadrachs-picks,2026-09-27 18:07:30,,
v_f24ef82667,/,2026-09-27 18:08:52,,
v_eb749530c4,/,2026-09-27 18:20:04,,
v_0f33ca0399,/news/ai-regulation-bill,2026-09-27 18:27:19,,
v_db4fccfdd0,/about,2026-09-27 18:28:41,,
v_6517cbb9eb,/news/supreme-court-ruling-explained,2026-09-27 18:40:09,,
v_f1838564cb,/subscribe,2026-09-27 18:40:52,,
v_89c094d314,/news/what-is-happening-in-sudan,2026-09-27 18:42:27,,
v_03ccbf44ab,/subscribe,2026-09-27 18:45:37,,
v_165317b95b,/,2026-09-27 18:54:59,,
v_a3cf0923bb,/news/housing-market-cooldown,2026-09-27 18:56:40,,
v_8837cc3610,/news/hurricane-season-update,2026-09-27 18:59:45,,
v_3f61b36a07,/,2026-09-27 19:09:55,twitter,
v_f08439d691,/,2026-09-27 19:11:49,,
v_31f4e2d936,/about,2026-09-27 19:14:43,,
v_cec9fd90b1,/shadrachs-picks,2026-09-27 19:23:24,,
v_c2d1e8d453,/our-staff,2026-09-27 19:26:12,,
v_1ab016f31c,/subscribe,2026-09-27 19:30:05,,olivia.cooper148@outlook.com
v_a4e2f87078,/,2026-09-27 19:51:22,,
v_becdccb4ff,/beliefs,2026-09-27 19:59:38,,
v_cbb907433c,/,2026-09-27 20:02:26,,
v_999fe28e59,/news/federal-budget-standoff,2026-09-27 20:03:35,,
v_f3f8f6bd2c,/news/ai-regulation-bill,2026-09-27 20:09:31,,
v_6420bd5e86,/subscribe,2026-09-27 20:14:59,,
v_335b8c0826,/news/what-is-happening-in-sudan,2026-09-27 20:25:44,,
v_d1abfc1c46,/,2026-09-27 20:29:08,,
v_ba4559720e,/,2026-09-27 20:29:58,,
v_9774df424c,/news/supreme-court-ruling-explained,2026-09-27 20:33:14,,
v_696e087740,/news/ai-regulation-bill,2026-09-27 20:33:15,,
v_eb26d15384,/,2026-09-27 20:40:58,,
v_89c094d314,/,2026-09-27 20:48:12,,
v_c9fcb6a5c2,/news/world-series-preview,2026-09-27 20:49:08,,
v_d680b37cfe,/,2026-09-27 20:50:40,,
v_b1e5255be0,/shadrachs-picks,2026-09-27 21:04:55,,
v_d9c07cd04f,/news/supreme-court-ruling-explained,2026-09-27 21:24:14,,
v_9bfbf76f44,/subscribe,2026-09-27 21:24:31,,
v_11be6c0e64,/,2026-09-27 21:25:52,,
v_7d3ec24549,/,2026-09-27 21:30:08,,
v_f5ea4d15f5,/,2026-09-27 21:30:09,,
v_9bfbf76f44,/news/world-series-preview,2026-09-27 21:31:26,,
v_63a91334d0,/news/what-is-happening-in-sudan,2026-09-27 21:39:49,,
v_d680b37cfe,/subscribe,2026-09-27 21:44:09,,
v_0f33ca0399,/subscribe,2026-09-27 21:45:32,,
v_9d32e0df1a,/shadrachs-picks,2026-09-27 21:49:18,,
v_d96a8eb56a,/news/federal-budget-standoff,2026-09-27 21:50:46,,
v_fb071068d1,/our-staff,2026-09-27 21:59:19,,
v_3f2dec3b12,/news/midterm-primaries-recap,2026-09-27 22:02:15,,
v_d96a8eb56a,/subscribe,2026-09-27 22:05:46,,luke.young255@yahoo.com
v_b58a575f06,/news/ai-regulation-bill,2026-09-27 22:06:27,,
v_e1346d0dff,/beliefs,2026-09-27 22:11:12,,
v_ef3f674c01,/about,2026-09-27 22:20:43,instagram,
v_f0059b4a14,/our-staff,2026-09-27 22:24:42,,
v_d96a8eb56a,/news/midterm-primaries-recap,2026-09-27 22:32:46,,
v_1ab016f31c,/,2026-09-27 22:33:40,,
v_569d3a387c,/about,2026-09-27 22:35:26,,
v_d13f52979b,/about,2026-09-27 22:36:58,,
v_d680b37cfe,/news/housing-market-cooldown,2026-09-27 22:48:27,,
v_3f999882be,/our-staff,2026-09-27 22:53:53,,
v_350160998a,/subscribe,2026-09-27 22:54:13,instagram,
v_3f2dec3b12,/about,2026-09-27 22:55:22,,
v_ef3f674c01,/subscribe,2026-09-27 23:00:43,,paul.peterson376@gmail.com
v_322e76c5c6,/news/world-series-preview,2026-09-27 23:07:30,,
v_b1adaa859e,/news/what-is-happening-in-sudan,2026-09-27 23:12:31,,
v_d96a8eb56a,/shadrachs-picks,2026-09-27 23:16:46,,
v_8837cc3610,/news/ai-regulation-bill,2026-09-27 23:28:36,,
v_eb620ab72d,/,2026-09-27 23:32:12,facebook,
v_eb620ab72d,/about,2026-09-27 23:36:12,,
v_8b6603f885,/beliefs,2026-09-27 23:49:10,,
v_91fa324a7b,/subscribe,2026-09-27 23:50:42,,
v_b1adaa859e,/news/housing-market-cooldown,2026-09-27 23:53:45,,
v_2332f2d139,/,2026-09-27 23:57:15,,
v_eb620ab72d,/,2026-09-27 23:58:12,,
v_9fa02fb079,/,2026-09-28 00:07:13,,
v_a8c2b5d042,/news/church-attendance-study,2026-09-28 00:07:25,instagram,
v_d680b37cfe,/news/midterm-primaries-recap,2026-09-28 00:12:25,,
v_ef3f674c01,/subscribe,2026-09-28 00:13:23,,
v_ef3f674c01,/,2026-09-28 00:14:09,,
v_2dafb4d873,/subscribe,2026-09-28 00:16:20,,
v_ef3f674c01,/subscribe,2026-09-28 00:18:07,,
v_9b503be570,/,2026-09-28 00:20:09,,
v_f968377d2b,/subscribe,2026-09-28 00:23:18,,
v_b0f1d25369,/,2026-09-28 00:26:40,,
v_044c72fed2,/news/church-attendance-study,2026-09-28 00:29:43,instagram,
v_c1c98282d3,/,2026-09-28 00:31:30,,
v_0354a57dfe,/news/midterm-primaries-recap,2026-09-28 00:33:38,,
v_38458fc902,/news/federal-budget-standoff,2026-09-28 00:33:44,,
v_de57efea85,/subscribe,2026-09-28 00:36:13,,
v_3bb92d759a,/subscribe,2026-09-28 00:42:04,,
v_7a0815839b,/,2026-09-28 00:45:46,,
v_ef3f674c01,/,2026-09-28 00:46:40,,
v_d680b37cfe,/news/world-series-preview,2026-09-28 00:50:39,,
v_35d9138665,/,2026-09-28 00:57:01,,
v_1016ff89e1,/news/housing-market-cooldown,2026-09-28 00:59:36,,
v_21d068ad64,/beliefs,2026-09-28 01:01:33,,
v_704068a72a,/news/hurricane-season-update,2026-09-28 01:05:49,,
v_97214a1314,/,2026-09-28 01:06:21,,
v_614b4b2118,/,2026-09-28 01:12:52,,
v_7c8ecc63e1,/subscribe,2026-09-28 01:13:00,,
v_0354a57dfe,/news/federal-budget-standoff,2026-09-28 01:18:45,,
v_110d9b3917,/news/what-is-happening-in-sudan,2026-09-28 01:19:49,referral,
v_85d2f41134,/subscribe,2026-09-28 01:20:37,,
v_80adc8ddf5,/news/hurricane-season-update,2026-09-28 01:26:59,,
v_9bc6b2ff5e,/shadrachs-picks,2026-09-28 01:28:01,,
v_1383fcbf3a,/news/world-series-preview,2026-09-28 01:35:22,,
v_ffa9be61ba,/news/federal-budget-standoff,2026-09-28 01:35:55,referral,
v_473051667f,/,2026-09-28 01:36:17,,
v_ef3f674c01,/,2026-09-28 01:37:01,,
v_ffa9be61ba,/news/supreme-court-ruling-explained,2026-09-28 01:38:55,,
v_ffa9be61ba,/subscribe,2026-09-28 01:46:55,,
v_ef3f674c01,/news/hurricane-season-update,2026-09-28 01:52:04,,
v_ffa9be61ba,/subscribe,2026-09-28 01:52:55,,isaac.collins132@gmail.com
v_9774df424c,/,2026-09-28 01:57:42,,
v_fefafb0868,/subscribe,2026-09-28 02:01:34,,
v_ca961e670e,/,2026-09-28 02:01:34,,
v_638405c13b,/news/world-series-preview,2026-09-28 02:03:07,,
v_ef3f674c01,/about,2026-09-28 02:06:13,,
v_6d8dced44d,/shadrachs-picks,2026-09-28 02:11:37,,
v_3867a7cba4,/subscribe,2026-09-28 02:25:43,,
v_d1abfc1c46,/,2026-09-28 02:29:35,,
v_cec9fd90b1,/,2026-09-28 02:39:39,,
v_4a925757f4,/,2026-09-28 02:52:00,,
v_d1e7544df7,/news/federal-budget-standoff,2026-09-28 02:56:46,,
v_f973b0b7e9,/about,2026-09-28 02:57:30,,
v_89c094d314,/,2026-09-28 03:03:29,,
v_a1f6122313,/,2026-09-28 03:04:15,,
v_9774df424c,/,2026-09-28 03:08:07,,
v_bc2968c643,/beliefs,2026-09-28 03:13:06,,
v_87e7734a2f,/shadrachs-picks,2026-09-28 03:20:21,,
v_3f61b36a07,/subscribe,2026-09-28 03:23:55,,john.peterson79@gmail.com
v_eeb5cfdba1,/subscribe,2026-09-28 03:32:14,,
v_6156ac54e6,/,2026-09-28 03:47:40,,
v_c8af0c18a8,/subscribe,2026-09-28 03:48:45,,
v_f1838564cb,/news/church-attendance-study,2026-09-28 03:52:56,,
v_054eb88e79,/,2026-09-28 04:00:27,,
v_fb071068d1,/subscribe,2026-09-28 04:01:12,,
v_3371670765,/subscribe,2026-09-28 04:02:16,,
v_988df0e4f4,/subscribe,2026-09-28 04:05:19,,
v_c2d1e8d453,/subscribe,2026-09-28 04:06:49,,
v_cbb907433c,/subscribe,2026-09-28 04:07:26,,eli.reed274@gmail.com
v_cd738bed80,/subscribe,2026-09-28 04:08:09,,
v_9d32e0df1a,/,2026-09-28 04:12:19,,
v_87e7734a2f,/about,2026-09-28 04:25:58,,
v_821cf47dc8,/subscribe,2026-09-28 04:28:12,,
v_f8a5a12575,/news/ai-regulation-bill,2026-09-28 04:30:13,,
v_22609c74f5,/news/church-attendance-study,2026-09-28 04:43:12,,
v_095ace483f,/beliefs,2026-09-28 04:45:28,,
v_7b80bb9613,/,2026-09-28 04:52:51,,
v_df3f101f71,/news/supreme-court-ruling-explained,2026-09-28 04:57:57,,
v_7179091f18,/subscribe,2026-09-28 05:00:25,,
v_6517cbb9eb,/news/federal-budget-standoff,2026-09-28 05:04:54,,
v_da325bbd97,/,2026-09-28 05:07:47,,
v_ffa5c69a8b,/news/what-is-happening-in-sudan,2026-09-28 05:13:43,instagram,
v_9774df424c,/beliefs,2026-09-28 05:20:09,,
v_c8932de439,/news/church-attendance-study,2026-09-28 05:22:02,,
v_743ac9ba07,/,2026-09-28 05:33:06,,
v_de70bc74b1,/beliefs,2026-09-28 05:39:18,,
v_110d9b3917,/subscribe,2026-09-28 05:41:49,,luke.young638@gmail.com
v_3f61b36a07,/,2026-09-28 05:48:33,,
v_24cc5e9381,/news/new-space-telescope-images,2026-09-28 06:05:32,referral,
v_24cc5e9381,/,2026-09-28 06:06:32,,
v_9a2d648f44,/beliefs,2026-09-28 06:10:11,,
v_eb620ab72d,/subscribe,2026-09-28 06:11:12,,OLIVIA.EVANS620@GMAIL.COM
v_24cc5e9381,/about,2026-09-28 06:13:32,,
v_d680b37cfe,/,2026-09-28 06:19:42,,
v_ba2dca792b,/,2026-09-28 06:41:15,,
v_9d32e0df1a,/shadrachs-picks,2026-09-28 06:56:48,,
v_53f97c801d,/,2026-09-28 07:05:55,,
v_4a9f4ded7b,/about,2026-09-28 07:09:21,,
v_1c037423b6,/news/housing-market-cooldown,2026-09-28 07:10:05,,
v_8bb76219ff,/,2026-09-28 07:17:28,,
v_e92c01b348,/news/world-series-preview,2026-09-28 07:35:20,,
v_75e92f9636,/shadrachs-picks,2026-09-28 07:36:56,,
v_fb071068d1,/our-staff,2026-09-28 07:44:08,,
v_91fa324a7b,/,2026-09-28 07:59:59,,
v_dd0c4a511b,/subscribe,2026-09-28 08:09:20,instagram,david.miller22@gmail.com
v_9d32e0df1a,/news/midterm-primaries-recap,2026-09-28 08:11:58,,
v_d7ce722f7d,/beliefs,2026-09-28 08:16:33,,
v_0f33ca0399,/subscribe,2026-09-28 08:16:48,,
v_01bb49fd4a,/,2026-09-28 08:17:05,,
v_ef3f674c01,/,2026-09-28 08:23:13,,
v_4e8b72fceb,/,2026-09-28 08:24:36,google,
v_ef3f674c01,/subscribe,2026-09-28 08:29:21,,
v_bfa66ebfe6,/news/supreme-court-ruling-explained,2026-09-28 08:33:53,,
v_ef3f674c01,/news/supreme-court-ruling-explained,2026-09-28 08:35:21,,
v_b2ccce2e65,/news/ai-regulation-bill,2026-09-28 08:41:13,facebook,
v_53779a4977,/about,2026-09-28 08:44:30,google,
v_0cdb883d3c,/about,2026-09-28 08:44:55,,
v_3816854f61,/news/midterm-primaries-recap,2026-09-28 08:52:45,,
v_d680b37cfe,/,2026-09-28 09:08:19,,
v_a8c2b5d042,/subscribe,2026-09-28 09:08:25,,GRACE.JOHNSON633@ICLOUD.COM
v_b050ee0649,/about,2026-09-28 09:10:04,,
v_f00b0b3453,/about,2026-09-28 09:13:07,,
v_ef3f674c01,/news/midterm-primaries-recap,2026-09-28 09:13:42,,
v_b2ccce2e65,/news/church-attendance-study,2026-09-28 09:14:13,,
v_e92338d9e2,/shadrachs-picks,2026-09-28 09:15:12,,
v_962439b8eb,/,2026-09-28 09:15:33,,
v_cec9fd90b1,/,2026-09-28 09:15:55,,
v_50e7230b3c,/shadrachs-picks,2026-09-28 09:15:59,,
v_d680b37cfe,/beliefs,2026-09-28 09:22:15,,
v_a8c2b5d042,/,2026-09-28 09:22:28,,
v_9d32e0df1a,/about,2026-09-28 09:26:57,,
v_cbb907433c,/,2026-09-28 09:29:24,,
v_abb20713f2,/news/church-attendance-study,2026-09-28 09:29:27,,
v_c7d3511b05,/news/church-attendance-study,2026-09-28 09:29:41,facebook,
v_d680b37cfe,/beliefs,2026-09-28 09:35:19,,
v_ef3f674c01,/subscribe,2026-09-28 09:43:53,,
v_f8322c7b89,/,2026-09-28 09:46:18,,
v_3ae2b1cdd1,/,2026-09-28 09:47:47,,
v_daee8a79ae,/subscribe,2026-09-28 09:51:39,,
v_044c72fed2,/subscribe,2026-09-28 09:51:43,,kate.mitchell981@gmail.com
v_6d8dced44d,/news/new-space-telescope-images,2026-09-28 09:58:27,,
v_6538503b71,/shadrachs-picks,2026-09-28 10:06:47,,
v_47a1c2ee79,/news/midterm-primaries-recap,2026-09-28 10:09:20,google,
v_7d5a7b402e,/,2026-09-28 10:10:39,,
v_3ae2b1cdd1,/,2026-09-28 10:26:14,,
v_55d654285a,/,2026-09-28 10:28:20,,
v_bd54fc4849,/,2026-09-28 10:29:32,,
v_13949404f6,/news/supreme-court-ruling-explained,2026-09-28 10:30:06,instagram,
v_3bf56a261e,/,2026-09-28 10:30:59,,
v_19199d17f7,/news/new-space-telescope-images,2026-09-28 10:38:40,,
v_ef3f674c01,/subscribe,2026-09-28 10:41:33,,
v_13949404f6,/subscribe,2026-09-28 10:42:06,,esther.phillips337@gmail.com
v_ef3f674c01,/subscribe,2026-09-28 10:43:46,,
v_24cc5e9381,/subscribe,2026-09-28 10:44:32,,luke.walker190@outlook.com
v_eb620ab72d,/news/midterm-primaries-recap,2026-09-28 10:50:13,,
v_ef3f674c01,/shadrachs-picks,2026-09-28 10:54:16,,
v_eb620ab72d,/shadrachs-picks,2026-09-28 10:56:25,,
v_eb620ab72d,/news/federal-budget-standoff,2026-09-28 10:59:31,,
v_13949404f6,/,2026-09-28 11:09:06,,
v_5a51aa948e,/,2026-09-28 11:09:12,,
v_d12bb38997,/about,2026-09-28 11:10:19,,
v_a8c2b5d042,/,2026-09-28 11:15:02,,
v_473051667f,/about,2026-09-28 11:15:14,,
v_c0551763a4,/,2026-09-28 11:25:19,,
v_a8c2b5d042,/subscribe,2026-09-28 11:27:29,,
v_fefafb0868,/our-staff,2026-09-28 11:35:12,,
v_13949404f6,/about,2026-09-28 11:41:06,,
v_a751e8e247,/news/church-attendance-study,2026-09-28 11:42:30,,
v_03ccbf44ab,/shadrachs-picks,2026-09-28 11:44:41,,
v_3f2dec3b12,/news/what-is-happening-in-sudan,2026-09-28 11:45:47,,
v_c7f0df008a,/,2026-09-28 12:00:53,,
v_d7148f2a00,/news/midterm-primaries-recap,2026-09-28 12:10:46,,
v_2dafb4d873,/news/church-attendance-study,2026-09-28 12:15:37,,
v_03ccbf44ab,/,2026-09-28 12:20:44,,
v_50e7230b3c,/,2026-09-28 12:23:56,,
v_9774df424c,/about,2026-09-28 12:25:58,,
v_f968377d2b,/subscribe,2026-09-28 12:30:36,,
v_de70bc74b1,/shadrachs-picks,2026-09-28 12:33:51,,
v_f5ea4d15f5,/news/supreme-court-ruling-explained,2026-09-28 12:41:15,,
v_c0d2fd0530,/news/ai-regulation-bill,2026-09-28 12:42:36,,
v_704068a72a,/our-staff,2026-09-28 12:44:09,,
v_4f810ae062,/,2026-09-28 13:01:09,facebook,
v_a36c434996,/subscribe,2026-09-28 13:02:17,,
v_38458fc902,/about,2026-09-28 13:03:16,,
v_8837cc3610,/news/church-attendance-study,2026-09-28 13:04:13,,
v_a79acec8cf,/,2026-09-28 13:06:10,,
v_a8c4c643cb,/news/what-is-happening-in-sudan,2026-09-28 13:09:01,,
v_4f810ae062,/shadrachs-picks,2026-09-28 13:10:09,,
v_3d132cf075,/subscribe,2026-09-28 13:16:15,,
v_ef3f674c01,/,2026-09-28 13:20:27,,
v_704068a72a,/,2026-09-28 13:22:00,,
v_31f4e2d936,/subscribe,2026-09-28 13:34:30,,
v_eb8bc6f46a,/,2026-09-28 13:36:18,,
v_13949404f6,/news/housing-market-cooldown,2026-09-28 13:38:31,,
v_c2d1e8d453,/news/world-series-preview,2026-09-28 13:40:57,,
v_4f810ae062,/news/new-space-telescope-images,2026-09-28 13:41:09,,
v_fb071068d1,/,2026-09-28 13:41:37,,
v_cbb907433c,/,2026-09-28 13:45:14,,
v_a36c434996,/shadrachs-picks,2026-09-28 13:50:01,,
v_1ee6e8b535,/news/new-space-telescope-images,2026-09-28 13:51:57,,
v_38609b17b0,/news/federal-budget-standoff,2026-09-28 13:53:02,,
v_d96a8eb56a,/news/what-is-happening-in-sudan,2026-09-28 13:56:34,,
v_c9e136fd6d,/subscribe,2026-09-28 13:58:21,,
v_041a4c752f,/shadrachs-picks,2026-09-28 14:01:05,,
v_4f810ae062,/subscribe,2026-09-28 14:02:09,,tim.jones655@outlook.com
v_53779a4977,/subscribe,2026-09-28 14:02:30,,KATE.NELSON995@GMAIL.COM
v_03de644b09,/,2026-09-28 14:03:18,,
v_f24ef82667,/shadrachs-picks,2026-09-28 14:04:59,,
v_ef3f674c01,/news/federal-budget-standoff,2026-09-28 14:06:00,,
v_6b9562e2b4,/shadrachs-picks,2026-09-28 14:07:36,,
v_ea215b83ed,/subscribe,2026-09-28 14:10:12,,
v_be004b6a7d,/,2026-09-28 14:12:21,,
v_e7a11519e7,/beliefs,2026-09-28 14:13:37,,
v_ef3f674c01,/subscribe,2026-09-28 14:17:50,,
v_5c22d9827a,/news/federal-budget-standoff,2026-09-28 14:20:54,instagram,
v_d96a8eb56a,/,2026-09-28 14:21:14,,
v_614b4b2118,/news/supreme-court-ruling-explained,2026-09-28 14:24:37,,
v_d680b37cfe,/,2026-09-28 14:25:32,,
v_e276877ebd,/,2026-09-28 14:29:57,,
v_fcdcb2d0fe,/,2026-09-28 14:31:42,,
v_cbb907433c,/,2026-09-28 14:34:00,,
v_b050ee0649,/subscribe,2026-09-28 14:35:53,,
v_8db98d64ba,/,2026-09-28 14:38:23,,
v_75e92f9636,/subscribe,2026-09-28 14:38:57,,
v_dd0c4a511b,/news/ai-regulation-bill,2026-09-28 14:39:01,,
v_9d32e0df1a,/beliefs,2026-09-28 14:40:23,,
v_4387a1a248,/shadrachs-picks,2026-09-28 14:46:26,referral,
v_9d32e0df1a,/our-staff,2026-09-28 14:49:51,,
v_a8c2b5d042,/news/housing-market-cooldown,2026-09-28 15:08:20,,
v_f3d2d0c564,/,2026-09-28 15:15:53,,
v_ef3f674c01,/,2026-09-28 15:17:46,,
v_157e163062,/news/hurricane-season-update,2026-09-28 15:22:29,,
v_c7d3511b05,/subscribe,2026-09-28 15:34:41,,eli.carter608@outlook.com
v_cec9fd90b1,/shadrachs-picks,2026-09-28 15:37:35,,
v_58c0513c08,/,2026-09-28 15:39:33,,
v_6517cbb9eb,/news/federal-budget-standoff,2026-09-28 15:40:01,,
v_4387a1a248,/subscribe,2026-09-28 15:51:26,,lydia.bailey675@gmail.com
v_4f810ae062,/subscribe,2026-09-28 15:55:58,,
v_1724676c32,/subscribe,2026-09-28 15:57:11,,
v_0f33ca0399,/news/world-series-preview,2026-09-28 16:01:03,,
v_5d376e1a48,/subscribe,2026-09-28 16:01:42,,
v_696e087740,/news/supreme-court-ruling-explained,2026-09-28 16:02:04,,
v_696e087740,/about,2026-09-28 16:07:11,,
v_1dd3c72b63,/,2026-09-28 16:23:42,,
v_7d5a7b402e,/,2026-09-28 16:31:14,,
v_e92338d9e2,/news/what-is-happening-in-sudan,2026-09-28 16:39:22,,
v_a8c2b5d042,/about,2026-09-28 16:39:41,,
v_d7ce722f7d,/news/supreme-court-ruling-explained,2026-09-28 16:43:49,,
v_cbb907433c,/beliefs,2026-09-28 16:52:37,,
v_cbb907433c,/news/church-attendance-study,2026-09-28 16:53:38,,
v_350160998a,/,2026-09-28 16:58:55,facebook,
v_ef3f674c01,/news/ai-regulation-bill,2026-09-28 17:09:31,,
v_928eceae31,/,2026-09-28 17:09:48,,
v_d680b37cfe,/shadrachs-picks,2026-09-28 17:11:53,,
v_d680b37cfe,/shadrachs-picks,2026-09-28 17:24:37,,
v_2b22fc177d,/our-staff,2026-09-28 17:26:35,,
v_db4fccfdd0,/,2026-09-28 17:34:15,,
v_9a2a92d4fa,/news/what-is-happening-in-sudan,2026-09-28 17:35:40,,
v_c0d2fd0530,/news/midterm-primaries-recap,2026-09-28 17:36:44,,
v_7789525b0e,/news/midterm-primaries-recap,2026-09-28 17:39:13,,
v_03fbb1db6d,/news/new-space-telescope-images,2026-09-28 17:42:27,,
v_4c7b473c34,/news/housing-market-cooldown,2026-09-28 17:43:53,,
v_b2ccce2e65,/subscribe,2026-09-28 17:48:13,,ben.martin922@gmail.com
v_a751e8e247,/,2026-09-28 17:54:10,,
v_980f78a17b,/news/ai-regulation-bill,2026-09-28 17:57:35,,
v_230105759d,/news/ai-regulation-bill,2026-09-28 17:57:52,instagram,
v_5abc156a0e,/news/housing-market-cooldown,2026-09-28 18:01:18,,
v_d96a8eb56a,/news/new-space-telescope-images,2026-09-28 18:03:00,,
v_e706297778,/about,2026-09-28 18:04:04,referral,
v_72e14262cb,/beliefs,2026-09-28 18:19:51,,
v_602eec3945,/,2026-09-28 18:22:13,,
v_2ea5daef72,/beliefs,2026-09-28 18:30:08,,
v_a8c2b5d042,/news/midterm-primaries-recap,2026-09-28 18:30:46,,
v_8cb178e334,/subscribe,2026-09-28 18:34:00,,
v_ef3f674c01,/,2026-09-28 18:34:03,,
v_11726d5e57,/,2026-09-28 18:34:11,,
v_38db2e18d2,/news/supreme-court-ruling-explained,2026-09-28 18:35:15,,
v_e706297778,/,2026-09-28 18:37:04,,
v_999fe28e59,/news/world-series-preview,2026-09-28 18:37:06,,
v_ef3f674c01,/our-staff,2026-09-28 18:37:22,,
v_230105759d,/news/church-attendance-study,2026-09-28 18:39:52,,
v_50e7230b3c,/news/supreme-court-ruling-explained,2026-09-28 18:44:23,,
v_e706297778,/,2026-09-28 18:53:04,,
v_a8c2b5d042,/subscribe,2026-09-28 18:58:17,,
v_4387a1a248,/subscribe,2026-09-28 19:08:27,,
v_e706297778,/subscribe,2026-09-28 19:11:04,,andrew.turner706@gmail.com
v_230105759d,/,2026-09-28 19:18:52,,
v_e706297778,/beliefs,2026-09-28 19:24:45,,
v_a7970cab42,/news/federal-budget-standoff,2026-09-28 19:28:36,,
v_d96a8eb56a,/,2026-09-28 19:30:51,,
v_041a4c752f,/news/federal-budget-standoff,2026-09-28 19:30:56,,
v_ef3f674c01,/,2026-09-28 19:32:44,,
v_e706297778,/news/supreme-court-ruling-explained,2026-09-28 19:36:50,,
v_ef3f674c01,/,2026-09-28 19:42:20,,
v_e706297778,/subscribe,2026-09-28 19:46:58,,
v_e706297778,/news/federal-budget-standoff,2026-09-28 19:47:21,,
v_3d0dd07659,/,2026-09-28 19:50:51,,
v_e706297778,/,2026-09-28 19:54:20,,
v_c7d3511b05,/,2026-09-28 19:54:44,,
v_743ac9ba07,/news/hurricane-season-update,2026-09-28 19:55:45,,
v_e706297778,/news/what-is-happening-in-sudan,2026-09-28 19:55:51,,
v_90f26ce27f,/news/ai-regulation-bill,2026-09-28 20:04:15,,
v_9774df424c,/,2026-09-28 20:04:38,,
v_a7970cab42,/news/housing-market-cooldown,2026-09-28 20:06:37,,
v_e706297778,/,2026-09-28 20:09:53,,
v_e706297778,/news/church-attendance-study,2026-09-28 20:09:55,,
v_4387a1a248,/news/midterm-primaries-recap,2026-09-28 20:10:27,,
v_e706297778,/,2026-09-28 20:15:47,,
v_e706297778,/subscribe,2026-09-28 20:21:25,,
v_e706297778,/news/supreme-court-ruling-explained,2026-09-28 20:22:05,,
v_d1e7544df7,/our-staff,2026-09-28 20:25:47,,
v_434beb5e71,/news/housing-market-cooldown,2026-09-28 20:29:14,,
v_df2611bd0f,/shadrachs-picks,2026-09-28 20:29:42,,
v_2ea5daef72,/shadrachs-picks,2026-09-28 20:29:54,,
v_b495b19ec3,/news/hurricane-season-update,2026-09-28 20:32:11,,
v_6517cbb9eb,/,2026-09-28 20:32:43,,
v_fb071068d1,/subscribe,2026-09-28 20:43:34,,
v_e706297778,/,2026-09-28 20:52:31,,
v_ef3f674c01,/subscribe,2026-09-28 20:54:32,,
v_110d9b3917,/,2026-09-28 20:55:49,,
v_58e82f5efc,/news/ai-regulation-bill,2026-09-28 20:57:09,,
v_4354256820,/news/new-space-telescope-images,2026-09-28 20:58:05,,
v_4387a1a248,/news/federal-budget-standoff,2026-09-28 20:59:28,,
v_e706297778,/news/supreme-court-ruling-explained,2026-09-28 21:02:28,,
v_8c90fbd524,/news/what-is-happening-in-sudan,2026-09-28 21:02:53,,
v_790fbd5624,/,2026-09-28 21:04:25,,
v_896817bc4e,/,2026-09-28 21:05:30,,
v_e706297778,/subscribe,2026-09-28 21:06:25,,
v_53779a4977,/,2026-09-28 21:09:32,,
v_c8af0c18a8,/beliefs,2026-09-28 21:13:41,,
v_7d3ec24549,/subscribe,2026-09-28 21:15:59,,
v_a8c2b5d042,/news/housing-market-cooldown,2026-09-28 21:16:04,,
v_9774df424c,/,2026-09-28 21:18:33,,
v_09a2598f9a,/news/federal-budget-standoff,2026-09-28 21:19:58,,
v_b495b19ec3,/news/midterm-primaries-recap,2026-09-28 21:21:07,,
v_a8c2b5d042,/shadrachs-picks,2026-09-28 21:23:04,,
v_c7d3511b05,/shadrachs-picks,2026-09-28 21:25:15,,
v_53bd62cf06,/,2026-09-28 21:34:06,,
v_e706297778,/news/what-is-happening-in-sudan,2026-09-28 21:34:08,,
v_a8c2b5d042,/,2026-09-28 21:38:30,,
v_e706297778,/news/federal-budget-standoff,2026-09-28 21:38:34,,
v_53779a4977,/news/housing-market-cooldown,2026-09-28 21:38:58,,
v_eb537e621c,/subscribe,2026-09-28 21:46:31,,
v_230105759d,/subscribe,2026-09-28 21:48:52,,nathan.johnson600@gmail.com
v_ef3f674c01,/about,2026-09-28 21:55:06,,
v_e706297778,/news/what-is-happening-in-sudan,2026-09-28 21:56:20,,
v_c0551763a4,/news/church-attendance-study,2026-09-28 21:57:29,,
v_4f810ae062,/,2026-09-28 22:00:52,,
v_e022811cc4,/,2026-09-28 22:03:00,,
v_928eceae31,/,2026-09-28 22:04:08,,
v_ef3f674c01,/,2026-09-28 22:09:44,,
v_e706297778,/subscribe,2026-09-28 22:12:35,,
v_230105759d,/about,2026-09-28 22:17:15,,
v_e706297778,/,2026-09-28 22:18:57,,
v_a8c2b5d042,/news/federal-budget-standoff,2026-09-28 22:19:54,,
v_7e2a904369,/news/midterm-primaries-recap,2026-09-28 22:24:34,,
v_4a9f4ded7b,/,2026-09-28 22:25:36,,
v_e706297778,/,2026-09-28 22:26:25,,
v_e706297778,/,2026-09-28 22:32:22,,
v_e706297778,/news/church-attendance-study,2026-09-28 22:38:00,,
v_e706297778,/subscribe,2026-09-28 22:38:12,,
v_5353afe86f,/news/midterm-primaries-recap,2026-09-28 22:41:10,facebook,
v_c7d3511b05,/news/church-attendance-study,2026-09-28 22:42:40,,
v_8607e6f423,/subscribe,2026-09-28 22:46:12,,
v_a8c2b5d042,/news/new-space-telescope-images,2026-09-28 22:50:40,,
v_4538079655,/shadrachs-picks,2026-09-28 22:50:49,instagram,
v_679eeb0c84,/,2026-09-28 22:51:50,,
v_230105759d,/news/midterm-primaries-recap,2026-09-28 22:55:31,,
v_9d32e0df1a,/subscribe,2026-09-28 22:57:47,,
v_e706297778,/subscribe,2026-09-28 22:58:24,,
v_e706297778,/news/ai-regulation-bill,2026-09-28 22:58:25,,
v_c7d3511b05,/,2026-09-28 23:09:17,,
v_a7970cab42,/news/what-is-happening-in-sudan,2026-09-28 23:13:28,,
v_ef3f674c01,/beliefs,2026-09-28 23:15:34,,
v_5a860e96cf,/news/midterm-primaries-recap,2026-09-28 23:18:35,,
v_1ab247246a,/news/supreme-court-ruling-explained,2026-09-28 23:20:07,,
v_abb20713f2,/,2026-09-28 23:20:55,,
v_06daa8098a,/,2026-09-28 23:21:01,,
v_4f810ae062,/,2026-09-28 23:26:35,,
v_d2948d3d6c,/,2026-09-28 23:27:54,,
v_a8c2b5d042,/,2026-09-28 23:28:04,,
v_c8a34bb260,/,2026-09-28 23:28:33,,
v_e706297778,/news/federal-budget-standoff,2026-09-28 23:29:55,,
v_13a4b15d30,/news/new-space-telescope-images,2026-09-28 23:44:59,,
v_ef3f674c01,/news/church-attendance-study,2026-09-28 23:45:13,,
v_a8f5803604,/news/church-attendance-study,2026-09-28 23:51:15,,
v_1bbf3456c3,/news/supreme-court-ruling-explained,2026-09-28 23:52:04,,
v_e706297778,/shadrachs-picks,2026-09-28 23:55:29,,
v_95d117e728,/news/what-is-happening-in-sudan,2026-09-28 23:56:39,,
